Tenure,MonthlyCharges,TotalCharges,charges_per_tenure,tenure_years,num_services,Gender,SeniorCitizen,Partner,Dependents,PhoneService,MultipleLines,InternetService,OnlineSecurity,OnlineBackup,DeviceProtection,TechSupport,StreamingTV,StreamingMovies,Contract,PaperlessBilling,PaymentMethod,prediction,label
11.501145599256004,51.35902053149749,819.4275433686726,69.69277105417491,0.4389104694838609,1.0115380467494175,0,0,1,1,1,0,2,1,0,1,1,0,2,2,0,1,0.3919337699337697,1
95.98267647562689,59.3453589304709,8580.068900541486,52.81255191954464,7.038918131093855,1.5352565470809307,0,1,1,0,1,0,2,1,0,2,0,2,1,2,1,1,0.3278508138456452,0
79.84936969765394,150.52995991191264,8756.486463134546,105.44147365759768,5.739626689470439,2.302959864719341,1,0,0,0,1,0,2,1,2,0,2,0,2,1,1,2,0.3708676920879353,0
32.84218277144681,81.99949028114983,1127.948143240049,59.09346712531029,1.6451793141464643,1.2463020849576565,0,1,0,0,1,1,1,0,1,1,0,0,2,1,1,3,0.1949025075895729,0
3.0407981675738824,72.03709719211233,106.8840151527326,49.78847664308754,0.3682812138011298,3.7011953615752877,0,0,1,0,1,0,0,1,2,2,1,1,2,2,1,0,0.5309543345141171,0
101.378489413286,83.57603014307011,4636.13276047796,25.731505434118148,3.663286018570475,5.799619671092016,0,1,1,1,1,2,2,1,2,2,2,1,2,2,0,0,0.0843253968253967,0
17.065371350104968,115.31585625582466,6644.663764810138,83.43540979687532,2.6331859620619413,0.0,1,1,0,0,1,0,2,2,0,1,0,0,1,1,1,0,0.0741294677544677,0
94.21223894003373,60.13572120669314,3124.716617355371,88.27311341203179,2.9527740645997227,1.2047768575959448,0,0,1,0,1,1,2,0,1,0,0,0,1,2,0,2,0.084110429693763,0
9.495383201517189,124.19089622505379,666.1792381274926,90.52646911958715,0.9273026924870116,3.3385765644206002,1,0,1,0,1,0,1,0,2,2,0,1,0,2,0,1,0.231984585971372,1
67.30653603887254,137.3699736750827,6654.648815954323,60.97709267307831,5.531293682598239,2.399737439722423,0,0,0,0,1,0,2,2,1,0,1,1,2,2,1,1,0.310762176927458,0
9.163666946198115,148.28984492071748,1201.9369830998098,109.54013400794842,1.1402833207040861,2.5531073117567056,1,0,0,0,1,2,2,1,0,0,0,0,0,2,1,2,0.4116277287527286,0
16.884546893981344,124.79290642855632,1623.573908312095,115.40472130614232,1.2362580868073425,6.2851073221090275,1,1,0,0,1,0,1,0,1,2,2,0,2,2,1,2,0.2570115334012391,0
21.881148660733437,100.56984544613832,1619.7185554419295,89.35076161773843,2.1959303819397777,0.6155153121753292,1,1,0,0,1,0,1,1,2,0,0,0,1,2,1,1,0.1357097695332989,0
50.4409446211955,35.42416515326115,1816.4751069097156,32.21695355602218,5.2936777334826175,3.515076031040644,0,1,1,0,1,1,1,1,2,1,1,0,2,0,0,0,0.0792752213673266,0
17.09278448274225,48.048314273023394,361.3545250773253,35.603819319289386,1.8361022378438459,0.0,0,1,0,0,1,1,2,1,0,1,0,0,0,1,1,2,0.2956416022249354,0
57.46662841442711,56.92772519497331,3134.869933373515,40.54806667721693,6.6973859614623725,0.6472820051273798,1,0,1,0,1,0,0,0,1,1,2,1,2,0,0,1,0.4580459149265332,1
114.81122448873154,24.33151410870036,1992.8987880213192,25.257416645191004,4.182957152511249,4.536113029585962,0,0,1,0,1,0,0,2,1,1,1,2,2,2,0,2,0.3625976247789972,0
17.56552593973455,71.8611229549136,1524.4173718183547,72.47029889399606,0.7451109140031111,3.5428850023235503,1,1,0,1,1,1,1,0,1,2,1,2,2,0,1,1,0.5608211776301845,0
49.304448239163996,51.76405605315347,4347.980403434311,129.8035558425204,3.1667726971197707,2.161144858835901,1,0,1,0,1,0,1,0,2,1,2,1,1,0,0,3,0.6842450763448217,1
50.776069670984384,66.83415846878503,3361.556549531558,27.461675389350106,2.053366220890183,1.307990516308681,0,0,1,0,1,0,0,2,0,1,0,1,2,0,1,2,0.4809282434221252,1
22.384594888012437,24.102809144705894,760.0597831965171,41.33940914442385,3.9196665468101397,3.0361001818426976,1,1,0,1,1,2,0,0,2,2,1,0,0,0,1,3,0.5263474292258628,1
39.08879308154129,83.57091486788994,9156.645954909902,41.189276889275895,4.650688763486526,0.8585252751264563,0,0,1,0,0,1,2,0,0,2,0,0,1,2,1,0,0.4435143134769959,0
6.810285150765822,158.19766604591564,569.3055586502719,46.57676134149767,0.4241083360405723,1.0970015977239143,1,0,0,1,0,0,1,0,1,2,0,0,0,2,1,2,0.3414433205683204,0
10.412799419734181,110.95507799289513,2425.6332632504286,54.83961774274213,1.9225401026741886,3.090137313090678,1,0,1,0,1,2,2,0,1,2,1,1,1,0,0,2,0.7132191232089494,1
10.627592028679569,76.44432623624428,1957.8234747604874,42.66601783516962,2.1534141672127323,1.2247114784689512,0,1,1,0,1,1,2,2,1,1,2,1,1,2,0,3,0.1827724381093946,1
40.71466337302578,160.61489407788514,3576.6570477441037,142.31154762357627,2.746435628787648,3.595695559701099,1,0,0,0,1,2,0,0,2,2,1,2,0,1,1,0,0.4599837252626209,1
26.864522450929716,23.472745875990526,914.1559593111659,47.496955612950266,0.957818262275552,4.263418060488217,1,0,1,0,1,0,0,1,2,0,0,2,0,1,0,0,0.261627470581301,1
55.522249129762635,73.82287124273452,3061.768596725054,105.90278057531107,3.9542303377509094,0.0,1,1,0,0,1,2,0,2,1,1,1,0,1,0,0,3,0.1898783670033669,0
8.085500537724489,37.21776275326931,283.0590164113694,57.60527489005496,0.31363535245175383,0.0,1,0,1,0,1,2,2,0,1,0,2,0,0,2,0,3,0.6904417983240873,0
65.08423525884267,80.86123217672437,6416.867158700636,39.84570388440187,7.600723945324006,2.5986915751825275,0,0,0,0,1,0,1,2,1,2,2,1,2,1,1,0,0.0677576633892423,0
69.73736857305435,180.1985513099376,4068.9913400231053,128.34957925815888,4.0616472806449595,2.411689366149675,0,1,1,0,1,2,0,1,2,2,1,1,0,2,1,2,0.163802133052133,0
11.152286502924753,54.19943286015469,1150.8054083339466,149.46895154729185,0.942340171670265,3.170851305277546,0,1,0,0,1,1,1,1,0,1,1,2,0,1,1,0,0.288571203650151,0
16.98026605669129,152.267790957283,5341.22049020126,58.60984162700804,3.561470340903921,6.279118614654729,1,0,0,1,1,0,1,2,2,1,0,2,2,2,0,1,0.3946666854339714,0
41.638249803636604,124.40329504225949,9072.977896257975,120.4421321179758,8.188835988424453,1.280931650802816,0,1,1,1,1,1,1,2,1,1,0,0,1,2,1,1,0.3260233816798964,0
4.921754180232828,54.145096522232585,357.9086459181355,17.99989208730306,0.2855622196905323,2.419101227530169,0,1,0,1,1,1,0,1,1,2,1,0,2,0,1,2,0.4287313459960516,1
0.6407280687843943,36.83258485512698,19.809370881321346,17.76863184096206,0.08138100258279374,1.1073458883294007,0,1,0,1,1,1,1,0,1,2,1,0,0,0,0,2,0.5539003363194539,0
42.17217863613241,108.16525557214088,3359.9003790565384,113.5365974374992,3.740395887955907,1.3697903414735606,0,0,1,0,0,2,1,1,1,0,1,1,1,1,0,0,0.1331268492044354,0
14.965800347112172,68.48473736761416,3219.9712222663866,123.49472666871388,1.6481404210228876,0.9073931597952168,1,0,0,0,1,2,1,0,1,2,1,0,1,0,1,1,0.1745729056346703,0
37.69354644557656,31.12256770433909,767.9093539647873,42.775492610034824,1.6783159928935536,1.1541593131372847,1,0,1,1,1,0,2,1,0,2,1,1,0,2,1,3,0.5124383150197654,1
3.512119783642367,48.57882437135439,397.0230639468641,30.224641424249924,0.7500518885346563,1.07304313341194,1,0,0,0,1,1,1,1,0,0,2,2,1,0,1,2,0.4502250759216702,0
19.470217467866647,50.42225437351092,2436.9608725556827,65.68095335828644,3.436413156961561,4.02764998194986,0,1,0,0,1,1,0,2,2,1,2,0,1,2,0,0,0.1513330875265223,0
75.7327264084037,76.38455059889077,6692.612388052076,69.66209598763098,3.0593302363303496,0.4384931295203959,1,0,0,1,1,2,1,0,0,0,1,1,1,0,0,0,0.1343112138406256,0
30.352469155263233,176.99183259617547,3750.206579574306,104.42822505472998,3.76031661554126,1.0342576594703152,1,0,1,0,1,0,0,2,2,0,2,2,1,0,1,2,0.6985238941914638,1
62.3295330081179,60.32511768305927,3762.875467024782,34.99944918439215,1.536216999749576,0.7374560171193614,1,0,1,0,1,0,0,2,1,2,0,1,0,2,1,1,0.1342354115159197,0
36.197478610261975,13.202750548587856,674.6616784413181,15.985123196850152,3.2611212817212984,1.9289095961777734,1,0,1,0,1,2,0,2,1,1,2,2,2,0,1,0,0.2247666962666962,0
79.98775848372217,49.33009628146929,2466.3577766363005,28.749495291023738,2.2257001142147956,2.435602727380478,1,1,1,0,1,1,1,2,0,1,1,0,2,2,1,2,0.1501382399277136,0
5.6077419868322025,41.64561331892324,1201.8261798099734,26.780398451358256,0.8353206596548137,1.0802067099509391,0,0,1,0,1,2,1,0,1,0,1,2,2,1,0,0,0.6051742651188228,1
54.5673744538929,125.82378297693744,6198.612768803226,73.8142184529297,3.8796123806564546,0.5108545463785831,1,0,1,0,1,2,0,0,0,0,0,0,1,0,1,3,0.1599461267332644,1
64.59690774786688,86.89087247934324,6289.321622727905,90.50370548892394,4.916995100672871,1.0357600083296326,0,1,0,0,1,1,2,1,0,2,2,0,0,1,0,2,0.4333257931353849,1
92.51886413001324,115.39997037240644,8603.108955461114,43.720675149388654,8.156842633049685,0.9592770093306426,1,0,1,0,1,2,2,1,0,1,0,1,2,2,0,3,0.2854099573105471,0
29.17309047859462,46.499640999126754,972.3273192640702,78.7997817327998,2.3995577896699003,4.058975001151447,0,1,1,0,1,2,0,2,0,0,1,0,2,0,0,1,0.3716503728445444,0
51.41976050983817,73.00905446139357,4997.491415541558,111.42847058083585,1.616471565619791,1.5911784213636602,0,0,1,0,1,1,1,1,2,2,2,1,0,2,0,2,0.1893623571417688,0
20.257384745027988,10.100548245014064,1104.0199824995477,12.241176439477911,1.90778862035363,0.7628553324890095,1,0,1,1,1,2,1,1,1,0,2,2,1,1,1,1,0.446469938231703,1
49.314015195973845,27.21690097379625,2140.1951810590413,76.56892777833345,6.170819870036164,3.3500054415146523,0,1,1,1,1,2,1,2,2,2,2,0,1,0,1,1,0.0408849206349206,0
7.088792539588633,89.09577874722628,1128.4628332719124,96.85585087092196,0.4156538809559399,0.0,0,0,0,1,0,1,2,1,1,1,1,1,0,1,0,3,0.3319505157152216,1
37.1353391926107,48.47193306567624,1568.0513334267878,47.81932151434719,2.509067270665309,2.2190889268018266,1,0,1,0,1,1,1,2,2,2,2,1,2,0,1,0,0.4659255874795014,1
77.25792057664188,145.33936945183993,3590.387986434958,83.2639774465531,2.9606867905506316,1.3422383961968316,1,1,0,0,1,2,2,1,2,0,0,2,0,1,0,1,0.17142973468858,0
23.094055958230122,69.29703469060881,1529.917367340258,90.47659897655787,3.539958835721162,1.6839591234331666,0,1,0,0,1,1,2,0,2,0,0,0,2,2,1,2,0.5628828842676473,0
3.1489949225869323,125.62301152871426,78.48916571016119,30.035853769640262,0.15559209653650252,2.670056598447438,0,1,0,1,1,1,1,1,1,2,2,0,1,2,0,2,0.6079294688608414,0
46.53558132773476,53.08216053562671,1539.7910225507558,25.70136254455952,2.02201839895932,4.560336467491899,1,0,0,0,1,0,0,2,2,2,1,2,1,0,1,2,0.3909897248352497,0
32.655957633278824,37.618175508294094,1259.3393188104817,45.93473786586273,2.8762617973623428,0.0,0,0,1,0,1,2,2,0,0,0,1,1,1,1,0,1,0.0987724867724867,0
55.94860305340793,123.83971194080739,7903.8180199602475,53.41543940195444,3.41275624562953,0.8717327045718717,0,0,1,0,1,2,1,1,0,0,2,2,1,2,0,1,0.1841646044587221,0
19.387844681205536,67.84532116722562,1366.9461003098927,145.1726409699737,1.4178198406259797,2.300795843015454,1,0,1,0,1,0,2,0,0,2,0,2,1,0,1,2,0.5486090959330105,0
2.3237824920081698,15.051941001459682,112.03590030139053,25.7928314783332,0.5317297478949401,1.5698274351775772,1,1,0,0,1,0,2,1,2,0,2,0,2,1,1,2,0.6732288600772431,0
9.28376160625825,119.52315352325043,1036.418066936529,77.58607993111738,1.0324514062728758,3.890852660377873,1,0,1,0,1,2,1,0,1,0,1,2,2,1,1,3,0.674335784257805,0
43.31103551431197,94.70990377816152,7566.203394745402,161.35505943883774,5.469820771195867,2.4334576154466667,1,1,0,1,1,2,2,1,2,0,0,2,0,2,1,1,0.4898161255955374,1
31.787926478092007,17.457139194362913,449.52663368337335,26.239371022030724,4.793944018218517,3.8901308863436226,0,1,1,0,1,2,2,1,2,0,1,2,0,2,0,1,0.6414689855637996,0
7.224628778053328,24.990097936954907,423.9323874163253,31.27446736213841,1.17456852189758,0.8713203304975952,1,0,1,1,1,1,1,2,0,0,0,1,0,1,0,3,0.74342227209445,0
24.982298580137368,60.26371007751111,913.4504652542653,49.200219583284365,1.2579034128977624,0.0,0,1,0,0,1,0,2,0,1,1,2,0,1,2,1,0,0.623734549785003,0
11.186082362059954,103.48927352315522,1187.4731382301609,103.23171499410195,2.012704524497803,1.5302830794114177,0,0,1,1,1,1,1,0,1,1,1,2,0,0,1,1,0.3521039562289563,0
72.36709170801251,41.98486798117956,4417.937131680571,78.71495160841384,7.7484219701667145,0.4580195233806831,0,0,0,0,1,0,2,0,0,0,2,2,0,2,0,3,0.2907449641002272,0
44.86974176871818,47.636118353730524,2497.1099678621335,24.594208593138177,6.21159063601718,0.4255980792393387,0,0,1,0,1,0,2,1,0,2,0,1,0,1,0,1,0.1412663512011337,0
70.99572913759086,32.04476550460116,2162.148889797451,36.09850917355394,3.4229235230127304,0.42024516875571594,0,1,0,1,0,1,2,1,0,1,0,1,1,0,1,2,0.3557151641606652,0
46.59164975423964,64.41410746948564,1424.176607878766,63.14218196484037,2.8703337044539516,1.380317925513478,0,0,0,1,1,2,0,0,1,0,0,1,1,1,0,3,0.0462332852332852,0
26.223132011588444,90.3968628891219,4482.890111257333,52.17946887495197,1.6084112930632977,1.021349499735107,0,0,1,0,1,2,2,2,0,1,1,0,2,0,0,2,0.554724159136654,0
48.079032291681756,57.82798749459547,2118.2444167448753,83.19647898870535,1.9485371162813532,1.2338652736250713,1,1,1,0,1,0,0,1,0,0,0,0,2,0,1,2,0.2232065505300799,0
110.44352198692623,57.33564974216972,1930.5817334712794,40.34630634534289,7.993821820803343,0.0,1,0,0,0,1,0,2,1,1,1,2,1,1,0,0,1,0.0756716464363523,0
75.71970743759071,99.01382548760965,2939.879216634347,56.42476343023283,4.193465653242999,0.0,1,1,1,0,1,2,1,2,1,0,1,0,1,2,0,3,0.3757471190968656,1
10.836629774311328,83.81750108460875,416.82719233477394,26.967280619824503,1.189835464115242,2.071716431567846,0,0,1,0,1,0,1,1,1,0,1,0,2,2,0,3,0.3913862005631873,0
19.53476611344582,110.61836859180717,4157.210305361179,71.06683108236649,3.4116860212661373,0.0,0,0,0,1,1,2,1,2,1,1,2,0,0,2,1,0,0.5544080342150942,1
32.80972208602394,31.19677603680806,1505.9874999506285,52.09271637530624,4.67711871315374,1.0689124453022991,0,1,0,0,0,1,2,0,2,2,2,1,1,1,0,3,0.3633801731517445,1
22.702302325401437,114.07401541632954,1384.1362937355298,129.05712690901768,1.7087517069275606,0.8932893517205661,0,0,0,0,1,0,1,0,2,0,2,0,0,2,0,3,0.4212721573917225,1
52.07679747483511,34.547681939785356,1546.0234051331865,72.00959241557877,4.072730710829243,0.634136229291825,1,1,1,0,1,0,2,2,1,2,1,1,0,0,1,3,0.2423140111498297,0
16.033237951606043,13.307263775233537,847.4418629805081,17.736947116265043,2.601468921213358,3.0231592871930664,0,1,0,0,1,2,2,0,0,0,1,2,1,1,0,0,0.2135042642542642,0
73.04341365178819,51.770615132801524,5752.5918784461865,112.61436813581,4.115466089966259,3.9473033333987066,0,0,0,1,1,1,2,1,1,0,0,2,1,0,0,1,0.1151201510114553,0
84.23179533122234,20.032034805771072,936.7614359264066,21.069883517206787,4.9382674219154765,1.4829858286053965,0,1,1,0,1,1,2,2,0,1,1,2,2,1,1,2,0.098734679264091,0
13.003597552422834,101.12256635212756,1138.0001446851757,54.13833268096003,1.3180145262268659,1.0136962169461818,1,0,0,0,1,1,0,2,1,0,2,1,2,0,0,2,0.7236710328337946,0
18.73399887382989,61.70311690608587,1325.392779949717,25.843472278148,0.8898492218408408,1.926713369417563,0,1,1,0,1,0,1,0,0,1,1,1,2,0,0,2,0.292091195812558,0
17.862926771771118,93.68468649744257,893.8962834036921,94.8355029239008,2.621024055663947,3.376135671870775,0,1,0,0,1,1,1,2,2,2,0,2,0,2,0,1,0.3259436074561932,0
25.433321043073914,76.7799969907141,3324.9903059898925,49.49820680079533,4.7883254275893075,4.608921544684335,0,1,1,1,1,1,0,0,2,0,2,2,1,2,1,0,0.133967591232297,0
30.305474594005116,24.851027776927538,1629.2857560051273,38.98695891698057,7.913359909898875,0.7307770623765424,0,1,1,1,1,0,1,2,1,0,1,2,1,0,0,2,0.0777174122174121,0
4.354387709193375,79.10871991657305,365.76462494854763,29.325906496417417,0.2402492161899496,2.2741618595937645,0,0,1,1,1,2,2,2,0,1,1,0,0,2,0,1,0.5788508657283167,0
4.806381300884577,51.88376190320217,135.6479826705167,57.0582563808218,0.39165832435626274,2.010512657858845,1,0,0,1,1,2,0,1,2,1,0,2,1,2,1,3,0.498316734191734,0
61.315409865275974,54.54148674676694,3787.083690731399,45.50712571901318,4.267476506048497,4.636378243750239,1,0,0,1,1,1,0,0,2,2,2,0,1,2,1,1,0.3173615490094003,1
40.11639455854978,82.42152510631911,4537.0293112606905,81.60565029263576,4.04226887321388,1.323488730567665,1,1,1,0,0,0,0,2,2,2,0,0,0,1,0,0,0.4418842791098296,0
72.88903461425116,153.02022026857887,9491.043761478215,136.34668933307836,3.1083407161551957,1.1774224680698984,0,0,1,0,1,2,2,2,1,2,2,0,1,2,1,2,0.1783782580508587,0
12.47685110390126,39.87617565449711,3390.6163070452085,48.696760243062904,3.2840749762728545,1.5269284304292292,0,0,0,0,0,1,0,1,2,1,1,0,0,0,0,3,0.4288692415599536,0
32.1716484289733,54.8844149690855,3100.402755932795,77.76225334425709,4.614709289503577,1.0524408664391853,1,1,1,0,1,2,2,1,1,1,0,1,0,2,1,1,0.5148124770836878,0
6.982725652174944,90.94200529136383,706.5278879444172,126.24098706510024,1.3344823692113679,4.654926688110297,1,0,0,0,1,0,0,1,1,2,0,1,2,2,0,2,0.3209052762052763,0
21.35135038319444,55.76394857460951,1643.3105968453185,26.73547227956375,4.626620769692838,2.5265689246035077,1,0,1,0,1,2,2,1,0,0,0,2,2,1,1,0,0.1410984848484847,0
95.19525083108732,65.47735762695984,2845.053890877145,51.86615787528743,3.812350695838813,1.3130421240189323,0,1,1,0,1,1,2,2,0,2,2,1,2,1,1,0,0.4295346859439983,0
85.63052707532765,33.93393725741366,2984.185687399448,15.916616786576135,8.588722975487158,3.161356044011944,1,0,1,0,1,2,1,0,1,2,1,1,0,0,0,3,0.4664221070823067,0
44.7793504877015,42.52621355111639,4892.396457534669,45.99230207625554,6.402315877486503,4.190907437636101,1,0,1,0,1,1,1,0,2,1,0,2,0,2,1,0,0.0548834159667493,0
66.85172841701747,51.147466668813436,4557.336303039697,76.99373860228086,6.524450157642984,4.38274783309889,0,1,1,1,1,0,0,1,2,2,1,1,1,2,0,1,0.4769697893592308,0
70.92118146360872,83.08968470241894,4369.597200889326,98.8892368914105,6.35124826035939,3.0690352342482754,0,0,1,0,1,0,2,2,2,2,0,0,1,0,0,1,0.1170867373367373,0
32.52211201580926,79.8026698838012,5696.034127748978,123.31197876977778,4.237610236319253,3.305108742042049,1,1,1,0,1,2,2,2,2,0,2,0,1,0,1,2,0.4324293196850049,0
53.200760579887564,44.20597192158154,808.5366367764581,45.80282835661744,4.928528688626399,0.0,0,1,1,1,1,1,0,2,1,1,0,1,0,0,0,3,0.108889632297527,0
34.17179494420866,111.05661936964763,2678.3487795805427,83.49109971623281,2.2579196557003294,2.745473329031941,1,0,0,0,1,2,1,1,1,0,0,2,2,0,1,3,0.4679020721470197,0
51.2427850105493,90.56551454540329,5549.432524829857,58.7394844210701,2.4376901833842393,3.897187812756788,0,0,0,1,1,1,1,0,2,2,2,1,1,2,1,2,0.3369129171132866,1
72.62719104945836,49.259029606325605,7245.737981233477,107.28537047638275,3.256125638856715,2.627223031871292,1,0,0,0,1,1,0,0,2,1,2,2,0,1,1,3,0.1699932946310655,0
39.54890579802681,31.692760996638285,1646.4882958587436,51.251948600683534,3.483370816447857,1.8066427053536191,1,1,1,0,1,2,2,1,0,0,1,2,2,0,1,3,0.6010269899084048,0
71.56872848585569,146.26324336183347,4539.032765145637,148.49458676819182,2.4717148515187155,0.8669913108802528,1,1,0,0,1,2,0,1,0,2,2,0,0,0,1,0,0.1551791575870523,0
16.85696727707318,143.72188661360468,1644.906848621664,116.91800616898033,2.9571320293858796,1.047460183956177,0,0,1,0,1,2,1,2,0,1,1,1,2,0,0,2,0.4748362400444905,0
36.48247849845394,61.42015114850872,1186.1099794985803,52.860153825586025,1.1842494069325555,1.559799789474962,1,0,1,1,1,0,0,0,2,2,0,0,2,0,0,3,0.1340331836779205,0
14.217512364248151,72.77238893979444,1381.711948191666,46.572325320147264,3.8098160035766266,1.0915059993341185,1,1,0,1,1,0,2,2,0,0,0,0,2,0,1,0,0.3950297466694524,0
84.73224528062481,32.393027589811666,1279.3212807694993,55.39777629958614,8.378758004356968,1.0112584334611716,1,1,0,1,1,0,0,2,2,0,0,0,0,2,0,2,0.0694135124135124,0
21.962115142091108,39.966380599216485,517.7968091752725,24.241391527403053,1.522510290930222,0.7857085074943446,1,0,1,0,1,2,1,0,2,0,0,0,0,1,1,3,0.3013319550819551,0
6.205285480362077,112.46187031336524,1197.2283868881846,63.59700977436703,0.40944468072279494,1.847341649225237,1,1,1,0,1,1,0,0,2,0,1,0,2,1,0,2,0.6519314528560076,1
15.345634478628977,69.02367852545198,931.0698442525647,117.31532265286637,1.819607565522055,1.2865092765758168,0,0,1,0,1,0,0,0,1,1,2,1,1,2,0,1,0.2728127298627299,0
2.7566150671881093,68.87030565559542,213.39894709226522,46.10623774965507,0.1618363257693844,3.4019315648151647,0,1,1,0,1,0,2,1,0,2,0,2,2,1,0,0,0.7211962552217801,1
4.171254276215327,39.49589553150567,1488.1905180721703,128.5764107801317,1.1991155972986078,1.3837950506996082,1,0,1,0,1,2,2,1,2,0,1,0,1,0,0,2,0.8356813004853915,1
35.778784460626014,22.361315371124718,1688.6494437692998,25.56856143888908,1.4950756520232185,2.3717184881642255,0,1,0,0,1,0,2,0,2,2,0,0,0,0,0,0,0.1884587062848528,0
81.09770338305846,56.10366218880864,3658.074118251705,20.41666283161843,3.6839932875089607,4.577494216069011,0,0,1,1,1,0,0,2,2,1,0,1,2,0,0,3,0.3136036789052854,0
14.218460191413104,102.98384874273349,1528.2299395129457,85.57818764629191,1.7535638499736608,0.7158282396101143,1,1,0,1,1,1,2,0,1,1,1,0,2,1,0,2,0.4896694144122746,0
71.17708106103305,40.52938889177406,1600.1039228183763,34.34875347700501,6.555153266972886,0.9942144555250527,1,1,0,0,1,0,2,1,1,1,0,0,0,0,0,3,0.439774898002022,0
18.80782901862404,55.27154693808855,3452.4630567040363,95.70618148785707,3.4788642823357376,3.7417534525339518,1,1,0,0,1,2,1,2,1,2,0,2,2,0,0,3,0.2088342953342953,0
2.55290151036483,67.70823814158157,370.05577389239465,93.13633049788818,0.34158790292208835,1.0999703893414945,1,1,0,0,0,2,1,0,1,0,1,1,2,0,1,3,0.6269274554135232,0
11.700532769245907,98.83638512101615,947.4223408707836,57.73217673446786,1.4107832095185715,0.0,0,0,1,0,1,1,1,1,0,0,1,0,0,1,0,1,0.732452478158638,1
27.07263825554534,117.0652787829254,3673.6887902724206,135.10112462045237,5.571260525879908,3.0041909186639417,1,1,1,0,1,1,2,0,2,2,0,1,1,1,1,2,0.3349017421207486,0
26.088759261919172,14.89935123453237,668.7442917348552,15.803500456066953,3.1784705431069256,0.0,0,0,1,0,0,2,0,2,0,0,1,1,0,1,1,3,0.5076302801126729,1
81.50069030572782,98.1186917641506,2691.0472926087737,77.09501013515028,2.22993479610301,0.0,1,1,0,0,1,0,2,0,0,1,0,0,1,0,0,2,0.4154179781738975,0
59.83995936233398,54.63431179651094,2122.024832298145,24.588177244166754,2.6849204109463223,4.059875158197691,1,1,0,1,1,1,0,0,2,1,1,0,2,1,0,2,0.3182702092299697,1
58.18188102516056,57.85891465698235,4333.986186940474,57.73956262465652,2.4189628072178992,0.0,1,1,0,1,1,2,0,0,1,1,0,1,1,0,1,1,0.1003263125763125,0
17.41990905049302,82.13554956836498,2118.30273297203,76.7873705473794,1.0672707294198802,1.3303839530323516,0,1,0,0,1,1,2,1,0,1,1,0,0,0,1,0,0.5347804555542774,0
12.339579110792215,35.25763406082731,260.39536220723085,57.53399348772574,0.2884393560856893,2.1845586424736894,1,1,0,0,1,1,1,1,1,2,2,0,1,2,0,0,0.5314605817399933,0
48.535440281979874,33.442968372687226,1549.4907488973422,14.565507556681586,3.7342886736795786,0.7121311594225528,1,0,1,0,1,0,1,0,0,1,0,1,0,2,1,3,0.0872544432977869,0
9.458842206340243,101.10544251494252,297.7610700870481,121.21297450684409,0.5699884076625749,3.908679619021674,1,0,0,0,1,1,1,0,2,1,1,2,1,2,0,0,0.7125439303941484,1
2.0372544058550504,85.14264567133918,199.98709242847406,69.91363146442922,0.23889585993943446,0.5369794411430246,1,1,1,0,1,0,1,2,1,1,1,0,0,1,1,0,0.7130064486909927,0
15.380990322472032,49.79769628037907,865.1210528029617,22.634465334150104,1.113016302303366,0.4427789975867159,0,0,0,0,1,2,2,0,2,0,0,0,0,1,1,0,0.6843729880388746,1
36.89621571148002,17.553067192185406,911.993399405621,25.7182761736088,1.2354639885984262,2.178358299978549,0,1,1,0,1,2,2,0,2,2,2,1,1,2,0,0,0.3122676628926629,0
33.574343448309236,29.639089394790407,968.3517148861803,57.828387204061016,3.229878637134323,2.0114565341864727,0,1,1,0,1,2,2,0,2,0,0,2,0,2,0,2,0.6609628322787173,0
43.87133746493548,39.1396280569459,4692.376494311197,117.07620321271543,5.001059387473949,2.313868749385086,1,0,0,0,1,2,2,2,1,2,2,0,1,1,0,2,0.0509077349853212,0
20.06354690127722,22.578700350798645,306.8795255610433,47.286024357554815,2.8836956408548757,1.5542878433171792,1,0,0,0,1,0,2,2,2,1,1,0,1,1,1,1,0.5572287721201475,0
62.51449354598327,20.621618948162606,569.7569196908603,20.76023800709739,1.5345415396503106,3.2836192360345127,0,0,0,0,1,1,2,1,1,0,0,0,2,0,1,3,0.407556245745664,0
23.24335987709492,34.97955583831577,1013.5602838306104,39.42316934780506,2.4028103549191124,6.3066873929884615,0,0,1,0,1,1,2,1,2,2,2,2,2,0,0,2,0.2915060677626466,0
64.81439413029291,85.66231736951146,3628.8823507872153,54.87163407736096,4.144621039620136,1.598213014022313,1,1,0,1,1,2,0,1,1,2,0,1,1,1,0,0,0.5173678290472669,0
31.842255888051433,29.51115487410699,2086.3535961811444,32.388190528487804,5.726217497222207,2.5302336899180053,0,1,1,1,1,2,2,0,1,0,0,2,0,1,1,0,0.3206283325191452,0
37.55584560553722,111.08369521670822,3543.496369171929,88.2031783991304,2.136909346118866,0.7625842792500206,1,0,1,0,1,1,1,1,0,0,2,0,2,2,1,1,0.4440930867541221,0
67.54557373432644,48.700805189660706,3409.7184193332364,79.87604883888096,8.27673693409703,2.916195038488831,1,0,0,0,1,2,1,0,2,1,1,2,2,2,0,1,0.1587029082029082,0
72.43291423081632,12.216177819753403,1699.412371437282,20.31815116867504,4.0888963514653325,2.739033894849417,0,0,0,1,1,0,2,1,0,0,1,0,2,1,0,0,0.0946411371852548,0
5.609592767981678,87.72143316492306,641.3054927005999,49.304402605441545,0.29637787722294895,1.4646054767487922,0,0,0,1,1,1,0,2,0,1,0,0,0,2,1,3,0.7763068500429552,1
9.570728837001713,24.90534167458313,88.54246775419084,10.70277672585868,0.47569239064058705,1.5416358816984768,0,1,0,0,0,2,2,2,0,1,1,2,1,2,1,0,0.6147387150885922,0
12.117654399983122,53.05170444990744,714.3388821987589,24.345417566195785,1.0606610527985614,0.8651904121466658,0,1,0,0,1,0,0,2,1,0,0,0,0,1,0,0,0.7737909617996643,0
26.4705647878843,21.839656094486884,630.5906927697121,36.876288311920604,1.1259358907989605,4.028219595081381,0,0,0,1,1,2,2,2,2,2,2,1,2,2,1,1,0.2742196049564471,0
6.933279716449466,28.602346637587253,209.5696016741215,9.86705524264885,0.6658807212054199,1.6063184810299425,1,0,0,0,0,1,2,1,2,1,1,0,2,1,1,3,0.3600737028565975,0
78.2936425076948,54.4819857093393,5429.593425692842,131.1569199256822,2.716653241205475,2.6841863623400117,1,0,1,0,1,0,1,1,1,1,2,0,2,0,1,2,0.4071348912657477,0
12.787484016857437,110.42713703235279,2000.465247422359,109.30170878171194,1.2256436160034225,3.0974050521900978,0,0,0,0,1,2,2,0,1,0,0,0,1,0,1,2,0.6032470348169383,0
28.971712163303074,83.15030787798256,1074.646932143477,92.40222780620265,2.0649440252255324,2.1517144325942748,0,0,1,1,1,2,1,2,1,1,1,1,2,0,0,2,0.1632520319997436,0
21.87879949031146,74.26644128911887,4991.094191980931,120.01571538511375,1.567448231573916,1.8635875448481944,1,1,1,0,0,1,1,0,1,1,0,0,2,1,0,1,0.2186038748832866,0
22.12055358368278,37.34918478429883,3954.3306985227537,33.4481011005291,5.842492801359299,4.798105859248201,1,1,0,0,1,1,0,1,1,2,0,2,2,0,0,0,0.2694969656321628,0
29.497042528668317,165.52379152937604,3158.4479434729083,57.741875722250036,3.0324186410143357,1.8118635482751748,0,1,0,0,0,0,1,0,2,1,2,1,0,0,0,1,0.3564271297079931,0
7.49278638274345,61.28680135058612,329.24574686217716,50.610883739530884,0.5423980308501444,1.084068821492155,0,0,0,0,0,2,1,0,1,1,2,1,0,1,0,1,0.7321669684713501,1
76.04293935186365,55.32495414040306,2104.7764745682925,28.23313950990362,6.612707952462946,1.251207983623635,1,1,0,0,1,1,0,1,1,2,2,0,1,1,1,0,0.389886427022388,0
9.627964016239705,72.18992695555607,1312.884803934386,22.147687081907435,1.1090596096714647,1.038034480068558,0,0,1,0,1,2,1,0,0,2,1,2,1,2,0,1,0.5827664764961734,0
53.97767185825145,148.74549567132541,5301.9393667724435,157.7463299849558,1.6267093039510523,0.886663665281065,0,0,0,1,1,0,1,1,0,0,2,1,2,1,0,2,0.0805813385960444,0
52.65193286884769,33.5359788527285,591.5444527723961,33.433471310585716,4.636102345243622,2.8880554663769615,1,1,1,0,1,2,2,1,2,1,1,2,2,0,0,3,0.3974430523779936,0
59.021957763054516,92.32036415414751,6412.936801680153,124.66797793086397,3.0146159373396815,0.0,0,1,1,1,1,2,0,1,1,0,2,0,1,0,0,3,0.3073796347716406,0
27.39599018241014,153.43332700247342,2388.214816751093,70.20827014461209,2.776639444756345,4.673690548065295,1,0,1,0,0,0,2,1,0,0,0,2,2,2,1,1,0.5320895741685212,0
21.5037588938661,26.923656553238803,1135.6589099263776,40.44820718742775,1.3947232309241657,2.4712809561443168,0,1,1,0,1,1,2,2,0,2,0,1,2,2,0,0,0.3744343559490618,0
29.518799259991223,50.55480845965034,626.6191234904447,95.0763395618515,2.003917560691634,1.7317340314864056,1,0,1,0,1,2,0,0,0,2,2,2,0,0,0,2,0.3671609717482478,0
46.99139406159414,38.41215292025203,2723.768670195202,29.865082164569237,1.7591476079650246,3.180004531965139,1,0,1,1,1,1,2,0,2,2,2,1,1,2,1,0,0.3359055486204601,0
42.68767795600186,31.39273937142887,2193.672821727551,21.703033103668623,2.236263225642452,0.0,0,1,0,0,1,0,0,2,0,0,2,0,1,2,1,1,0.4290674574445779,1
24.407699834272773,70.69044315205588,481.3440489533163,30.035974171472514,1.1132731429241485,0.818432797660116,1,1,0,0,1,1,1,2,1,1,0,1,1,1,0,1,0.3244684875412549,0
27.930027411523323,40.73919505209936,1316.1602789382146,26.212309891813216,5.334507762531818,1.4607351549398375,0,1,0,1,1,2,1,0,1,0,0,1,1,0,0,3,0.3341077345249918,0
14.22715505362947,50.494460424749114,1447.198206513347,119.60190472123612,2.7973831142587837,4.685129441122065,1,0,1,0,0,0,0,2,2,2,0,1,2,2,1,1,0.5305316306684411,1
52.735391103656625,65.31011172580257,6646.816521849047,52.6031673029034,5.858624607342952,2.7027201300345673,1,1,0,0,1,0,2,1,2,1,0,1,2,2,0,2,0.2442993539684715,0
35.55457486540639,101.44040218614674,1554.1494631738747,100.2377181544211,1.1222443207902557,1.8702909800257093,1,0,1,0,0,2,2,0,2,2,2,2,1,1,0,0,0.2403743021684197,0
71.66983958940656,87.17250112275912,6681.2624967699885,71.06070038714087,3.338175880884991,2.1594634006040385,1,1,1,1,1,2,0,1,1,0,2,0,2,0,0,3,0.3914688620944784,0
38.27961296407434,57.46186083284671,662.9470250806503,50.70321386311495,3.677385963294839,0.0,1,1,0,1,1,0,1,2,1,1,2,0,0,1,1,3,0.5359115643235424,1
1.0716918860605351,31.426826870623575,48.494050465995464,7.848596202424136,0.1893093027816974,0.9522832313970768,0,0,1,0,1,2,2,1,2,1,0,2,1,2,1,2,0.4973785642462111,0
52.36090418430392,144.93447442354758,3884.6181232235426,108.12568099383644,3.818387481642838,4.3074756546765425,0,1,0,0,1,1,2,0,2,0,2,2,2,2,1,2,0.357994732380585,0
89.92129697738487,146.97414803947325,6083.697263705365,91.10406933571278,5.511644772712579,1.2086548210726513,0,1,1,1,1,1,1,2,2,2,2,1,0,1,1,1,0.3941358009944966,1
20.34521495971216,93.16963491885872,692.9864782720765,82.63596781055143,0.7540781973867643,0.5164116281726623,0,1,1,0,1,1,1,0,2,0,1,0,1,0,1,2,0.3183747912326739,0
38.03470439209787,39.179304213987024,3106.3265822822086,75.656011804171,4.614990391200699,2.107817001534065,0,1,0,1,1,1,2,2,2,0,1,0,2,0,0,1,0.1011144781144781,0
92.92327637149448,64.62331269006519,2222.315373739316,109.47166738755111,3.7027340053813487,0.0,0,0,0,0,1,0,1,1,0,0,0,0,1,2,1,2,0.0331859328272371,0
15.047428622973932,36.757532274940644,2044.9398797714762,120.69439220952663,1.661019054185078,2.3082452847461017,1,0,1,1,1,1,1,1,2,0,1,0,1,0,0,3,0.5334671001770849,0
10.90866501794806,111.20794730287315,1559.8296567111956,56.89433203069265,2.455589829099153,1.9771859659873028,0,0,1,0,1,1,1,0,0,2,0,0,2,1,1,1,0.2268227641311467,0
12.72776064082129,44.558236213716555,2052.9874383405554,43.97385265792639,1.25883756455216,0.8922132518825071,0,0,1,0,1,2,1,2,1,2,2,0,1,0,0,1,0.5473031789393953,1
45.7159568802916,19.107348591549073,2072.1068944184344,20.378417305409126,7.136590315699735,7.709314946301015,0,0,1,0,1,0,0,0,2,2,2,0,2,1,0,3,0.0850569858990911,0
17.457093196269486,63.86195561766441,1043.626651948224,53.134759067376095,2.6135054250978476,1.9579021093146112,1,1,1,0,0,0,0,1,0,1,1,1,2,1,0,3,0.1754611763508822,0
30.625196060130833,69.24009214558268,4578.542948490786,45.87167806529632,3.5110627944910076,0.9626958095681237,1,1,1,0,1,2,2,1,1,0,2,0,2,1,0,2,0.3774884323028613,0
43.218679282499,74.36335773800222,2942.038111759384,75.82296772071537,3.3937453646656492,1.176101146347829,0,1,0,1,1,2,1,2,0,0,1,1,1,2,1,1,0.0378902116402116,0
7.148528147834471,12.811643795466953,642.539932231851,13.85902771611247,1.3124455469697751,0.5295477647892279,1,1,1,0,1,1,2,1,1,0,1,0,1,1,0,0,0.3532572614540699,0
26.60317059364373,57.33969446645169,2038.7374750477688,52.03026949899924,0.9792296954327744,3.2030778074480795,0,0,1,1,1,1,2,2,2,2,2,1,0,2,1,3,0.6123326357401347,1
2.996066918283302,40.40639443127461,105.40845882940758,30.83094234052676,0.20647700662961566,0.7059685499939083,0,1,1,0,0,1,2,0,1,0,0,1,0,1,0,1,0.6911012173527656,1
3.6403453508423143,28.94478226934304,26.223429738170474,21.022559386611057,0.2057191479258656,0.43910221448492237,1,0,0,0,1,1,1,0,0,2,1,0,0,0,1,0,0.4571673920621288,0
8.080518081320719,73.00883106260257,1294.3651740679504,97.64708249440072,0.64574365268476,2.38035914460391,1,1,0,1,1,2,1,2,0,0,2,1,2,2,1,0,0.630130514349009,0
16.999053202204344,106.9133762865085,2659.648164843725,86.1909292962621,1.1415325149205195,3.9063273812465735,0,1,0,0,1,2,1,0,0,0,1,1,2,1,1,3,0.57049052837178,1
27.46817179627566,69.96975196279803,1797.7551672177485,46.22738823222575,1.2580366556897158,0.0,1,1,1,1,1,2,2,0,0,1,1,0,1,2,1,0,0.5318836742682741,1
15.691134837790404,61.426955064181506,985.5266344425098,54.397696630265536,1.440802100846028,0.5899190617703218,1,0,0,0,1,0,2,1,1,1,1,1,1,0,1,1,0.7632661504080475,0
68.69524416480505,135.81596492504386,3168.5636700329046,71.87911114513835,4.2448982551054435,3.1437209842095717,0,0,0,0,1,1,0,1,0,0,0,2,2,2,0,1,0.4096153900208486,0
48.77488321529692,59.98671853722411,3491.2521464239658,80.15916320639543,2.078626976552563,1.387398571422852,1,0,0,0,1,0,2,2,2,0,0,2,0,0,1,0,0.4706702143047568,0
79.30306599153622,16.00512844532115,2489.996900164859,11.756699712943167,7.649092061550213,1.3911288260528987,0,0,1,1,1,0,2,2,2,0,2,1,1,0,0,1,0.3812903131419908,1
20.14410291526006,71.62088590919193,4971.619477063624,44.99413704848145,3.608780021792479,0.8390415926031038,1,0,1,1,1,2,0,0,1,2,1,1,1,1,0,2,0.2486505624005624,0
52.28513749964962,65.60727900396961,5549.757135815325,83.86688347986464,4.78137517220521,1.3759189060767838,1,1,0,0,1,1,1,2,2,1,2,0,2,0,1,1,0.1194322483072483,0
20.590690298936803,49.738664896789395,1952.8344224730456,74.15892581293355,4.697830776629751,2.0852510427063975,0,1,1,0,1,2,2,0,2,2,2,0,1,1,0,0,0.080687271062271,0
92.61581545549687,50.601735666935234,10476.939603772676,108.3106746789848,3.990142233411319,3.018692818814511,0,1,0,0,1,1,1,1,0,2,2,0,0,2,0,0,0.0767301467595585,0
111.7501272310616,42.46525439171881,3171.7727188981657,51.0571106704114,8.435850288354086,0.9968019872186404,1,1,0,1,1,0,2,2,0,0,1,1,2,2,1,0,0.0913488151282269,0
9.973676199271502,35.699046187327085,325.76219482211326,37.423568099954714,0.6428989382154757,7.007117446326068,1,0,0,0,1,1,0,2,2,2,1,2,2,2,0,3,0.765023335540577,0
28.11194608471568,58.018558556549756,7120.068430188563,41.452275699933686,3.115885656241086,2.0833647808845717,0,0,1,1,1,2,0,2,1,1,0,2,0,2,0,3,0.0824020215895215,0
35.48125240247553,69.25476659428388,4081.53217907151,38.76894815963883,4.477806327028841,1.3269960493001776,0,0,1,0,1,1,0,0,1,0,1,2,2,2,1,2,0.4000592076399651,1
11.72405756152108,62.6221058087337,1302.2430004612104,60.64630503153926,1.4410979735616711,0.5812322205014397,0,1,0,0,1,1,0,1,2,0,2,1,0,0,1,2,0.5834552081010942,0
27.29827989343964,47.57848084887752,1397.939975512259,58.604655671420026,4.600241018322227,4.747786578224064,1,1,0,1,1,2,0,2,2,2,2,0,1,0,1,3,0.3113896289775551,0
64.50831425884974,104.96959384173361,5805.520829484448,63.761589356588,4.504165358569905,0.0,1,1,1,0,1,0,2,0,0,0,1,1,0,1,0,1,0.3313607731932436,0
77.3461391950572,95.68252810685605,3932.0984601788887,60.465763556555686,6.271081496815879,2.761641750538457,0,1,1,0,0,2,0,1,2,1,2,2,1,2,1,2,0.2185333926721458,0
36.493891020926554,54.53638701107597,3508.8310316294733,78.98925767011212,4.99769080801051,0.749583905380085,1,0,1,0,1,0,1,0,2,0,0,0,0,2,1,0,0.0563431198431198,0
66.02706976751415,80.81177242150527,2343.3950178135574,52.09157177111016,4.242992914511796,3.0254527524776362,1,1,1,1,1,2,0,2,2,1,1,1,0,0,0,1,0.0606308321308321,0
42.05312115787602,29.723004433293706,1394.3018935941866,20.075073934281885,1.241244563137322,3.8537592559672915,1,1,1,0,1,0,1,0,2,2,0,2,1,2,0,0,0.2540478687978686,0
18.313862482383264,18.35472861012631,733.2060241856838,27.98777789778137,1.8654627780241977,3.582977186802631,0,1,1,1,1,2,1,2,2,0,2,1,2,0,1,1,0.5462081429696974,0
93.73640015409083,86.61453736235052,6039.197807740265,101.15495655252343,9.316748426638997,1.5088984705673605,1,0,1,0,1,1,0,0,0,1,2,1,2,1,1,0,0.473028855023659,0
65.66151887470359,49.39328545745272,998.2909866336943,16.29992351054653,3.3111673193956306,0.6779929586974411,0,1,1,0,1,0,0,2,0,1,0,0,0,2,1,3,0.3356105386010319,0
26.10630243572193,112.17597289689633,2600.8232312487917,78.99615825436945,3.96169687711196,0.0,0,0,1,0,1,1,2,2,0,1,2,0,1,1,0,1,0.4181348004608711,0
1.0883694153982277,150.83732748366663,166.21824301465452,39.19962138411395,0.04649310983011853,0.0,0,0,1,1,1,1,2,2,0,0,1,1,0,2,0,0,0.5464480825687721,0
24.496499143756992,58.99823643633155,561.694561851983,37.682446378649544,1.899865656793357,2.7851295625777057,1,1,0,0,0,1,2,1,2,0,0,2,0,1,0,0,0.3645208267005857,0
16.968016634866796,69.32881209534351,1222.5813311394181,21.490501208109443,1.4131340778106138,0.9359572290297867,1,1,0,0,0,1,1,1,1,0,1,1,0,2,0,3,0.3490186248936247,0
23.712761405068,41.804865869619185,3118.5092440886515,36.057808599155905,5.03895790717541,2.7420365757424294,1,1,1,0,0,2,1,1,1,2,0,1,1,1,1,0,0.2241966426799082,0
19.094876051487024,27.24789341722913,300.6011322553241,8.96869880929896,2.08360690880152,1.5992760122678753,0,1,1,0,0,0,2,1,1,0,2,0,0,0,1,2,0.6557749707567458,0
22.008567722693027,69.37111145602029,1967.2070277999107,53.2410540066412,1.4997657318734507,7.3254669685073885,1,1,1,0,1,1,0,1,2,2,2,0,2,1,1,1,0.2202911199185708,0
97.20638107616921,30.376632280598756,2813.063433968755,50.13095082845282,4.522102713727742,1.3253491598149996,0,0,1,0,1,2,1,2,1,0,0,0,1,0,0,1,0.0935803609970276,0
69.5749771867761,22.201651028617224,2064.828595036764,20.33526688430192,2.514754310549581,3.7431202801988657,1,0,1,0,1,0,2,1,0,2,0,2,2,2,0,3,0.0826019177089156,0
14.266833291345364,82.30999780710883,1537.433695299574,130.27903561705403,1.2017037564436426,4.989341764208268,1,1,1,0,1,1,0,0,0,2,0,2,2,2,0,2,0.6414722016071571,1
3.7993703985355936,23.189009481187274,199.5827727360809,54.756818269761766,0.23302950672519757,1.341314300125056,1,0,0,1,1,2,2,0,1,0,1,2,1,1,1,3,0.5119876146871032,1
87.88441197029645,139.80048707566792,5409.689894527521,86.24327446045638,7.9151235576387595,1.4091749516284293,0,0,1,0,1,1,2,1,0,1,1,2,0,2,1,0,0.2108344199373611,0
77.99147742093422,53.06390199202922,1240.5504620923523,47.104217037948956,4.476246606883184,1.935434608275791,1,1,0,0,1,1,0,2,2,2,2,2,1,1,1,3,0.271253318848907,1
11.876295846727983,106.82534118393731,1513.5189058404262,120.6365130250358,2.0167456031363207,1.2180984261203855,0,0,1,0,1,1,2,1,1,0,1,1,1,2,1,0,0.6044641457062211,1
26.354612026316033,19.756076826783243,1125.2280516312476,19.351832835095333,6.508039724908828,6.1500045461355235,1,0,1,0,1,2,1,2,2,2,2,2,1,1,1,0,0.4387593809183845,0
1.1809689321066743,65.91366337500276,52.950879499321495,30.297077937368734,0.03469965223581988,0.0,1,1,0,1,1,1,2,1,1,1,1,1,1,2,1,2,0.5637775053519939,0
23.67401498253058,163.70903741150292,4116.408206387907,107.38588873795022,2.0386000631549583,2.879960105348837,1,0,1,1,1,1,1,2,2,0,2,2,2,2,1,0,0.26548652056005,0
3.229355007361449,45.583804579479306,411.68300189942875,59.271031627876255,0.262090746275799,0.0,1,0,0,0,1,1,0,1,0,0,1,0,1,1,1,0,0.4477563362563362,1
39.87790132997343,33.63097988589668,725.6192111596768,37.74313009442837,1.0156963175310267,1.6413684503095065,0,0,1,0,1,1,0,1,1,2,0,2,1,0,1,3,0.5415843877753668,0
14.538120334752382,38.216114532161825,800.5796990548046,25.57157749516143,0.8227904481301322,0.0,1,0,1,0,0,2,2,0,0,0,0,0,0,1,0,0,0.6219758756512911,0
37.27646140444191,52.748665178817085,3963.2449192197523,64.59888933197729,5.755279393675925,0.9824060371284502,1,0,0,1,1,0,1,0,2,1,1,0,0,1,1,2,0.0440140692640692,0
2.8434361798627297,57.796678679135525,219.62560791480328,43.41700689467305,0.30222543791771744,2.798325544299206,1,0,0,0,1,2,0,0,2,0,0,0,2,1,0,2,0.4743582437170671,0
19.019083134798088,65.93871512651248,1433.1760785911933,54.49899189877068,0.755027714006404,2.2463240155154427,0,0,1,0,1,2,2,2,1,2,2,2,0,2,0,0,0.5810616805723569,0
21.37406921844921,70.06649570228872,4465.280177985469,127.51595362641083,1.8503203830486326,0.5024363321492853,0,0,1,0,1,0,0,0,0,0,0,0,1,1,1,3,0.5118207930235427,0
0.8567017162006513,100.5010111625078,38.67865131740136,35.14591241064817,0.11766102214346573,1.6670171730673542,0,0,0,0,1,0,1,0,0,0,0,0,1,1,0,1,0.7273475151054909,1
31.386063889948723,95.16770589102416,4425.55993954864,70.17543823677785,4.512160944456618,0.8072000435899016,1,0,1,0,1,0,1,2,0,1,1,0,0,1,0,0,0.2823834511906785,0
77.6708052859118,36.31518788178926,2497.3021740721397,43.55332083919502,4.221390013237911,2.8492270539640767,0,0,1,0,0,2,0,0,2,1,0,2,1,2,1,3,0.5169684559332159,0
89.38643447781251,36.64469577831052,3415.342863522985,56.028820698249355,6.736316665205803,2.3780525453407035,1,1,0,0,0,0,1,0,1,2,1,0,2,0,1,2,0.4095079877690875,0
20.453388904572936,95.6961911050585,2283.3218579651475,82.04143047306543,2.405584083425616,4.542506601467673,1,1,1,0,1,1,2,2,1,2,0,0,1,1,0,3,0.5534541527367408,1
13.537099893268831,119.51863392761837,2407.170992337949,59.46084982909477,2.124179146140474,2.761883020580612,1,1,1,0,1,0,0,2,2,0,1,0,1,0,1,0,0.2672889372972706,0
24.090797786949192,98.94078615488385,2108.764710168673,84.89990518421821,1.0047024619368314,1.0883296618094096,1,1,1,1,1,2,1,2,2,0,2,1,0,0,1,3,0.2224471199642767,0
18.425941395839946,47.26901491448185,2863.318062475857,79.99858748932348,3.0851830724631677,1.667499456722692,1,1,0,0,1,2,0,2,1,0,2,1,1,2,1,3,0.532759617527585,0
5.575132079521001,180.25365916765995,1352.0028095986438,111.71793022028575,0.6347805856047011,1.814158784884746,0,1,0,1,1,1,0,2,2,2,2,2,0,1,1,1,0.2950808488896724,0
50.13683261615051,99.31707592372608,5115.713075280539,76.52721153606888,3.6630227354662392,0.0,1,0,0,0,1,0,2,2,0,1,2,1,0,0,1,3,0.0759538714984962,0
13.284751728722053,68.41934151628125,562.4453510155591,45.202194292860106,1.1643992629074713,1.4300659703768965,0,1,0,1,1,2,0,1,1,2,1,0,2,0,1,0,0.6622323374173068,0
7.467566285446322,80.02254785610533,977.5131869962513,122.128796451153,0.5306962971165375,1.8569532879941528,0,1,0,0,1,0,0,2,1,2,0,1,2,1,1,1,0.6325049638485498,1
53.434421109256675,116.4589486125361,5381.720151208811,141.53456370857148,1.8773981709079397,3.51207794052186,0,0,0,0,0,0,1,0,2,1,0,2,2,1,0,2,0.392071752321752,1
53.64840897644015,97.89386727633087,7218.1826655265895,145.48845531563884,2.1664768265919885,1.1942604297520383,1,0,0,0,1,0,2,1,0,1,1,0,2,1,0,2,0.3345429615296762,1
46.33759149558469,16.48311041465438,1581.8045732975609,17.35662005751143,6.256169359762492,5.672890865295917,0,0,1,1,1,2,2,0,2,2,1,0,2,1,0,0,0.1639184704184704,0
27.61112966198739,83.19687414945689,4689.391903758564,81.96802531409989,5.833482980892038,1.2037049410728824,1,0,0,1,1,0,2,1,0,2,1,1,0,2,1,0,0.1892749935249934,0
46.05359995886221,77.62587796836792,5189.460593343796,50.96117243844701,2.0198244068894087,3.088054895603639,0,0,1,0,1,1,2,2,2,2,0,1,0,1,1,0,0.1219848027789204,0
0.5572947859495848,146.40015027732915,96.75903950879837,42.14990093382998,0.06405390377801129,4.570397978672888,1,0,1,1,1,0,1,2,1,2,0,0,2,0,0,0,0.7469102329628112,1
1.6795439124588416,90.1809538531332,206.1976449709592,60.48668648758214,0.33178636660359406,1.6745529550557972,1,1,0,0,1,0,0,1,2,0,1,2,2,2,0,0,0.5849539419705702,0
6.125032044656052,19.94771988672867,506.4191001369149,24.632459354894813,0.7930737778162302,0.7719856496557653,1,0,0,1,1,0,1,0,0,1,1,1,0,1,0,3,0.4150772492128823,0
32.835975040386444,80.54959856166305,4555.766472874663,60.02002240074999,4.500448348611893,1.0093425988944629,0,1,1,1,1,2,1,0,2,0,1,1,0,2,0,1,0.357119520966177,0
102.64928785514128,37.554903731564195,2056.3766408647716,41.424873599139076,8.824255675426407,4.675207514258842,0,0,0,1,1,0,0,0,0,1,1,2,2,2,1,1,0.3809449817975645,0
13.738770032553301,44.43524151860116,2679.05570834652,152.54323710516783,1.6675387956540657,0.4944860708454074,1,0,1,1,0,0,0,2,1,1,1,0,1,2,1,0,0.4082172310260547,0
40.68771283755631,33.382817203940526,1363.50078659654,19.20902249894275,4.61909170544863,1.1223159177933666,0,0,1,0,1,1,1,1,0,1,0,0,2,0,0,3,0.2075841013206742,0
86.75989666415384,28.51840738655664,3824.5832990758313,53.621802372636076,5.852142020688389,1.5034145470953852,1,1,0,0,1,1,2,2,1,0,0,1,1,2,1,1,0.3391789798039015,0
82.36138691909966,28.35073673680499,1102.9132335146783,12.310213332130827,2.696796804436112,1.7213643908534888,1,0,0,0,1,2,2,2,1,0,2,2,2,2,0,2,0.3871392597446572,0
43.72004446942038,64.17980412633192,7970.384990548942,47.09170933373868,5.126494702514573,2.489797573272149,0,0,0,1,1,2,2,0,0,1,2,2,0,2,0,2,0.381537716693912,0
29.496835035261014,49.137645655620446,4755.008136029893,163.91619906589077,3.590344116800641,0.0,0,0,0,1,1,0,2,1,1,0,1,1,1,2,0,1,0.2958276075776074,0
18.989190449665486,98.1795164387566,599.9539064505061,28.035145339970985,1.2799341172830556,0.832394920979683,0,0,1,0,1,0,0,1,1,1,1,1,2,2,0,2,0.2612751843434248,0
42.52244102116782,102.31618657432051,3147.709685855047,30.593118968445587,6.116990157423625,4.170875448800555,0,1,1,0,1,2,2,1,2,2,2,1,2,0,0,2,0.1227753576402957,0
52.628430281105295,13.241559894903082,1053.7938417893222,21.65386373476442,2.7040162295197714,6.089415301637024,1,1,0,0,1,0,1,1,2,2,1,1,2,0,0,0,0.2486588026171358,1
24.776124028980558,32.63778780207172,1338.609987896384,26.26032979727928,3.882753931178095,0.0,0,1,1,1,1,2,2,1,0,0,2,0,0,0,0,2,0.126491822991823,0
72.5490147289164,86.10095929205723,3211.071056963612,66.24270956963952,3.2379562763832146,2.842903229572674,1,0,1,0,1,0,0,1,0,2,2,2,1,2,1,3,0.1177106227106227,0
43.94835155298376,15.352879591171456,1132.333857263389,26.806531412655104,1.7119666893550651,0.0,1,1,0,0,1,1,0,0,1,1,2,1,0,0,1,2,0.4785946276895256,0
95.97348952493658,94.82690514806728,3140.8144735623114,84.9067396212973,2.928275443782367,0.43838094245682047,0,0,0,0,1,1,0,0,2,1,0,1,0,0,0,3,0.1370067528694979,0
43.52548278680112,144.65376114722,3939.642014610931,67.3705712920197,1.9159180044537716,4.114322962404632,0,1,0,1,1,1,0,1,2,0,2,0,2,2,1,3,0.2099660575778996,0
28.725898028911107,124.72362139182336,3057.7466302543476,98.84993798020962,1.6905229894923604,0.4615295529784237,0,1,0,0,1,2,2,2,0,1,1,1,2,0,0,3,0.5059770703404791,1
4.293489601793919,128.57041831702148,1431.1873592061932,91.23302964614047,0.695119164248089,3.1490517368851485,0,0,0,0,1,2,2,0,1,0,2,2,2,2,1,2,0.7045320866748063,0
40.901259234894155,39.31190528322695,4104.552873258267,132.3788775459401,2.9774075476202606,1.564740448452599,1,0,1,0,1,2,1,0,1,1,1,2,1,2,0,0,0.1114717671689185,0
77.22816137185991,65.75481463452805,5004.616078927163,44.22645960889356,6.4748061826969945,0.0,1,0,1,0,1,1,1,0,1,0,1,1,0,0,0,3,0.0977043774127107,0
44.03040909313288,50.08240129678618,5146.350801590795,31.338827484982154,7.780752308818761,1.4744918168270447,1,0,1,1,1,0,0,1,1,2,1,0,0,0,1,2,0.3405110331082198,0
12.950724094839583,43.842591246854155,527.3060065181618,36.35167449019535,1.5733976920366128,3.4159793872419435,0,1,1,1,1,0,2,0,2,1,1,1,0,2,1,1,0.6654674120447954,0
74.07742761072251,18.733834163155652,2041.9428973071017,9.813184774762911,7.0289064693340615,2.3005312968225464,1,1,0,0,1,0,0,0,2,2,2,2,1,2,0,2,0.153332621082621,0
73.98587890221768,24.295038839302777,978.7869093907925,35.0734759204602,4.5698335920238975,2.249087468604958,0,0,0,1,1,0,0,0,2,0,0,0,2,0,1,2,0.3562171407515808,0
50.180738614974516,123.07826920514009,3753.0609299897733,127.97704061037841,2.1884251818548837,1.2145927713454845,1,0,1,0,1,1,1,0,1,1,0,1,1,2,1,2,0.2170880947755948,0
24.239152125804132,23.575513222517714,3012.0537872437076,40.831732104394284,3.6822652309412574,1.1399414244515127,0,0,0,0,1,2,0,2,2,2,0,0,1,2,0,1,0.3070891044593267,1
31.056212771989795,67.75959335486998,6443.292345160274,120.53215530410027,4.821627128899703,1.3297068786044068,0,0,1,0,1,2,2,2,1,0,0,2,1,0,0,3,0.3599476990500776,0
29.90777604464697,73.72269026333956,2085.653345951978,64.55973449539331,2.8340987483651783,0.0,1,0,1,1,1,2,0,1,0,1,0,1,0,2,0,0,0.4403994356620894,1
11.734259476281697,151.28861260362217,659.3320851745372,138.26472592511524,1.1499157191380591,2.0301139034215394,1,1,1,1,1,2,0,0,1,1,1,2,1,1,0,0,0.3290939458145339,1
40.48535520550313,45.3698510065817,2581.3367046955277,44.16637594469353,1.2797318576068302,1.4397621462368586,0,1,0,0,0,1,2,1,0,1,2,2,2,2,0,3,0.4308974091075689,1
79.80626990187882,48.7488922309373,7872.317234458008,42.10879774697375,4.866922102990054,0.0,0,1,0,0,1,1,1,2,1,1,1,1,0,2,1,3,0.3996633255979546,0
36.64838281029738,36.58412155667335,770.4722391811993,19.244673370190398,1.0181753469411916,2.9036741804132236,1,0,1,1,1,0,0,1,2,0,1,1,2,0,1,0,0.2257135964375553,0
18.351191042728743,86.31102670769552,399.42836205494126,63.92230719762842,1.2420963920790646,2.6484647099047427,0,0,1,0,1,0,1,2,1,1,2,0,2,1,0,3,0.6555964373444225,0
75.95472133923764,63.731240784310174,3682.990700551039,45.53556763709643,6.741007787649308,0.950272276669053,0,1,0,0,1,0,1,2,2,0,0,1,1,0,0,1,0.0609263329263329,0
18.35448422320221,110.54148101649909,2499.5940318508183,117.87696409158409,2.168284371045239,2.650656981301708,1,0,0,1,1,2,1,1,1,0,2,2,0,1,0,2,0.5183030896438591,0
43.27057251107579,72.26542496747494,1782.61311822742,133.31332692898445,1.6753150818715836,1.5099772096129391,1,0,1,0,1,1,2,2,0,1,2,0,2,1,1,1,0.4783280672352387,1
22.36805175369221,122.1851094405437,1566.8391873250278,98.66955443158098,2.7254427984496865,1.2447029103771092,1,1,1,0,1,2,1,1,1,0,1,1,1,1,0,1,0.4158542377889528,0
9.179753508358768,50.896568620057764,326.1113873062484,90.61729027651958,0.3699222197845632,3.692265711368263,0,1,1,1,1,2,1,2,0,0,0,2,0,1,1,2,0.2713031260678319,0
13.092287974220664,161.9041148400165,1583.0323142418151,88.27680364540336,0.9940121787400297,1.4337836928357968,0,1,1,0,1,0,2,0,2,2,0,1,0,1,0,2,0.6377422264885501,1
63.277712818083145,23.411419526201684,1502.6510837839471,50.1205139834722,5.219512091391989,3.716376483936636,0,1,1,0,1,1,2,1,2,0,1,0,2,0,1,1,0.3160433242863322,0
57.893047417352356,39.60655061109531,2401.9241528727125,38.91504076170749,6.635368234240368,0.8548678955138933,0,1,0,1,0,2,1,2,0,2,1,0,1,1,1,0,0.1678697933086371,1
39.275554149253324,108.08436402349189,4260.259979066696,66.61036872128399,3.172622203802883,1.507419086953521,0,0,1,0,1,0,1,1,2,1,2,0,1,1,1,0,0.394336907549874,0
27.111753565317887,29.303390777595972,1123.2716953087602,29.154531464445267,2.793848935923901,3.736111904742779,0,0,1,0,1,2,2,2,0,2,1,1,0,2,1,2,0.4872355446602396,0
18.48029744960683,44.9461783876563,4676.379094078796,48.748604653815356,2.2741290640253693,1.5745119724581376,0,1,1,0,1,1,1,2,0,0,0,2,1,1,0,1,0.425773921240941,0
53.70099730836407,95.72833888056591,3000.2587108069138,62.788831319491,4.800148595554928,0.0,1,1,0,1,1,2,1,1,1,0,0,0,1,2,1,2,0.4973595078859456,1
30.474471738906043,62.76617727613919,1904.1312008449854,49.786091308864236,3.687722513299663,5.315661383781433,1,1,0,0,0,2,1,0,1,2,0,2,2,0,1,3,0.4559420311780869,0
22.490581536854016,33.61457849905186,696.6674466775067,16.678379874084715,0.9455957512283117,0.6412780736000123,0,1,0,0,0,1,0,2,2,0,2,0,1,0,1,2,0.5072832339209234,0
42.30538087676987,73.39418232573622,883.7553085664691,80.89610915613417,3.588295230017458,1.315451087012927,1,1,1,0,1,0,2,1,2,0,0,1,2,2,1,0,0.3656126551204389,0
12.659682622235946,51.49481735736983,621.0462050523691,36.027868056959164,1.0513469237578397,0.8311295345723781,0,1,0,0,0,1,1,1,2,2,2,1,1,0,1,2,0.698325000495134,0
20.586073038673796,38.03402650256622,681.6405122577797,39.75671731790941,1.354268490076368,2.6479699366330944,1,1,0,0,1,1,0,1,2,1,1,2,0,1,0,0,0.533500935492625,1
57.267521131870005,19.92082705226369,618.2207413467513,9.663084466132176,1.5023107921753336,1.5094726485324408,0,1,0,0,1,0,1,1,1,2,1,2,0,0,1,0,0.1851797898037304,0
100.7248530429531,98.70134568292097,9676.57738601479,103.9404744111716,2.2474354483340626,0.7304807569173013,0,0,1,1,1,0,1,0,0,0,2,2,1,2,1,3,0.225651122026122,0
5.18951254063664,81.94711710264228,474.8884127740287,95.57212024252883,0.6241132210816509,2.567291639667708,1,0,0,0,1,0,1,2,1,1,0,0,2,0,0,0,0.4617584424996706,0
28.268969260995867,63.383003417597024,2846.544457912829,52.9183310668393,1.7279175221531669,0.766842817066433,0,0,1,0,1,1,2,2,1,1,0,0,1,0,0,2,0.4080728700262494,0
6.5622397759410935,19.357201758125598,155.33354219896046,35.163653417258224,0.35985619150268616,1.486030287207463,1,1,1,0,1,2,1,1,1,2,1,0,0,0,1,0,0.7164293255995381,0
58.88692932843811,43.28755373176257,2408.3032770964946,36.09281223499607,4.187583301354471,0.0,1,0,1,0,1,0,1,0,1,0,2,0,0,2,0,3,0.1407290970526263,0
25.99136003315149,57.73732911549803,1765.5108672474623,58.54139027714794,1.7365954828307544,1.3813143925160534,0,1,0,0,1,0,1,1,2,1,0,0,2,2,1,0,0.3987363884051676,0
64.01575137496165,56.97763721172477,1822.8862077621645,54.97105492743768,5.3043365668492255,3.2584934266843004,0,0,1,1,1,2,2,0,0,1,0,0,2,0,1,2,0.3590726060947281,0
9.732716562520338,31.110192702039175,459.47765093678527,40.74558688505012,0.5351425637304787,1.1325099833885948,0,1,1,0,1,2,1,0,2,1,1,1,0,0,0,3,0.3568115298444247,0
64.70151236181223,39.61132527161555,1914.8501067606676,85.89826358165512,3.1084895664154466,0.0,1,1,1,0,1,2,1,0,1,0,0,1,1,2,1,0,0.0944266058016057,0
29.047057948053727,64.07866666822476,5158.6622793255,41.37986122291826,4.331767763423522,0.8621676665194786,0,1,1,1,1,0,2,0,1,0,0,2,1,1,0,0,0.3956955510958897,0
34.69168891317134,69.8707353536163,8570.290346764476,71.00551085004315,4.659965555246413,2.337089900383549,0,1,0,0,1,2,2,1,2,1,1,1,2,2,1,0,0.0582134439634439,0
30.123472066100966,68.14510351149346,1930.0763600433818,118.17652952528363,2.27070044341376,2.482695031696385,0,0,1,0,1,2,0,0,0,0,1,2,2,0,1,1,0.2630139865581043,0
36.1872214021677,47.71183460291497,5793.873944072117,81.416696076642,6.722210935570129,4.436989747674593,1,1,0,1,1,1,2,1,2,0,0,2,1,2,1,0,0.1049908609908609,0
41.015327754606446,98.6988165512669,2893.7777869554716,140.72306758602423,4.830789894971245,3.9026895248957825,1,1,0,1,1,1,2,2,2,2,1,2,1,2,0,2,0.0948733211233211,0
11.98937872654305,102.73381289258002,611.6002140263214,56.7733110997689,0.49898778608372024,1.067446473345078,1,1,0,0,1,0,1,2,0,2,0,1,2,1,1,0,0.7182656252880126,0
36.4855780983549,133.79332080190122,5229.131209727059,90.52420943417187,3.2666800902586286,0.46673786869187284,0,0,1,0,1,2,0,2,0,2,2,1,0,0,0,1,0.089972512800099,0
27.309883221461387,50.963595035394455,746.609564088619,29.994033013968483,2.7979364580874724,0.9994073711099778,1,1,0,1,0,2,2,2,1,2,1,2,0,1,1,0,0.6751468044573025,0
41.49213405412257,69.89010419294813,2991.6829025112625,89.50851433897122,8.084573506113207,0.0,1,1,0,1,1,1,2,2,0,1,1,1,0,1,0,3,0.079786963036963,0
17.96775976646284,21.015226823870332,303.01915014640315,14.467896689490262,0.48151253409882744,2.5934599183483007,1,0,1,1,1,2,0,2,0,2,2,1,1,2,1,0,0.539368978173006,0
20.47964828264728,59.55819810622651,2602.4565593426933,89.65001817178083,2.1373276552565876,2.31855809673929,0,1,0,1,1,0,0,1,1,2,2,1,1,1,0,3,0.5454389094279397,0
89.9594567992298,80.08533758509812,9065.804006146585,146.7996490423504,5.460047593613747,0.9869378581988182,1,0,0,0,1,1,1,0,0,1,1,2,0,0,1,3,0.3502046009546009,0
31.273074971376737,168.10633974354712,3265.7406579625163,66.31542993134538,4.80243872801407,1.911239847887286,1,1,0,0,1,0,0,2,1,2,0,2,0,0,0,1,0.6088199116471094,0
34.85099179110954,11.04194563280988,378.9340945166931,17.915838122685816,1.6029874295658797,2.2293110452894664,0,1,0,1,1,0,2,0,1,2,2,1,1,0,1,0,0.3757744067333288,0
29.417689462273515,23.421666682608052,2151.789528107324,28.61222901708193,3.4814367002635374,1.0604088555288569,1,0,1,1,1,0,0,0,0,0,1,0,0,0,0,2,0.1174101114934448,0
52.806953642003606,23.744221858258086,545.9584442632919,28.59364982583289,5.904001183289685,1.3534200131104301,1,1,1,1,1,1,0,1,0,1,1,1,1,0,1,0,0.1202269119769119,0
13.944182562180629,27.044537197287486,227.0261515196672,22.598016134099556,1.8978065130649509,2.6661361259453686,0,1,0,1,1,0,1,0,2,2,0,1,1,1,1,3,0.7320784068696014,1
18.95547190449436,26.716625446302583,664.1413965249611,40.39053510917444,1.5745034289288584,3.6508950862533727,0,1,1,0,0,0,0,1,2,2,1,2,0,1,0,3,0.648736390157642,0
61.49136368588719,89.64676143500283,3668.2049705905915,91.02773792937077,6.5347280904431715,1.3653786418292064,0,1,0,0,1,2,0,2,2,1,2,0,2,0,1,3,0.0647691970339029,0
21.533944804089007,41.36736445850069,1064.3353286596293,39.465702016894596,4.632590209491253,1.9729167126623246,1,0,1,0,1,0,0,0,2,0,1,1,0,1,1,1,0.0347965645465645,0
95.66603947888778,29.772809784432805,2256.6799504972673,39.1259412771359,2.0514541421395145,3.152527388694054,1,0,0,0,1,2,1,0,1,2,2,2,0,0,0,2,0.1061557345730733,0
63.05688422614996,18.648061678744504,1282.7561005539983,25.98103954872056,2.3711934426749615,4.614937287464718,0,0,1,0,1,0,0,2,2,0,2,2,1,2,1,3,0.4254306927449341,0
17.995064663617004,31.482097533633578,377.1554719793003,8.253365535232405,0.8039394721353391,1.2976661863745949,1,1,0,0,1,2,0,0,1,2,0,0,0,2,1,1,0.2710727459517781,0
22.964390990916097,44.12937068560881,3100.502902647461,42.17840260994246,1.9455964347841865,4.026910244699426,1,0,0,1,1,2,0,0,0,2,1,1,2,2,0,1,0.5578431006135482,1
23.569172253088965,53.06965066277422,1811.6680761061257,69.53987659096228,1.9481709625347483,2.8491768441484036,0,0,0,1,1,0,1,1,2,1,1,1,2,1,0,0,0.1708026674147954,0
17.488000428496626,123.5533456751008,2065.4223241659006,72.1841822715314,1.9050650640592222,2.9049303503589208,0,1,1,0,1,0,1,1,0,2,2,0,0,2,1,0,0.5135121424639653,1
30.79370888233914,124.92837460176176,5768.322576915896,117.4592016406786,3.7692930320750824,1.2285651630772252,0,1,1,0,1,2,2,2,1,2,0,0,0,0,0,2,0.4775068499641898,0
21.541806770345257,174.6535866562866,4171.973275509802,125.30433691732965,1.6842879134654034,2.7759766502538805,0,0,1,1,1,0,2,2,2,1,0,1,0,1,1,0,0.3214927676525972,1
20.080074751673767,99.24528257483512,980.2629386319353,80.51577511303476,2.396850508779552,1.2177130847407232,0,0,1,0,1,2,2,2,0,0,1,1,2,1,1,2,0.2816215332131579,0
32.31786284950039,71.30750340874033,9381.225974688656,88.75920320547833,7.612043793844969,1.4867194333899194,1,1,1,0,0,1,0,1,2,1,2,1,2,1,0,0,0.171557563351681,0
9.785043930268042,38.739076393950796,886.4307770923282,89.37967992498992,1.518433581566795,1.746981615194379,0,0,1,1,1,2,0,0,2,2,2,1,1,1,1,2,0.5723950042980092,1
77.35882409365382,56.5962393082669,2667.9489059495495,69.54788911663479,3.2730221247428073,4.237650979152811,1,0,0,1,0,1,1,2,2,1,2,1,0,0,1,0,0.0285984126984127,0
14.716369835410765,36.43319305108428,1531.8791320738485,63.065377167157415,1.175489269728292,1.9515842858626926,1,1,1,0,0,1,2,1,1,0,0,2,1,2,0,1,0.2555257064057373,0
6.204442252242992,101.10798639107931,526.1572025162845,59.42585051897208,1.2455088646099044,2.13507322992858,0,1,1,0,1,2,1,1,1,2,0,1,1,2,1,0,0.32190638850568,1
16.853724604930843,36.23262223111116,1041.2750152286276,116.8312396522407,1.3062070910858632,4.291262835061037,1,0,1,1,1,0,1,2,2,0,2,1,2,1,1,3,0.5310877200544009,0
26.604400569649982,19.139862281409187,1397.183439359494,37.36137821611666,3.8115687783167957,3.0632468598650098,1,0,1,0,1,0,1,0,2,1,2,0,1,1,0,0,0.4418307995431652,0
56.777855203303766,46.7379463061925,2533.705173972553,57.302946433606586,5.68346038176538,1.2820377271356775,1,1,0,0,1,0,2,2,2,0,1,0,2,0,0,2,0.354470124022838,0
35.49808518887104,23.88220967347989,1932.3953978117054,27.4832702653902,6.3080327421515285,3.6532357238764424,0,1,1,0,1,2,0,2,0,0,1,2,2,1,0,3,0.2008589873896349,0
11.213327675144459,45.6594297487831,752.6676827061063,60.43085358363893,1.0872156133377018,0.0,0,1,0,0,1,1,2,2,0,0,2,0,1,1,1,1,0.2984253130447222,0
4.616961235595928,33.189509791433274,194.90500311312752,49.99985248282392,0.1766030777658379,1.3650655568584376,0,0,1,0,1,2,2,1,1,2,1,0,1,2,1,0,0.8174652890857427,1
28.173141777137076,60.824999171455055,903.1363238298105,63.28308311296372,2.2648335928305863,0.45813340942190284,1,0,0,0,1,0,0,1,1,0,1,0,0,1,0,0,0.2309565533938599,0
42.86152150894016,106.01253296993333,6024.755942145892,108.67936512027786,6.152126718464292,3.397269553506968,0,0,1,1,1,2,0,1,1,1,2,0,2,2,0,2,0.365466901381981,1
93.07938253819981,99.39798337439441,6138.208378294502,93.97730643103925,3.193565085314739,0.6203362289044397,0,0,1,0,1,0,1,2,1,0,2,2,1,2,0,0,0.4124854034854032,0
17.377499267697857,88.56846617210182,1168.4977944778477,79.97384256967199,0.4613122404825023,3.296931261729494,0,0,1,0,1,1,2,2,2,2,2,1,2,2,0,1,0.2838438081526317,0
40.60620408410594,116.01184264907656,8113.316884480058,92.41196850258116,2.5325201565434057,0.9159140067806321,1,1,1,0,1,2,2,1,1,1,1,1,1,0,1,2,0.1968531865187725,0
34.377798656679836,61.952818598077876,7051.389880762407,100.88729854449949,2.4599491129893787,1.7733477105049362,0,0,1,0,1,0,1,2,1,0,1,0,1,1,1,3,0.0383571428571428,0
36.436437887814684,148.38241396205495,4950.839458539364,156.3709134081544,3.379543608414736,2.931168076293993,0,0,0,0,1,1,1,1,1,0,2,2,0,0,0,1,0.3522194213738329,0
105.55957712804471,29.366075225715534,869.3003598797821,21.21766505434081,7.398755980654357,0.5079507704435944,0,0,1,1,1,2,1,2,1,0,0,1,2,2,0,2,0.3532877643054114,0
107.0936694398971,113.17450608575304,8748.956500754879,145.32938835416678,6.529754265320835,3.2203804539339527,1,0,1,0,1,1,2,1,2,0,2,1,2,0,0,3,0.2846495948389381,1
41.96163836320202,68.72264862281949,7342.822454923913,73.5137978790052,6.603297908313838,2.6921404662872668,1,0,1,0,1,2,0,1,1,0,2,2,0,1,0,1,0.0712964878258995,0
46.91667264895816,131.2347297461758,1845.5368132474448,75.99074423358374,2.6696544241388844,0.0,1,0,1,0,1,0,2,1,0,0,1,0,1,0,0,1,0.1870281477781477,0
33.76782242850041,59.86397959482775,1376.3102627191356,46.8763621475874,3.5736725115945847,2.6229363556598155,1,0,1,0,1,2,0,1,2,0,2,2,0,0,0,3,0.0714543234543234,0
64.49735804324844,93.11660654841099,5168.676862084129,101.7655228411962,7.167160251507778,4.320459962024885,1,0,1,0,1,2,2,1,2,2,1,1,2,0,1,1,0.2150263532763533,0
57.81799907767826,42.82695360603909,2870.307437011213,107.51468040795336,2.9180240986594037,0.6376795643689845,1,1,0,1,1,0,0,1,0,1,1,1,2,1,1,3,0.0306666666666666,0
29.958941665732162,131.5684486581549,1687.442133524113,92.07315068883021,1.3863830980907057,0.0,1,0,1,0,1,2,1,2,1,0,1,0,0,1,1,3,0.6145833515860175,1
26.91807791242391,99.32957736359364,4998.821783667054,105.41570569007197,4.492015003787968,2.1663167276989777,1,1,0,0,1,1,0,2,0,2,0,2,2,0,0,3,0.4117756181438148,0
28.023155183565276,59.902489457393195,3570.260593454565,116.32627612514962,3.6490732162308213,3.06943139064045,0,1,0,1,1,0,0,0,2,2,2,0,1,1,1,1,0.1909236134236134,0
44.79878552635492,49.132619597654596,848.4675221387346,47.95922119536982,4.377310617019897,1.06119976938052,1,1,0,1,1,0,2,2,1,0,2,0,1,1,0,2,0.3174273204327046,0
3.357745035427544,86.8140000799021,498.3649769612336,147.90604115720578,0.6300603422568055,0.0,1,0,0,1,1,0,2,2,1,0,2,0,1,2,0,3,0.6514621229160704,0
10.941771066995617,141.675235700213,855.4975109284766,124.51701592217687,1.5061902874674467,1.3696708792081889,0,0,1,0,1,0,0,1,1,0,2,1,0,1,0,1,0.3533089650888564,0
27.784208202594407,50.383020902879544,1350.0276438588655,88.7865107098568,1.7816113215842806,1.7084930343519082,1,1,1,0,1,2,0,2,2,0,1,0,1,0,1,2,0.4799411564567823,0
101.99199025701512,72.69594481944453,5083.496284284083,48.661862447297665,6.485688289364519,1.9551793530201107,1,1,1,1,1,2,0,1,1,2,1,1,2,0,0,0,0.1638968292056527,0
26.263028519786907,24.499361688570872,1671.9035930079215,21.870770957912136,2.3534042254050433,0.6493013166218656,1,0,1,1,1,0,0,0,0,2,1,0,0,2,0,3,0.306984975970786,0
66.94927504675631,77.93907055963334,4074.450993675642,113.89523771969645,3.7085962553852916,0.0,1,0,1,1,1,2,0,0,1,1,1,1,1,0,1,0,0.1348174622075551,0
69.60403753286427,82.06531288573986,1511.1752842987987,39.48413128473406,5.750414559084214,3.063386402967243,1,0,1,0,0,0,1,1,0,0,0,1,2,1,1,0,0.0517483164983165,0
63.712511494246726,33.01432383903844,2917.695277051514,67.69940699428483,4.291104511315311,1.9260411694683492,0,0,1,0,1,2,0,2,1,0,2,2,2,0,1,3,0.1451768098336726,0
79.49939262584121,92.46854700497529,8886.99529754847,86.54725196633599,4.738579341809852,0.7248805379075454,1,0,1,0,1,0,0,2,0,1,0,1,0,1,0,0,0.3135661566062555,1
3.6533160866520795,105.8346279225517,272.6348166808799,65.10489159776704,0.2824105056652091,2.4994844204908633,0,1,1,1,1,0,0,1,1,2,1,1,1,1,1,3,0.5336059758103661,0
1.2828196711763213,42.021711038292885,122.7792414941275,36.2367807481821,0.04733050162156246,0.4634136827357044,0,1,0,0,1,0,0,1,0,1,1,0,0,2,1,0,0.7363842354424677,1
54.86208503779131,78.89140922533622,6695.963248262715,124.12655094635564,3.9500676600987417,4.292327112441614,0,0,0,0,0,1,0,0,2,2,1,0,2,1,0,2,0.1139311059311059,0
31.260781108881478,60.87539449832709,1957.336479936803,61.863949555252645,2.645751554183865,0.4068202557424384,1,1,1,0,1,2,1,2,2,1,1,1,0,2,1,3,0.2676622535419438,0
58.85234887441258,32.844069314934885,2096.3596430358857,85.73137827117274,3.9079428338817532,1.8371648726551215,1,1,0,0,1,0,2,1,2,0,2,2,0,1,0,3,0.0587864044168391,0
33.54426627565403,141.38829031952707,7180.820454909373,77.36132335495451,5.613960399874342,0.8010278354074142,1,1,1,0,1,2,2,1,0,1,2,1,1,2,0,1,0.0615483378277495,0
106.73763854950136,147.70080992661414,10447.14640950086,104.05448304587081,7.39006272627423,0.0,1,0,0,1,1,2,0,1,0,0,1,0,1,0,1,2,0.140541847041847,0
54.68259883653993,16.778279406467096,1490.1512996476058,31.46990635078615,2.654612798451711,2.0314642474012095,0,1,0,0,0,1,0,2,2,2,1,2,1,1,1,2,0.3104154948993659,0
28.63155367606285,59.07314821799118,2831.3039415426324,43.39730663906435,2.4014200858440944,0.7427448475104289,0,0,1,0,1,0,1,2,0,1,1,0,2,0,1,3,0.0871726217588286,0
79.2465329751067,32.947209171577335,1869.8463686624054,29.257088270692563,2.4915964818743395,3.1610453401455407,0,1,1,1,1,0,1,1,0,1,1,2,2,0,1,2,0.3073310147011692,0
38.10016121115189,121.25900647409593,8148.4216949907905,157.26686924548292,6.417079986004615,3.9857429268964055,1,1,0,0,1,1,0,1,2,1,0,2,2,1,1,3,0.3400969525114262,0
10.173596052342956,47.12958636152727,445.6147334529414,81.62151344499328,0.7538664092690834,0.9405440231133051,1,1,1,0,1,2,1,2,0,1,0,1,0,2,0,3,0.7500409003734372,1
22.94391995367675,23.9698372342269,867.3562965316689,21.248993783292793,2.7278676784880367,1.4520652075470997,0,0,0,0,1,2,0,2,0,1,0,0,1,0,0,0,0.1363305675805675,0
71.69160954146847,28.02694317562633,1219.0173321075376,47.025381761847335,2.5680190686634843,2.876714677367105,0,0,1,0,1,1,0,1,1,0,2,2,2,2,0,3,0.0751335257335257,0
66.51752772461124,83.86623063744142,10333.618669321117,171.4784182222144,7.8227197763215495,1.5871942450923928,0,1,1,0,1,2,1,0,0,0,2,0,1,2,1,2,0.1984300865399936,0
95.50799421520455,36.218748561300906,5614.068410944562,48.51055994100995,5.7057785587483405,1.5704797862758852,0,1,0,0,1,0,1,1,0,1,0,2,1,0,0,1,0.4335692017074624,1
15.504444949922114,140.77518034015122,2973.82999375832,129.60625760709286,2.781349829959943,1.5428680638231005,0,1,0,0,1,2,0,2,1,1,2,0,2,0,0,2,0.2391426084808436,0
25.88096308804268,162.04823098631596,2779.0407124174344,135.9012606891084,1.243674774228893,3.644871989408414,1,1,1,0,1,0,2,0,0,1,1,0,2,0,1,0,0.5148251011626649,1
21.137976098017596,53.81504802466891,1501.9459498890099,89.4400053190504,0.9332121998674991,1.9713828268780602,1,1,1,0,1,1,0,1,0,2,2,2,0,2,1,3,0.5649357896600836,0
52.758799368805,40.010863311332606,1359.7884935127133,16.048275491723697,4.72155292989221,1.4633978059786275,0,1,1,0,1,2,0,2,1,0,0,2,0,2,0,1,0.0838868972158445,0
109.38795183007913,35.34270270807074,3486.869122064593,55.36232572138631,8.842776006000607,2.0590531641170076,1,1,1,0,1,0,1,0,1,2,0,1,2,0,1,0,0.4042535951883658,0
3.680758422857166,50.37716862861815,156.39587550651797,82.22797058433814,0.19886240248676057,2.3291068620426394,1,0,1,0,1,1,1,0,2,1,2,1,1,2,0,1,0.6649385704353441,0
23.350759128074365,71.35604658945032,2814.7451919860014,60.57037657286655,3.1077558845680695,0.7749662913354037,0,1,1,0,1,2,2,0,0,2,2,1,1,2,0,1,0.1771862951862951,0
29.53308850900848,103.24545919533853,718.2904898388595,73.82761818582264,2.2098074173846065,1.3891316182053497,1,0,1,1,1,1,0,2,0,1,0,2,1,2,0,1,0.2194799299284593,0
64.49505289909578,28.989184347638815,2641.0605623214306,18.315745729269082,5.69289250628569,2.59705239756644,0,1,0,0,1,2,2,0,1,0,1,2,1,1,0,2,0.1260834882709882,0
28.875284065459915,42.09061343329782,2086.9272640194663,43.51553249238838,4.60639638125531,3.9112424321574366,1,1,0,1,1,1,2,1,0,2,1,1,0,0,0,2,0.3304252526766048,0
32.49688857214195,94.53265843269175,965.6676022642878,72.11152055094118,2.052431226359707,3.576798339000809,0,0,0,1,1,1,0,2,2,0,0,1,2,0,0,2,0.2150245006603702,0
41.65407292396337,27.914743218968724,2968.8257422090783,44.71653112632909,8.15635241210776,1.3523249690664303,0,0,1,1,1,0,0,2,0,0,2,2,2,2,0,3,0.4047250319956462,0
53.10199841917298,93.03131201082138,4790.281052394458,96.62333000427643,2.5687340307359947,2.4942520906020724,0,1,1,0,1,2,2,1,0,2,0,0,0,2,0,1,0.2877630712552901,0
51.59723564742861,41.28737525594714,1359.2254383301483,56.742906142560415,3.031040489742128,1.2192093884813762,0,1,1,0,1,1,2,1,1,0,0,2,2,0,0,3,0.1728735098735097,1
18.65673971382795,60.646239932633286,1911.8974510929395,23.875134288903087,3.028699933090742,1.1406174518310195,0,1,0,0,1,1,2,2,2,1,1,1,0,0,0,1,0.3683023157732455,1
48.38959818425878,139.128167910113,3473.6873138478227,135.98559627625863,2.1981765265987008,1.0045254433424207,1,1,0,0,1,0,1,2,1,1,1,0,1,0,0,0,0.4710709541428202,1
25.948176285117448,135.39335172364974,7032.480878061695,42.09556436233095,5.06710097736359,0.6068643156578156,1,0,0,0,1,2,0,0,1,1,0,0,1,2,1,2,0.0434658255974045,0
85.2511019136892,59.693818689582216,2944.917805904917,24.422660263455963,5.9729655618483095,1.658799780839644,0,0,1,0,1,2,2,1,2,0,1,1,2,1,0,0,0.5007366471711978,0
62.55624443887745,62.39316776570803,4250.788982002323,34.76877667295609,2.8710142585767,0.0,1,0,0,0,1,0,1,0,0,0,1,0,1,2,1,0,0.4949144701284955,0
2.672655082612964,54.28799146165419,69.8468066207564,35.548830284839745,0.24429642586199588,4.711771324155106,0,1,1,0,1,2,1,0,2,0,2,2,1,1,0,2,0.6592597125564168,1
24.026138039783987,54.91233556525276,1449.7123972021782,63.29317023301576,1.6318140066940647,0.0,1,0,1,0,1,1,1,0,0,0,1,1,1,2,0,1,0.4309085391112068,0
42.14630440233171,63.68619909754395,2857.0662529883507,89.00413478506468,2.172385968151896,2.7992907486902454,1,0,1,0,1,1,1,2,1,2,0,1,0,0,0,2,0.4109930490069627,0
11.493167637491245,42.375910982962274,235.6493862006804,68.44371217337168,0.8778700543974626,2.033583660575726,1,0,0,0,1,2,0,1,2,2,0,0,2,0,1,1,0.7159756820308173,1
30.60427789450762,18.868844410872487,1249.0765103176286,50.940103709721186,3.5751348259422784,2.092998608078669,1,1,1,0,1,2,0,2,1,2,0,0,2,2,1,3,0.0817624135124135,0
59.1442634637496,27.431019311044427,1304.3302801070383,37.634051762814835,4.973058859292956,3.2686877152256266,1,1,0,1,1,2,2,2,2,1,1,2,2,1,1,1,0.093538662461263,0
4.278921725678021,112.56295295411124,218.34351718585776,103.62343890258838,0.3620168142054159,0.0,0,0,0,1,1,2,0,2,1,0,1,1,1,2,1,3,0.7777766203069586,0
27.33366006091051,98.40588885895514,864.8988245949099,48.62117126759974,1.9478475547034537,0.8938116737941959,0,1,1,1,1,2,2,1,2,1,1,0,2,0,0,2,0.6683572261928118,0
14.320854198603463,32.121705846833734,3089.4351461641563,63.88086005049695,4.0581988136549665,3.722912487320745,1,1,0,1,1,1,1,1,2,1,2,2,0,0,1,1,0.1176185719354474,0
19.811055005021473,41.48096432633131,924.5075716612666,31.21809106671461,2.644796509482383,1.009460184642593,1,0,1,0,1,1,1,0,0,2,2,1,1,1,1,0,0.6991186737376657,1
61.336237213378084,25.16408703186531,1902.688027654592,40.793446928483924,4.427778725298724,4.351779256035108,0,1,1,0,1,1,2,0,2,2,1,2,1,1,0,0,0.3402463081943419,0
5.30448170760951,84.25936912489784,666.1380615093797,125.95138605533725,0.2980595234375942,2.4035690828180094,1,1,1,1,1,0,1,0,1,2,0,1,2,2,0,3,0.5301602643196848,1
3.4229532216662184,164.9716145956713,1067.1493191156403,139.14366894830212,0.40289396964895974,4.461707490320065,0,0,1,0,1,2,1,0,0,2,0,2,2,2,0,1,0.4181358300196535,1
50.034333232024856,99.15152243315181,3543.206523127349,48.858624398785125,5.039301915749528,1.8429495631271378,0,0,0,1,1,0,0,1,0,2,2,1,0,0,1,2,0.048297619047619,0
35.33172190045401,112.67247651572936,5539.0735236479695,47.05508647457098,5.795902603881102,5.982267134455771,1,1,1,1,1,2,2,2,2,2,1,2,2,1,1,1,0.4429871241631881,0
14.597157349697005,28.130179750749548,329.88455432297934,44.15839347103925,2.5929878673830387,1.8328247315925792,0,0,0,0,1,2,1,1,2,0,1,1,1,0,0,3,0.5928844354700912,1
2.908858123394369,69.34372905036552,211.7046911927422,59.85130710138475,0.23336283871413946,1.8890232434011245,0,1,0,0,1,2,2,1,1,1,0,0,2,1,1,0,0.6502566588993952,1
41.43168440369554,69.47364865208093,1948.093170425711,36.4174153332511,5.839168958625406,1.8368142634218805,1,1,1,0,0,2,2,0,2,0,2,0,2,0,0,3,0.0680860623781676,0
15.122382438524257,41.72029446493521,512.314149284835,22.890235748827738,1.9693223494918066,1.693656062691384,1,0,1,1,1,0,0,1,0,0,2,1,1,0,1,2,0.7104217322630512,0
65.01721293435219,96.62948891626026,3624.308652851063,30.0446239350749,4.952465823538234,1.4841697755981484,1,1,1,0,1,0,1,1,0,1,1,1,1,0,0,0,0.3702306436738118,1
47.4535816027215,89.9412425836084,2758.863536899741,44.70889796409617,3.6659121660324683,1.5701326443224448,1,1,0,0,0,0,0,1,1,1,0,0,2,1,0,2,0.112022374773874,0
63.84904842633348,50.911263718306806,4193.934469843948,38.316419922133086,7.022202727225036,0.9669256519574556,1,1,1,0,1,1,1,0,0,2,0,1,0,2,1,3,0.4095331230265818,0
8.210729377870011,169.1490088158782,512.2660503791125,63.18243790509081,0.5912485907046068,0.7318890573708814,0,0,1,0,1,2,2,2,1,0,2,0,1,0,0,2,0.6714321272399371,1
35.48223813465739,100.30417618521841,6735.576304345615,53.222678293513944,4.07442125019622,0.7872543337186064,1,1,1,0,1,1,2,1,0,1,2,2,0,2,0,2,0.4644944331983805,1
21.744787889259033,24.99704592484299,424.9520541588613,11.130359090784717,2.4000512844195634,1.481987004617856,1,0,1,1,1,2,2,0,2,1,1,1,1,2,0,3,0.5409427613779034,1
53.925298785646206,121.61580796663495,5551.133960101953,80.52977108699022,2.8421523071600348,2.778695871569036,0,1,1,1,0,0,0,0,2,2,2,1,2,2,1,2,0.2422705197852257,0
27.915329153957785,56.925607056805454,1634.5100376334672,35.76858118482344,2.4941530967588004,1.9145046096790934,1,0,0,1,1,1,1,0,2,1,0,2,2,0,0,2,0.2293163564448394,0
62.02028412258926,74.79804042309645,1787.8491832697844,44.19365302716109,3.3487307592287983,2.80398487220378,0,1,1,0,1,0,1,1,1,0,1,2,2,0,1,0,0.1331995695224797,0
15.972380432721707,51.13196258783969,331.71695005681,38.98702217637983,1.4756440214240552,2.0239985600241184,1,0,1,0,1,1,1,0,2,0,0,1,2,0,0,3,0.6888785662488104,0
19.259786694816626,73.07249380127594,1466.6092847312761,93.66707513047541,2.1723922866097447,1.8252832936058447,0,0,0,1,1,1,1,0,1,1,2,2,2,1,1,1,0.5791509811062499,0
45.51555823212344,17.424616536600276,1523.5913780305705,45.60613306694559,6.795915456856837,0.0,0,1,0,0,1,2,1,2,1,1,0,1,0,2,1,3,0.3982253094115752,1
36.208219777984205,178.78224017112368,2954.6431630245766,97.21996015184277,3.5865320519281827,1.2953728405115013,1,0,1,0,1,2,2,1,0,0,2,0,1,2,1,0,0.4113788896288896,0
34.260647493484015,89.58652203742551,1777.3757266285481,30.19592058106626,4.363865530087403,0.8341483856729426,1,1,0,0,1,0,0,0,2,2,0,0,0,0,1,2,0.4513934570253912,1
38.39781540733335,14.020985019872546,774.3639458646704,22.242555798899755,4.726830874475976,4.67948098937927,1,0,1,1,1,1,2,2,2,1,0,0,0,1,0,3,0.4533683282675074,0
91.45839555981954,172.84572617896677,7941.439340729512,139.72759670309966,8.524922123927437,4.727733903553403,1,1,1,0,1,0,0,2,2,2,2,2,2,1,1,2,0.1182426184926185,0
35.15354353585276,63.06629260374469,1561.9189306643455,54.639275437535396,3.3013798819515268,1.8476991282863298,1,0,1,1,1,2,1,0,0,1,1,2,0,2,1,0,0.1357732193732193,0
8.056390848183565,18.06772929102835,485.98633054890735,32.56220503682835,0.5768506937994122,5.96900620087767,0,0,1,1,1,0,1,0,2,2,2,0,2,2,0,1,0.7455040732687792,0
50.11857815915908,45.55606640651013,713.1555591974097,40.28072333446288,1.263790641172645,1.8069394360736937,1,0,0,1,1,1,1,2,1,0,1,2,1,0,1,0,0.1384419191919192,0
9.428706242554316,104.2778892317531,1993.6534145609535,126.6944072110521,1.2039301762100856,4.8861797400804985,1,0,1,0,1,2,0,2,2,0,1,2,0,0,0,1,0.5700891675117684,0
25.446148574568948,55.18111741553519,1174.8769257095719,61.79274516801696,1.9685375170185782,0.0,0,1,1,0,1,1,1,1,1,0,0,0,1,2,1,1,0.3600202637539593,0
41.61094298039209,45.13636929008805,844.2033802035119,15.41697566992574,3.2995338457802688,0.6335352657358512,1,1,1,0,1,2,0,1,1,2,0,0,0,2,1,2,0.4844006059021257,1
52.45780895740547,57.19692185916748,3988.8024954726407,39.869170902869946,5.115165192572311,4.740674016799135,1,0,1,1,0,1,1,2,2,0,0,2,0,1,0,2,0.2513892077747232,0
56.4961107454107,17.23493818687221,1925.965831568841,16.83028862254939,4.460524976841282,2.1508556410144966,1,1,1,0,1,1,2,1,2,0,0,1,0,1,1,2,0.1200342435342435,0
25.593523137458345,102.6908867764929,3943.7110278598666,71.45866449580969,6.1002149725033625,0.4683770048024535,0,0,1,1,1,2,0,1,0,1,0,1,2,0,0,3,0.0380568783068783,0
57.272033587441506,89.59091806859122,6898.150677452799,85.22262636431132,5.708926299194741,3.132226542283879,0,1,0,0,1,1,2,0,2,2,0,1,0,0,0,1,0.3109734639426701,1
51.566415243670384,69.69924828137053,2415.2844523389354,32.93227818957179,3.570823416996808,0.8441520105686131,1,1,0,0,1,0,2,0,2,0,0,1,1,0,1,3,0.413210531556499,0
62.44049205425578,76.73247138970706,3977.6241914643165,49.85704752697821,3.1785525728511006,0.0,0,0,1,1,0,0,2,1,1,0,2,0,0,0,0,2,0.138258658008658,0
65.23285047955271,97.7930997518646,6769.554048396969,70.23177594156134,5.291725863602418,1.199254269380377,1,0,1,0,1,1,2,1,1,2,2,0,1,2,0,1,0.4443899770702316,1
55.09358648255582,43.22955084243542,602.1036168893241,17.565190326784737,4.425047544174716,0.855236950270923,0,1,0,0,1,0,1,1,1,1,0,0,1,2,1,2,0.3895139946787226,1
43.675414501287854,90.1480720774378,1567.6517977039557,66.0024840531313,3.247282136032736,4.077008124527778,1,1,1,0,1,2,1,0,2,0,2,2,1,1,1,0,0.5590357753260569,1
23.10667592638754,81.29067546247244,1851.9009508321658,73.6319882507274,1.2400768720897328,4.058628595121951,0,0,1,0,1,0,2,2,0,0,2,2,0,0,1,0,0.4972791864139473,0
58.8090862197745,49.39241647424324,2901.7592970633514,88.56021915484926,2.990546202801176,2.4811352109742697,1,1,1,1,1,2,1,2,0,1,2,2,2,1,1,3,0.0989814501118848,0
38.45118640109766,47.55532294425591,6801.776147572554,99.01987890713895,6.124519059250629,0.6822313555616594,1,0,0,1,1,0,0,2,0,1,1,0,2,2,0,2,0.3115466962231667,0
33.802669897336784,74.70114981879074,4845.080375978524,135.17954765629136,2.0065767401771084,0.0,1,1,1,0,1,1,2,2,1,0,2,1,1,1,0,1,0.4220699021412263,0
27.054238047891698,70.7846853419046,3149.2958881466893,74.93804341474116,4.05926770098339,2.8547323354799943,1,0,0,0,1,1,1,2,2,1,2,1,0,1,0,1,0.450648205471594,1
12.836514733955886,16.16227841003789,639.4336917482639,25.36737649866731,0.7215710035804366,4.398136422800533,1,1,1,0,1,2,2,2,1,1,2,2,2,2,0,3,0.3065168907136991,0
95.93223039454674,142.07323595215962,9976.953056605447,61.871635283889844,6.63177811164124,1.6292421322130255,0,0,1,0,1,1,1,0,2,2,1,0,1,2,1,3,0.50351982314317,0
37.03780486144825,21.312335757478905,867.9756194381862,14.38150787992378,3.1005594542000687,2.5915194414933946,0,1,1,0,1,2,0,1,1,2,1,2,1,2,1,1,0.2483750123514828,0
5.621130829098734,122.14167144697099,481.9147020924009,122.39875460129815,0.7407931356143456,0.8838174447858602,1,1,1,1,1,2,2,2,2,0,0,0,1,0,1,3,0.3756609270359269,0
39.75979459981194,65.42501011674689,4889.140174697998,78.6715208998746,2.627122665220779,0.7320754948770367,1,1,1,1,1,0,2,2,1,0,1,0,2,1,1,0,0.1458405118846295,0
15.367986024017835,55.94681159892156,605.9229681479601,46.99352425947191,0.6873289502199089,3.0519989596153376,0,0,0,0,1,2,1,1,0,0,2,1,2,2,0,0,0.3807911883438199,0
32.287044202790476,90.41053934858101,1238.933619773625,101.33133350695537,2.1177127979530934,2.0757845871322247,0,1,0,0,0,0,0,2,1,2,2,0,1,0,0,3,0.5746381596896202,1
35.20529933909335,95.04813776877563,2903.705478630933,133.8474803024854,2.6567669833649594,2.5026190919165994,1,0,1,0,1,1,0,2,2,0,2,2,1,2,0,1,0.6507820631449395,0
23.8718618556723,70.94424415284831,723.1322343036876,43.95865815214126,1.9118847418075493,2.252579817368217,0,0,1,0,1,2,0,1,1,0,0,1,0,2,1,1,0.4731532660513352,0
8.643376445403835,95.33032222466343,1715.8528033165176,91.67381402605085,0.9663943404112147,2.030053616587578,1,1,1,1,1,0,2,2,2,1,0,1,2,2,0,2,0.5998597830821326,0
89.13797783852245,57.888179314066406,4422.60739682178,60.17579222759447,6.0703571986164055,1.4598885985117858,0,1,0,1,1,1,1,1,2,2,0,1,0,2,0,0,0.0423915343915344,0
68.48940046209236,76.88376668743473,3220.2014888639173,31.887182260061117,4.336847481692189,1.1542490265748855,1,1,1,0,1,0,2,0,0,2,2,1,0,0,1,0,0.3900326793271407,0
79.47220947521622,54.54193602587863,3286.179770872727,65.162844313401,4.6951933277484414,4.981372435000898,0,1,0,0,1,0,0,0,2,0,0,2,2,1,0,2,0.0476735301735301,0
2.4397485369779175,70.87496418760703,353.32919918874484,41.626251710098074,0.44970842933812094,1.1534014084365736,0,1,0,1,1,0,2,1,0,0,2,0,0,2,1,3,0.4855879398379397,0
34.55686167032394,74.68045764926501,1055.0700811936863,76.73607134541606,1.5269547105456254,3.189885875370998,1,1,0,0,1,0,1,1,0,1,2,2,2,1,0,0,0.6095862698477894,1
25.593420439630254,49.46694158696395,4548.877441444191,49.589261046221694,1.581732124020874,2.961651495226568,0,1,0,0,1,1,2,1,2,0,1,2,0,2,0,2,0.57571462021396,1
36.756996903563625,146.8139398472468,3800.856335039539,143.41316839249916,4.595169496736247,2.5736643494145657,1,0,0,1,1,0,1,1,0,0,1,2,0,1,0,0,0.4706188185913587,0
18.4911336452291,29.35617306928257,628.6942383055409,18.62615361495448,1.322309091629473,1.720237322555425,0,1,0,0,1,1,0,1,1,2,2,1,2,0,1,3,0.3160963295963296,0
0.9042911472714525,22.686200384641033,42.91128785104636,12.494985442512203,0.13202429652790243,2.4406922059268568,1,1,0,0,1,1,2,0,2,2,1,0,0,0,0,0,0.404325933870051,0
20.904880511342196,85.72048129757178,1083.727279075775,29.438238091690604,1.7667771431641088,2.4732398129558497,0,1,1,1,1,2,1,2,0,1,0,0,2,2,0,1,0.4618121608941087,0
71.04784996987036,76.43496638909942,1637.2971283100896,84.32916855600034,3.979241490458639,0.8148650001994785,0,0,0,1,1,1,2,0,0,1,1,2,0,0,0,3,0.5020601518354908,1
55.199165693877454,50.063866218644804,2175.436242415537,58.29059881736951,6.805884239916384,2.6373774208684173,0,1,1,1,1,0,1,0,0,0,0,2,2,0,1,2,0.3737494654007797,0
33.03732103535545,146.82079049208423,2324.9313567162585,43.56100452093017,0.994051495191023,3.8227030583094317,0,1,1,0,1,0,2,0,0,1,2,2,0,0,0,2,0.5077057173818974,0
49.38337242133816,19.563410246842526,3079.1143601178374,39.16094559204276,4.65866003111596,2.1757356199867695,0,1,0,0,1,2,2,1,2,1,2,0,2,0,1,2,0.3659416373571101,0
24.59280063823645,33.824289428171575,743.1414415030684,27.419269567278956,1.992001914215384,4.094031525814952,0,0,0,0,0,2,2,0,2,1,2,2,2,1,0,1,0.5142749447992094,0
6.330400631379267,142.31978482384434,608.6802469985846,104.47643080023626,0.3804561476135848,1.0241192970444597,0,0,1,0,0,1,1,1,0,2,2,0,2,0,0,2,0.3749796253129585,0
28.23079250602118,99.32703433954025,4362.174890499023,49.51764542969659,5.403827333145962,0.7812541900744667,0,0,0,0,1,2,2,0,1,0,2,2,0,2,0,2,0.1455730745383878,0
3.899369149280406,76.81657220667236,301.4405859722002,85.30679740218604,0.18578541037567606,6.280348270283493,1,0,1,0,1,1,0,0,2,0,0,1,2,1,0,3,0.412942620397032,1
52.40905007469827,131.78000870861302,6640.640378946032,73.37219567645225,5.020573835269243,3.5445304189338316,1,1,1,0,1,2,2,2,1,2,1,2,1,2,0,1,0.1378893241834418,0
13.246167778416165,90.35391178622685,533.4551339599561,130.0066593299162,0.41204470620120137,1.4277458518720403,0,1,0,1,1,1,0,2,0,1,1,2,0,1,1,1,0.2577464853401386,0
6.084646910605971,38.626602585286264,389.51900425176484,22.995645086933187,1.3140038551899438,3.0242213472413386,1,0,1,0,1,1,0,0,2,1,2,1,0,1,1,0,0.4139646885765304,1
7.676348208379789,87.49859030785957,306.7146465215479,83.27093680811058,0.3713825425147087,1.4351968602097716,0,0,0,0,1,2,1,2,0,0,1,0,2,0,1,0,0.7153040853293917,1
60.76030060486562,91.88123404077625,3852.041662980838,53.5219158797295,3.785078217306683,2.7096447069454968,0,1,0,1,1,0,0,2,1,2,0,1,0,1,1,1,0.1022607515940849,0
38.30352380381471,55.77048397981473,1674.3189598118088,38.66141087494936,5.160376079983687,0.8467725197974638,0,0,0,1,1,0,2,0,0,1,0,0,2,1,1,3,0.0979933862433862,0
4.274502258897755,59.70981567525695,278.02779421716826,43.09151332940815,1.0176671908242592,1.911157584661026,0,1,0,1,1,0,1,1,2,2,0,2,0,0,1,2,0.7316585625616887,1
21.95092631762386,168.12698520662767,1033.1730661243043,122.59388718271659,0.778492973056967,1.0563380165300316,0,1,0,0,1,0,2,0,0,0,2,2,0,2,1,0,0.5016099864795558,0
28.51125205385368,22.55074210312769,1732.2947990034966,21.946566757328533,2.6179888204355075,1.6544740086377918,1,0,0,0,1,0,2,1,2,2,1,1,1,1,1,0,0.5405679922736927,0
10.548259152359973,41.29448321182933,142.64370208403574,13.037595578128592,0.7392224545009562,1.1576938010659312,1,1,0,0,1,0,2,1,1,2,2,1,0,0,0,2,0.371577050343304,0
39.18956250052622,22.33053858959908,1094.4718815189299,37.101863969056524,4.830703945834964,4.679923194352904,1,0,0,1,1,0,0,0,2,0,2,2,2,0,1,2,0.0882274646649646,0
76.86335081472129,42.541755283424514,2687.404304204697,22.14480347908788,2.236953801489449,5.6679796120475565,1,0,1,0,1,1,1,2,2,1,0,2,0,1,0,3,0.3348525972813898,0
22.712379394981618,52.91668104986066,1672.4378164335692,54.332099321578845,3.8312400304093517,0.7540983986318985,1,1,0,1,1,1,1,0,1,0,1,2,1,2,0,2,0.1631726742756154,0
11.66213312507465,45.11944667613047,351.0312803598259,30.897595646111014,1.4102058216409126,0.0,0,0,0,0,1,2,1,2,0,0,2,0,0,0,0,3,0.4273682039781109,0
57.65814246311758,94.44491768735514,3137.8629707057817,77.56055247409388,7.221384424870308,0.7201186333073726,1,1,0,0,1,2,2,2,1,0,1,1,2,1,0,1,0.0529014041514041,0
2.314431637833907,10.39208188174039,29.316176486392838,25.770542830270255,0.1071596157548799,2.329132165339284,0,0,0,0,1,1,2,1,1,2,0,2,1,1,1,2,0.5205838497014968,1
17.38263806703665,76.06670683802564,3784.5859001523313,84.51348086209319,1.475723774352412,2.373968019562666,0,1,1,1,0,1,1,2,0,0,1,2,2,2,1,3,0.4709574483013841,0
10.881229031700924,79.4643017155748,290.95598834135905,55.441644953659534,0.8163305303356082,3.4840921179489612,1,0,1,0,1,2,1,1,2,0,0,2,2,1,1,0,0.6070982263235155,0
6.72269121802825,96.04276535767069,813.2739848584281,51.69304309909257,0.7632481695772885,1.597629862137373,0,1,1,0,1,0,2,1,2,0,0,0,0,2,1,0,0.7017353915471704,0
3.068896632483905,14.393911890871214,65.59373543246565,7.08733886544991,0.23142764557407608,0.7798607901865567,1,1,1,1,1,1,0,2,1,0,1,1,2,0,0,3,0.4970552152096269,1
21.93482065355743,158.47411637489924,4531.737601216597,56.44695142144765,1.0859935225706208,2.739669509784598,1,0,1,0,1,1,1,0,2,2,1,0,2,1,1,0,0.6101063819914435,1
18.75788899458679,22.02407781990145,1567.9861800080637,13.538083166420517,2.1447147657031116,2.9100547256579024,0,0,1,0,1,1,2,1,2,0,0,2,1,0,1,1,0.1319801445830857,0
31.762762341863162,47.171122949638715,1226.665307240498,47.812811399288336,3.529281994636953,4.343169640573159,1,0,1,1,1,0,0,2,0,2,2,2,1,1,1,3,0.467943319588543,0
72.9411965469032,54.09139665721297,3599.624308625787,77.71858655718376,5.863851532124908,1.1910095398159606,0,0,0,1,1,1,0,0,0,1,1,2,2,1,0,1,0.4772204065031323,1
28.784047452501817,115.10411544382119,3290.3241224316494,50.87263974358081,1.581468176250582,3.2203218257667467,0,0,1,0,1,2,1,0,0,2,0,2,2,2,0,3,0.487729719276427,0
2.538747774593517,165.2509723166772,466.88974444523336,91.49555029459687,0.5003869976783466,2.024299333482524,0,1,1,1,0,0,1,1,1,0,2,1,2,1,1,0,0.7274605862547041,0
16.929548491199977,97.4509380040032,2318.188715969206,41.31672866424592,2.529054015015084,0.9590545279955562,1,1,1,0,1,0,1,2,1,2,2,0,2,0,1,3,0.4446525763580602,1
18.07141115508334,43.62909438312835,1168.7378057452522,27.478451285423464,1.9570653219949568,0.8449669299645939,1,0,0,0,1,1,1,0,0,0,0,2,0,2,1,0,0.2487675962123724,0
81.95818341222142,32.80827069577566,926.9743396267248,33.91041564103038,4.513438026682016,2.648537017375229,1,0,0,0,0,2,2,0,0,2,1,0,2,2,1,2,0.0568775113775113,0
40.413444283929486,65.64090692820514,2980.494861779037,30.327892550358083,3.020316956185974,2.6441314484648837,1,1,0,0,1,0,2,2,0,0,2,2,2,0,0,0,0.2898981053455217,0
15.078210189288232,76.05446057667449,1176.4044170492248,43.42214246526828,0.6923191321688582,0.5785246266879601,0,1,1,0,0,0,1,0,1,0,2,0,0,2,0,3,0.3555796289396244,0
76.01027322318873,78.45057655920968,2326.7222880705317,76.34189548379668,7.411104636651091,3.0567492897593875,1,1,1,1,1,0,0,1,0,2,0,2,2,2,1,2,0.0527171809671809,0
62.97984752040085,168.5578929106327,3426.277967789065,79.02771930860514,4.2543302699335745,2.1662348215026874,1,1,1,0,1,0,2,2,2,0,1,0,2,1,0,2,0.2469258393722679,0
72.66761431912326,83.60912160347443,3696.202824113632,51.23893351049241,3.105822241776796,3.6646648948076916,1,0,0,1,1,0,1,2,1,2,0,1,2,0,0,1,0.0420245866454577,0
54.61301568372532,80.60378801429098,2490.7921477380182,77.07084511574028,3.228189119635203,1.1165259941019468,1,0,1,0,1,1,1,0,1,1,0,0,0,2,1,3,0.0423070956677767,0
17.064720750362717,28.343145042992248,925.4992838394477,31.784004180213575,2.64368061680685,0.0,0,1,1,0,1,0,0,2,0,1,1,1,0,0,0,1,0.6366074765789014,0
35.42050410366081,25.775439486669242,3360.120139452218,59.1628272519368,4.861444919362079,0.5392106495966914,0,1,1,0,1,1,0,2,1,2,1,0,0,0,1,3,0.2501053303317718,0
23.128641691770465,53.695773806744924,1362.5793143722208,29.82329176529781,1.095905455344183,2.0689638815188047,0,0,1,1,0,1,1,2,1,2,0,2,1,1,1,3,0.5624539964932314,1
36.52257482624624,60.78096520537071,4396.100752969442,83.23321568602013,2.7841605477976903,3.7320128751712085,0,0,1,0,1,0,0,1,2,1,1,2,0,2,0,0,0.1229431719696425,0
33.06390482150477,105.10653618814638,6229.581929241168,72.9207359194862,4.639830367361103,1.5379097369446422,0,1,0,0,1,0,1,2,0,2,2,1,0,0,1,0,0.0532346857935093,0
66.93110165175369,117.32618253529257,10716.575370505718,90.6552280007167,2.5001368736475422,2.2739470669920974,1,0,0,0,1,0,2,2,1,1,1,1,2,0,1,2,0.4147186620568971,0
38.537000932913834,51.98630333082397,4676.3540917051205,135.5369109846186,4.272724206571741,5.706272084108605,0,0,1,1,1,0,1,2,0,2,2,2,0,0,1,1,0.4885356412150777,1
39.4000184186123,102.48796320311106,2366.1987813280484,112.10292425386872,8.74654732140763,1.0371416620028318,0,0,1,0,0,2,2,2,0,1,2,0,0,0,1,1,0.4828147062395307,0
20.36323676414686,137.6517141057283,4171.488240275315,63.080304467166556,1.5655187586883708,1.3302069739458764,1,0,1,1,1,1,1,1,0,1,0,1,2,1,1,3,0.2699175818734641,1
7.9100540352070405,38.29633945495271,553.5298835873136,80.36042850225594,1.151255004164996,0.9051640432775476,0,1,1,0,1,1,0,2,1,1,0,0,0,0,0,1,0.3550460566631549,0
31.079902830055904,73.92697650211561,5753.366408554943,56.070657659637725,2.712568612668747,1.128370338000181,1,0,1,0,0,2,1,0,1,1,2,1,2,2,0,3,0.152521733440851,0
110.33763021972848,34.670677402319924,1236.4055096008615,19.196185593442618,3.870586268856965,1.0371730672251138,1,0,0,1,1,1,1,2,1,1,1,2,1,2,0,0,0.169956672956673,0
28.011720822446005,82.6855355319215,4437.404949882014,25.278246187843347,3.9491838121274463,4.017215526226483,0,0,1,1,1,0,2,0,2,2,1,0,2,2,0,2,0.4250753029608465,0
44.05457287755507,56.71012694513437,2186.4568829397945,44.743577285479304,2.746809714926656,2.094873729154453,0,0,1,1,1,1,1,1,1,1,0,1,2,2,1,2,0.3557456971914997,0
4.784459258021125,110.58653492941303,1031.1454344577587,123.29185957093456,0.8172370299859575,1.7201038801570976,1,1,0,1,1,0,1,1,2,1,2,2,1,0,0,2,0.3908110440757498,1
6.784523411290343,97.78529915112807,945.8545311728394,126.09918472501178,0.48999460788308213,0.0,0,1,0,0,1,2,0,2,1,0,2,0,0,1,0,3,0.4007523078773078,0
22.1586287145345,69.3252301222895,5833.514060867949,96.33598773695196,5.475454520532374,1.0235132795487691,0,1,1,1,1,0,1,0,0,0,2,1,0,1,0,0,0.3709909506755561,1
2.849423593952539,51.59404342720153,360.368394171307,54.40538072960343,0.3445966098919516,0.0,1,0,0,0,1,1,1,1,0,1,1,1,1,1,1,0,0.6080954043424682,0
20.247235956470792,21.675164446284892,716.1480869421425,13.546394824699114,3.0804051242688213,2.3816237048565956,0,1,0,0,1,0,0,2,2,2,2,0,2,0,0,1,0.2852437516187515,0
22.430616283066723,32.87150782168692,1802.6315407935003,18.60416334167353,2.098532125538608,1.0875275080006004,1,1,0,0,0,1,0,2,0,1,2,0,0,2,0,2,0.1283815394844806,0
45.93157671502422,69.86461645363765,2354.144802254052,100.88892152179332,1.6093646847224483,2.5099194434950984,0,0,1,0,1,0,1,0,2,1,2,0,0,2,1,2,0.6034902783188014,0
13.038493981218148,55.87706764208152,737.455385739545,98.41802602953975,2.0680279251256732,0.0,0,1,0,0,1,0,1,0,1,0,2,1,0,0,1,1,0.6046961136502643,0
23.95164659333789,10.697652004131747,603.903847908335,20.496909891673106,2.1168976326851183,5.1818321800248786,1,1,1,0,1,2,0,2,2,1,2,2,2,2,0,3,0.5442967366239425,0
57.692357051530216,28.8652392500107,2778.5479715119745,32.22048438109498,7.24456413900942,1.0040193491741836,0,0,0,0,1,2,2,2,0,2,2,1,1,0,0,2,0.0632592592592592,0
28.83566985866124,58.24741079484768,1896.911757881812,66.53528411714551,1.5072814953018734,1.686871418494352,0,0,0,0,1,2,2,0,2,2,2,0,0,2,1,2,0.5493990381290857,1
19.323003015645313,131.14371362234317,1647.98665320869,154.5518736272498,0.5312853437265569,1.3817853386676875,1,1,0,1,1,2,1,0,0,0,1,1,2,0,0,0,0.5429942346324698,1
41.516856151723715,48.899468471652476,2576.4983045185068,40.441940527824684,8.487173690834346,2.714283377558067,0,0,1,0,1,1,1,1,1,1,2,2,1,0,1,3,0.2266299993648372,0
93.53148074908263,152.82012053785328,8636.582590972019,119.33193450196235,5.826402269952031,4.519269056723955,1,1,0,0,1,0,0,1,0,0,2,2,2,0,0,0,0.1021179746179746,0
85.38696366538024,109.7022634199336,5888.127105538041,62.483415202445634,2.479593214103422,3.825625704065669,0,1,0,1,1,2,2,2,2,2,0,0,1,1,0,2,0.0945716478510596,0
50.483426927020275,65.7035066941912,1566.7600256032408,56.61255098160654,4.377865786038953,1.9938066515710149,0,0,1,0,1,0,0,2,1,1,2,2,0,1,1,0,0.3792099277099646,0
6.8900517728089055,65.63218947767625,1503.3684146633782,59.59041975450869,0.5844249566940919,1.2471159883852598,0,1,1,0,1,0,0,2,1,0,2,1,0,2,1,3,0.6366656219725363,1
14.351642810270274,106.21917480011359,790.3852901392648,89.96153208582245,1.1585277438351185,1.0060848629349657,0,1,1,0,1,1,1,2,1,2,0,0,1,2,0,0,0.6278816858291144,0
8.963337750694489,62.57950417132391,1013.4567212205019,50.67930249121105,0.7105652019390659,3.0194260532456276,1,0,0,0,0,1,1,0,0,2,2,0,1,0,0,3,0.4442014306081655,0
43.779353981877534,63.55323290343453,2871.135409447561,94.9782755999962,3.4603891047228745,0.8144523890740614,0,0,1,0,1,1,2,1,2,0,1,2,1,1,1,1,0.6008454102595642,1
11.818762178258455,182.0254589551598,2676.444612267849,62.204267664040515,0.7692663304770164,1.327583464566818,0,0,1,0,1,2,1,2,1,1,1,0,0,2,0,0,0.5971201322614959,0
104.99385044846501,63.95923979246125,5482.709082553552,76.533835118957,8.445056419740911,1.9192743038862712,1,0,1,1,0,0,1,1,0,0,2,2,2,0,1,0,0.3845565761127392,0
40.97622423207318,58.71463026648363,2566.6324059447356,82.03783214525893,3.566394412725759,1.4268263512535273,0,0,0,0,1,0,1,2,1,1,1,1,2,2,0,0,0.5701382661191926,0
14.505171349427188,126.90586094562566,4094.4102408839976,53.638696216325734,3.5586245701068537,0.0,0,0,1,1,1,2,0,2,0,1,1,1,1,1,0,0,0.5201497317966979,0
1.5564844606127104,86.12996434647489,214.92142358185708,102.84940961142199,0.21986352740125806,1.2273689725944765,0,0,1,0,0,2,2,0,1,0,0,2,2,2,1,3,0.6653971574340568,0
3.0725311868772645,150.51207434288702,634.0089830939407,109.03784227801191,0.45147973554839177,1.230083161250288,1,0,0,1,1,1,1,2,1,0,1,0,0,1,0,1,0.515388338967286,1
23.751323137204658,16.037240879824576,863.9878452066218,42.16555592193669,2.2301686934757137,2.079756780304006,0,1,0,0,1,1,0,2,1,1,0,2,1,0,1,1,0.7503013895485644,1
50.93586566405213,37.848381816814054,2933.0752830383003,37.82648174447509,3.2217544116300685,0.6871085973502307,1,1,0,1,1,2,1,1,0,1,0,0,2,1,0,2,0.3968827248459599,1
55.571988557787876,69.15507094191193,4503.912832522091,85.92923842950347,3.6812371233734966,0.5462849690934167,0,0,1,1,1,1,2,0,0,0,2,1,0,2,1,1,0.5875514377137512,1
81.67032152424704,28.33155645666915,1223.6454616971878,26.538329569263173,7.161638094805948,3.511717196320382,0,1,1,0,1,1,1,0,2,1,2,2,2,0,0,3,0.5143460695700192,1
28.780384670844825,134.89466168912048,945.7519721560109,78.80830890722467,1.2959547425978024,3.219248176344757,1,1,1,0,1,2,0,2,2,0,1,0,2,1,1,1,0.6135391049237577,1
16.99721296273469,47.18843887549066,1409.2077026095542,115.58932482711683,1.6610509248457797,3.895954927714507,0,1,0,0,1,0,2,1,2,2,2,1,2,2,0,2,0.3896890688478666,0
47.70383735812286,14.911993977765352,1214.4585575953042,25.567998574399834,4.312738099680567,1.261348126406189,1,1,1,0,1,2,0,2,2,2,2,2,1,0,1,3,0.1819022089022088,0
37.029779846811266,56.47859320896869,1809.5969233113751,61.606888025915964,1.3301286945508257,1.1549609875821476,1,0,0,0,1,0,0,1,0,2,1,1,1,1,0,3,0.226805260295123,0
71.15430889187358,127.45512994871326,5456.04676916162,81.85793676173891,4.481281739058654,1.2169596529874398,1,1,1,0,1,0,2,0,0,0,0,1,0,0,0,0,0.0663789081289081,0
17.6631674348045,126.94206385991704,2158.8614375940183,73.88484595215719,1.049137605858811,3.16466164330731,1,1,0,0,1,2,2,2,2,1,2,2,1,1,0,2,0.3224460525857582,0
2.0309053758428814,16.734502045881136,39.90453793490766,17.237445014440702,0.15323499520524625,0.0,1,1,0,0,1,1,1,2,1,0,0,1,1,2,0,1,0.4917616773286829,1
1.6895817994297868,24.383098112513167,78.98601927620389,48.25758001177849,0.5291513893047879,2.692354989684824,1,1,0,0,0,0,1,2,2,2,0,0,1,1,0,1,0.7532687970210535,1
57.10282046053512,45.23154609430679,578.7622057519475,20.891079737664747,3.2268610333361853,0.7082839733504872,0,0,1,1,1,2,2,0,0,2,2,1,0,1,0,1,0.1328448160027107,0
25.886811120102244,38.92795036664727,1547.6286552693418,61.245777687950905,1.530420888487672,4.073382005277678,0,1,0,0,1,0,2,2,1,1,2,2,2,0,0,1,0.4865701381200361,0
36.21045477985205,35.54125303985699,3025.9537382347357,53.70266154101971,4.545526016276242,0.0,0,0,1,0,1,1,2,1,1,1,2,1,0,0,0,0,0.142278803717071,0
88.15019313087252,19.516617700882673,2466.2051499334784,42.776804006381134,2.5799714998464163,1.4180626521555215,1,0,1,0,1,0,0,2,2,0,0,1,2,2,1,2,0.2830313714275385,0
44.42546471069221,29.743038830435324,638.4510441780005,12.38878717405929,1.5403367027880939,4.211499584630061,0,0,0,1,1,2,1,1,2,2,1,2,2,1,1,1,0.250150553150553,0
38.59303286645277,175.6352537040476,7457.411166132648,157.30490557571716,5.179701539546955,2.82459062782445,0,1,1,0,1,0,1,1,2,2,1,2,1,0,1,0,0.175739861989862,0
9.366953710010685,34.3128365636706,357.06559931238104,32.50617078809769,0.8809701299658594,0.6509410147284965,1,0,1,0,1,0,0,1,1,1,1,2,1,2,0,3,0.6014525622036844,0
22.905372821580713,73.1447694626938,2839.0951577588376,51.53094054560048,3.873216745264298,3.093430758823785,0,0,1,0,1,1,2,0,1,2,0,2,1,0,1,3,0.1481864939573272,0
17.391546905649506,79.47337398195292,2771.103186709441,93.11564715977505,3.2202718368314627,2.710908737139558,0,1,1,1,1,2,0,2,0,2,0,2,2,0,0,0,0.1626174658674658,0
21.411645774801137,60.730252195604216,790.0712919697959,40.01594062892238,2.509900073797582,1.0927173960766776,1,1,0,0,1,2,1,1,0,2,1,2,0,0,0,2,0.4199584246285691,1
29.984603810071004,121.34943478066201,5122.684021924336,117.68075047049184,1.3232622813551935,1.1938501130983326,0,1,0,1,1,1,0,0,1,1,0,2,0,0,0,1,0.1339651345386639,0
15.135958939481053,47.07334241740113,925.6465854520577,49.44504341181925,0.5397751799994327,0.5717609148514513,1,1,1,0,1,1,0,0,0,1,1,2,1,2,0,0,0.3332732635012047,0
19.08663841384296,57.80998710739105,4571.199503833542,162.1630957781383,2.271651290588797,2.943570934185331,1,0,0,0,1,1,2,0,2,1,2,2,0,1,0,2,0.2445598938098938,1
31.044358708686154,20.95135790575327,283.659679762192,30.389978104527902,2.7036393349364105,0.8965162684037726,0,0,0,0,1,2,1,1,1,1,0,2,0,2,1,1,0.6477724927858217,1
10.948991545150948,71.90433565594154,546.6877348604023,64.1207808798615,0.8884640385284477,0.0,1,0,0,1,0,2,2,0,0,1,2,0,1,2,1,2,0.8116599253916879,1
42.72574494071769,122.63791875710865,3981.4468816374037,116.31015560422058,3.0906810345806566,1.1845396347930126,1,0,0,0,1,1,0,1,2,0,2,1,1,2,0,2,0.272419158468577,0
31.820546650522648,36.80491377917573,1464.2224928713395,23.021036203172645,3.3435653915420294,0.5680516058826108,1,1,1,0,1,0,0,1,1,1,1,2,1,2,1,3,0.2465971546770093,0
16.157283611854968,28.681398682139783,1589.8058461386408,94.25985821688388,2.637198343084343,2.346011342383667,0,0,1,0,1,1,0,1,0,0,0,2,0,0,0,2,0.1059757894798463,0
55.11879421363103,43.09662401650214,678.1511420403884,18.6655808601867,3.858289446312311,1.0779846672959068,0,0,0,1,1,1,1,0,0,0,2,0,2,2,1,1,0.1809184102934103,0
19.44798860096374,45.193485029185574,2121.693995430227,79.48312870644983,0.9601138594886092,2.192221371771943,0,1,1,0,1,1,2,2,2,0,2,1,2,1,1,1,0.1774829386299974,1
26.26490735809039,41.79023560209454,872.7444020989415,41.02518141346927,3.4384962793214218,4.723572826697418,0,0,1,0,0,0,2,0,1,2,0,1,2,0,1,0,0.1015450944766734,0
80.20400515853967,93.38275349017071,2460.6333299979874,121.42179112589844,6.75663681600181,4.032942116307442,1,0,0,0,1,1,2,2,2,2,1,0,2,2,1,1,0.1762725915152385,0
20.80110445995562,38.55116605770347,313.60247373410897,38.66425300604962,0.9142410782630269,3.0711973967649895,1,1,0,0,0,2,1,2,1,0,1,2,0,1,1,1,0.366907290388876,0
43.87818214777026,62.507776076613766,3622.8689971420254,52.03936524916872,6.577569061201344,2.110485660411891,0,0,0,0,1,0,0,2,0,2,2,2,0,1,0,0,0.0631424501424501,0
49.03467608119529,91.4661494799073,5547.533427543687,116.71148686186798,7.165643990455582,0.0,1,1,0,0,1,0,1,2,1,0,2,1,1,1,0,3,0.0936216931216931,0
12.21651038175639,65.88071246610748,550.6235147807042,43.36866894691406,0.39186430569335773,4.221324995581991,1,1,0,0,1,0,2,1,2,2,2,0,2,0,0,1,0.7269373024456878,0
42.612488636532504,34.56966356453023,4821.928621851746,81.5808417571226,7.02774813267994,2.663221518576556,1,1,1,0,1,0,2,0,0,1,1,2,2,1,0,1,0.1462894977475188,0
54.687030360715625,74.73438898933868,1227.4989153638674,89.93727039004804,2.5396144536781935,0.0,0,1,1,0,1,2,0,0,1,0,1,0,0,1,1,2,0.0925255022755022,0
22.218555838873144,17.574179786647846,1271.068058959489,29.183749290631127,5.184051666592231,3.5908303068094236,1,1,1,1,1,2,1,1,2,0,1,2,0,0,1,1,0.4187715776287204,1
12.402387387444588,12.198933393586437,340.7730346466556,21.745200822761422,0.6100936349131996,1.5738947909734866,1,1,1,0,1,1,0,2,1,0,0,1,2,2,0,0,0.6316988136662047,1
29.76094074036446,30.66184656322678,4737.706443563877,65.86143805050118,5.197091549714015,4.503277148325605,0,1,0,1,1,1,0,2,1,2,2,2,1,2,0,3,0.0674047619047619,0
31.596729916244303,113.47101866401975,4734.0956314458,57.13551808736088,3.974038784307862,3.2822881892995657,1,1,1,0,1,1,2,2,2,0,1,0,2,1,1,3,0.5077016918266918,0
16.80592377146568,56.163697369307044,2628.3510789205952,38.1022847113614,4.382457071768385,1.5740341955274257,0,0,0,1,1,2,1,1,1,0,0,2,2,0,0,2,0.5415310245763132,0
15.901413820752186,126.88160770666622,977.4869480904151,46.311415923433444,1.2286074573266015,1.453341730804953,1,1,1,1,0,2,2,1,1,0,2,0,2,1,0,3,0.4965603156103155,0
63.71756715517438,13.447734435649698,1597.188651799849,29.785807372711606,2.3750529167990635,3.1435574192373643,0,1,0,0,1,1,1,0,0,2,0,2,2,1,0,0,0.3741674093556242,0
25.565188929170183,48.29859902416796,5231.0389881121755,91.90662697769102,4.83560739639261,3.0863263059662938,1,1,0,0,1,1,1,1,0,0,2,2,2,1,1,0,0.2362736038471332,0
2.9164315810745967,97.33101899934506,244.66700470500777,73.98634728908522,0.368470861204169,2.0969228230706736,0,1,0,0,1,1,1,0,0,1,1,2,1,1,0,1,0.7008531347604299,0
2.6352633521425552,76.7112710166638,233.6478037860189,31.141052071577057,0.07945780032134217,2.5793637418617426,0,1,0,0,0,1,2,0,2,1,1,0,1,0,0,3,0.559655474427533,0
9.03774386678947,20.17425122464333,196.99455923541237,10.834239694710208,0.5726660049252787,1.024621018067208,0,1,0,1,1,2,1,1,1,1,0,1,1,2,1,3,0.4964042901542902,0
30.238895226402786,58.7307333896273,4157.2848491297955,118.39282763631917,4.890742101225249,0.4993431462304969,1,1,1,0,1,0,1,0,1,2,2,1,0,2,0,3,0.148279008029008,0
40.413962937072846,70.56608175828167,4459.361912674774,97.31593992415966,3.0068037018874594,1.1039657915731356,1,0,1,1,1,1,0,0,1,2,0,1,1,0,0,0,0.2468045750545749,0
41.60870491829935,75.9177189986073,3867.8923318758107,56.524336235048644,2.2632886640884644,2.2263967963623923,0,1,0,0,1,1,0,1,0,1,0,0,0,1,1,0,0.2830017158355882,0
2.869655037693075,74.39629045201946,140.09759084567798,47.29141366079562,0.1954474447806904,0.0,1,1,0,1,1,2,1,1,1,1,0,0,0,2,0,3,0.7736725075604453,0
6.763750946977058,36.637836255149544,662.4588196439021,51.5855930978088,0.708486409793216,0.0,1,1,0,0,1,1,2,1,1,0,2,0,1,2,1,3,0.732980712710943,1
9.164937066479501,37.84436116170583,138.16317187412176,37.886384258172036,0.8729968957144195,0.7202109263788754,1,0,0,0,1,2,1,1,0,1,2,1,0,0,0,1,0.3844720874895575,0
41.86112349901629,162.92995435172946,5272.997538936516,69.77232205823066,2.9641793084364383,1.5901710660612847,1,1,0,0,1,2,1,2,1,1,2,0,2,0,0,3,0.4222321611283702,1
59.2716620767274,93.85126220634898,5772.40014563991,124.124660867294,1.653517611661914,0.8741155432238161,1,0,1,0,1,2,2,1,2,2,1,0,0,2,0,2,0.0758565323565323,0
19.640020538100313,19.910083793738472,693.6833073527774,22.35031410941839,1.1379652645843161,1.1867415140317066,1,1,1,1,1,1,2,2,0,2,0,0,0,0,0,2,0.2668426434676433,0
88.89336559015481,58.52855985798932,3733.9600294840784,133.01466799671897,3.561187115465333,2.2331877935548956,0,0,0,0,1,1,0,2,2,1,1,0,2,1,1,0,0.0492063584563584,0
78.00101291348508,51.911357624456784,2333.1410965581413,60.56112858788423,8.092689581664832,0.0,0,0,1,0,1,1,0,1,1,1,2,1,1,2,1,1,0.0449307296017822,0
54.49416024296249,41.29923055546387,5156.163717038337,80.73622715853229,4.363786060981572,4.481586329208648,1,1,0,1,1,0,0,0,0,2,1,1,2,0,0,2,0.0394120324120324,0
23.3141045245993,34.013967512335526,2033.6624232983545,18.428219177874,3.683710594044066,1.2410632975972484,0,1,1,0,1,1,1,2,0,0,0,0,1,2,0,1,0.1513782484571958,0
20.221447766731057,23.1963675037058,564.1308930576552,51.98724572607636,1.7022572594356569,1.0192099462293367,0,0,1,0,1,0,2,0,2,1,0,0,0,1,0,3,0.3557823380323381,0
57.790741863421054,146.59404534261023,5872.38601839174,125.34957789868966,2.4817769980311515,1.2600293049376106,1,1,0,0,1,2,2,1,0,1,1,2,0,0,0,3,0.1007808210308209,0
2.582745512458241,55.97476900109151,78.38235640381428,39.573223228747324,0.38213526380368945,1.866681272067642,0,1,1,0,1,0,1,1,2,1,1,1,0,1,0,0,0.8580035447088388,0
47.24784028190472,24.104925180038297,1810.151446258016,65.79635812994377,4.739923913872997,1.3702617036236804,0,0,0,0,1,0,2,2,1,2,0,0,2,1,1,2,0.3998009403777789,0
44.06520217731403,15.576997441082552,2410.739337853267,39.21550627781601,7.459791069600865,1.2237547660615915,0,1,1,0,1,1,1,0,1,1,1,2,1,0,0,3,0.4109222933071235,0
13.48399460019607,81.75790095620017,712.9500884461517,41.148393338790974,0.6911754291448348,4.98572116545288,1,1,0,0,1,1,0,0,2,2,2,2,2,2,0,3,0.2268490305990306,0
47.2515711602964,46.705828094345684,1819.9132961869693,16.05581618628635,2.6545151693346054,2.3727225554696596,0,0,0,0,1,2,0,2,1,2,0,2,1,0,0,0,0.1796318953565403,0
7.50149218831431,34.788890163658365,537.6404147907162,50.662596862363564,0.4683167364957089,2.8459070425393556,1,1,0,0,1,0,0,2,2,0,1,1,2,1,1,3,0.7627902538251431,0
14.912157748165896,59.54958741710398,477.05541337097236,45.072661591063984,2.0665820165555533,1.3380353617406837,1,1,0,1,1,1,1,0,2,1,1,1,1,0,0,0,0.5628328992911562,1
47.52853870408261,36.40516193521873,4047.649736772327,56.400258237315875,3.5922326351870244,2.7895057379679216,1,1,0,0,1,2,1,2,2,2,0,1,1,0,1,1,0.0740073303077688,0
5.4166279198416865,25.097114517303805,245.63249049742817,23.923737762195493,0.5612916972534655,0.9104165962079627,0,0,1,0,0,1,0,2,1,2,1,2,0,2,0,3,0.2946921971790392,0
8.62428704234821,32.7376181031664,475.388015801425,84.38650293534636,0.786824828027766,3.199654152449652,0,1,0,1,0,1,1,0,1,0,0,2,1,1,0,0,0.6707838078797819,0
31.91440890728292,57.249625563572124,1821.4937096030092,37.38021118890146,2.0418021848789385,1.1059584178071697,1,0,1,0,1,0,1,2,1,0,2,2,0,1,0,2,0.3214782255196246,0
1.2151258704355439,32.56588447789789,124.50224299948957,63.40327086283878,0.20995162992664618,2.22284755146837,1,0,0,1,1,0,1,0,0,0,0,1,2,1,0,2,0.7912053609365507,1
21.88122744592749,37.181160800567255,4248.010081303068,36.85726855941375,2.819059096170622,1.1358478072955136,1,0,1,0,1,1,1,0,0,1,2,0,0,1,0,0,0.3351400177289182,1
55.61892574286014,132.67462805613363,7313.951532843639,115.96635690221079,4.2535961381351255,2.172264967471765,1,1,1,1,1,2,0,2,1,2,2,2,1,2,1,2,0.2540431286962967,0
5.915478215856566,74.54134614450071,260.546056685808,98.12233578496262,0.5478029001221794,1.5271491324845132,0,0,1,0,1,0,0,1,2,1,0,0,0,1,0,2,0.3363990045615433,0
37.30921378574004,40.245926661958364,437.75474759583227,18.251955977777264,2.0692530503091335,5.809017423011596,0,0,1,1,1,0,0,1,2,2,1,2,1,1,1,1,0.5836509525168078,0
106.99936539080903,105.93032158810516,9089.230553412066,104.95988123485914,4.534016853803482,2.240774243273387,0,1,0,0,1,1,0,1,2,1,1,2,1,1,1,2,0.3849465469959488,0
45.11006165943513,51.622201441828445,3047.969963095255,32.96474750701674,4.258265292594588,1.5525510661784083,1,0,0,1,0,1,2,1,1,1,2,0,1,2,1,0,0.512652581726391,0
74.98215847629714,65.98726700391519,7840.597911077485,46.57913504195054,7.191568271253589,0.6500673918774763,0,1,0,1,1,1,1,1,2,1,2,1,1,1,1,3,0.0342935305435305,0
44.35511510380356,53.613789200107625,1552.9516280146563,38.45596092721867,2.2315561581118706,1.1025497729666962,1,1,0,0,0,0,1,0,2,0,1,0,1,0,0,3,0.245812758117069,0
4.901302464844414,44.51019538668018,1157.9915944136999,93.29955063585692,1.020005447166582,3.3600038661615335,0,1,1,0,0,2,2,0,0,0,1,2,1,1,0,3,0.3199424737571797,1
27.49246294228519,29.39973137249848,2162.8803783908015,29.3783171300765,3.403317267034658,0.44441103207221244,0,0,1,0,1,1,1,1,1,0,1,1,0,2,0,3,0.2605767568755748,0
87.70412096883493,81.08849581849954,5784.136651597155,131.4493478650283,2.5614303103409446,2.3025246007433786,0,0,0,0,1,1,1,1,0,2,1,1,2,2,1,3,0.0613863682613682,0
60.07691161475995,40.32118472688013,3413.687671204968,31.199864082117386,2.809099824383918,0.8612070944463476,1,1,1,0,1,1,2,2,1,0,0,1,0,1,1,1,0.0302217348927875,0
50.52468001758811,11.925010210383356,1158.1776958342275,16.504759509155857,4.565157184502422,0.9159763169556701,1,1,0,0,1,2,0,2,0,1,2,1,1,1,1,2,0.1339496518860925,0
14.396906811869528,106.94190455092705,1824.211863658606,72.54287581521348,1.1258720890103324,0.6226896830622237,0,0,1,1,0,2,0,1,0,0,1,0,1,2,0,1,0.5950768487008624,0
7.796430347274162,53.30431676709487,169.62704908223117,31.729923187159365,0.42672436484933945,3.3403621642736625,1,0,1,0,1,0,1,0,2,1,1,2,0,0,1,3,0.6516016325480601,0
76.23384029188404,62.37372656740017,4199.005040650809,52.887269624933225,6.343358348756334,1.2080526498632835,0,1,1,0,1,0,0,0,2,1,1,0,0,1,1,0,0.2842197863432293,0
48.97629674682283,20.046764494924957,1052.6880440980362,9.152158323167395,1.4035265535774708,1.470417979561935,1,1,1,0,1,1,1,2,0,1,1,0,0,0,1,2,0.1284169142261247,0
22.37768033864516,72.20824243182967,4755.800988034824,73.65588376122481,2.993762657013867,2.820334638806573,0,1,1,1,1,2,0,0,0,1,2,2,0,1,1,1,0.5245287695999269,0
67.72023227631885,85.98515144885208,4378.6128613110695,61.19105505156759,3.9740986386141834,4.728695691796894,0,1,0,0,1,2,2,2,0,2,1,1,2,1,0,1,0.0554758297258297,0
50.56834194828646,65.04095140549977,1970.0542212111725,67.29568954521196,7.014730274043918,1.5709788176426347,0,1,1,0,1,0,1,2,2,1,0,1,1,1,0,2,0.2288821948435584,1
32.80126087297147,126.64330700546853,2416.0757053627844,70.51470940750443,1.122720909275493,3.722055394413626,1,0,1,1,1,1,1,1,2,0,1,2,1,1,1,2,0.525128949837883,1
19.026649050839918,16.94725008502607,1905.7913187604702,45.556521455296235,4.987676313214951,2.210651519505474,0,1,0,1,0,2,1,2,2,1,1,1,1,0,0,2,0.1169265873015872,0
32.30603435744648,68.41257261874021,1144.6427476996184,42.06311090422449,2.039504460024232,3.144555759407536,0,1,0,1,1,0,0,2,2,1,0,0,2,1,0,1,0.0349398749398749,0
64.63305309217027,101.36398566337435,3194.9066694043845,51.657905523069175,4.224611877937888,1.000408748259424,0,1,1,0,1,2,0,2,1,1,1,2,0,1,0,2,0.3477562469866547,0
62.625385357873526,47.85593508192434,3996.6986854392976,34.14705697209466,7.192855369223235,3.2384717388725295,1,1,1,0,1,1,1,1,0,2,1,1,2,2,0,1,0.0876640554434671,0
62.28950546214325,124.07204618602518,3487.6235884563703,66.43549377641858,5.886751438225378,0.7667173272219565,1,0,0,0,1,2,2,0,1,0,2,0,1,1,0,3,0.3239676024724831,0
64.05308548542214,72.68725007087535,2223.808600340744,75.70597990916873,3.4472965506774815,1.043757548854774,1,0,0,1,1,1,0,2,0,1,2,0,1,1,0,0,0.0896960539460539,0
21.164457459288826,80.3319248905564,1349.6552764548755,62.798482037751135,2.081439246527842,1.3000939535462708,0,1,0,0,1,0,0,0,0,1,1,1,2,1,0,1,0.4411801015135451,0
4.95073117411888,16.24040983992813,156.0190913715207,15.794925019628103,0.6446088282821576,1.4182770018967497,1,1,0,0,0,2,1,2,1,1,0,2,1,0,1,0,0.5941456896373658,0
10.447692010452581,41.022693362766596,671.4936280943117,21.606008209123605,1.5910773601391774,2.9025347650284745,1,1,0,1,1,0,0,2,1,0,2,2,0,2,0,3,0.4171107095518859,0
12.84906202543825,144.96764250800098,1151.592393447245,142.98902792758946,1.62177940490357,1.7819215571021063,1,1,0,0,1,0,0,2,1,2,1,0,2,1,1,2,0.4691560296707353,0
6.975783184121079,61.03678115194398,1308.1913986701632,133.70400986474326,1.3620458008472192,0.0,0,0,0,0,0,0,2,2,1,1,0,0,0,0,1,0,0.5665636434906302,0
25.95437827529902,100.26118701434149,2870.895806936932,123.98362901964173,2.1979086354723267,2.6484943630003475,1,0,1,0,1,0,1,1,2,1,1,2,2,1,0,3,0.508409152213074,0
16.987198131970885,29.445137421967427,686.3836620849377,88.17683230894575,1.4247116360014898,1.78732166828159,1,0,0,1,1,2,0,1,0,2,1,2,1,2,0,1,0.2950996027682683,0
59.14561081310934,143.95447544324517,2232.3887366889776,66.40760104817245,3.117894060995435,1.9513138715804021,0,1,0,1,1,2,0,0,1,0,0,1,2,0,1,3,0.0624914410208527,0
81.18108453773503,126.90797126163095,9146.132202239965,115.93080771345565,3.3693645078197156,1.4287589744105782,1,1,1,0,1,2,1,1,2,0,2,0,0,0,1,2,0.0396188441188441,0
17.34380194727546,43.520991055793445,1406.5757764206978,43.23337453515348,2.7114313925470244,1.4880222070183367,0,0,0,0,1,1,2,1,1,0,0,1,2,1,0,0,0.5458942402005739,1
78.14501484078748,122.60809668513073,5888.643737503644,108.02566751679352,6.0645714895323675,4.167933961102276,0,1,0,1,1,0,2,0,2,1,1,2,2,0,0,1,0.0420568783068783,0
72.95083131670987,96.47088212661637,6631.120837954041,61.410720728905254,5.457242171571883,2.083940229198271,1,0,0,0,1,1,0,2,0,2,0,2,0,2,0,2,0.2937562109134116,0
39.857105751197565,29.433636222722136,2862.5797240816846,59.09485627833266,3.4505393390719323,1.5258580709399503,0,1,1,1,1,2,1,2,1,1,1,0,2,1,0,2,0.3347391292726387,1
1.3633340490249868,43.144863877250486,63.36894047494132,14.21496878954465,0.11156876250862038,2.260783601875903,0,0,0,0,1,1,2,2,2,1,1,0,2,0,0,1,0.5879072329397961,1
37.11976857918157,73.92844147723376,1975.3291996987991,50.6308723757058,4.0988262557993185,1.6524381282093312,0,0,0,1,0,0,2,0,2,1,0,2,0,1,1,0,0.5787008473898911,0
27.4242333139052,88.78970999154366,6061.642148844286,128.31719776364108,4.449506806577666,1.8907701594995907,1,1,0,1,1,0,2,1,1,2,0,2,2,1,1,0,0.381565270785859,0
24.183973111798572,91.10419728842956,2920.7756602721374,136.77534775494297,0.7442370800433017,4.279662650530105,1,0,1,0,1,1,1,2,1,2,0,1,2,0,1,1,0.4671958297063561,0
2.967369049599,109.74264148539918,128.0883257489459,40.68090789138076,0.35116263916748425,0.530553511913963,0,0,0,0,1,1,1,2,0,0,2,2,0,0,1,1,0.4575863508945349,0
31.75349986477353,69.86211836937846,4843.630667952819,34.59443993160373,1.9914775228906643,1.3315115995056475,0,0,0,0,1,0,0,0,2,1,0,0,1,1,0,3,0.4282049573934718,0
61.72194715519905,54.830841491791546,1512.44028571063,28.965799386232035,6.431483555847368,2.068556313008224,0,0,1,0,1,2,1,0,1,0,2,0,2,2,1,2,0.0893710012210012,0
96.62468556457628,49.24227650689965,8489.805306496566,121.2196829234984,2.340995030887298,0.9466934858811561,0,0,1,0,1,1,2,2,1,0,2,0,0,1,0,3,0.0924822523155856,0
15.176841268680386,46.315854335696216,1593.5122654603056,122.06781493189362,2.990952428603683,1.9868101600714567,0,0,1,0,1,0,1,0,2,2,2,2,0,1,0,3,0.297727809227809,0
47.42707652845231,142.31975517506962,2864.6068415172367,39.78325801862408,4.374267632944405,0.9043248089679914,0,0,0,0,0,1,2,2,2,1,1,0,0,1,0,0,0.0500978465978466,0
72.98419988305976,116.45887081109174,2849.5478582803476,70.81026797009604,2.047974810405996,1.2593087420266853,1,1,1,0,1,2,2,2,1,2,0,0,2,0,1,0,0.0971318940915714,0
15.021558962123672,115.14158649679545,2145.653274971465,46.94263103485442,1.8480031509165002,3.9473704224466255,1,0,1,0,1,1,0,2,0,1,0,1,2,0,1,0,0.2256688953235201,0
38.37494094106674,122.39626423335781,3138.299782241362,162.1549424126048,4.838230778158286,3.7458191458280394,1,0,0,0,1,1,0,2,1,2,1,2,1,1,0,1,0.4397202611233838,0
31.329250233752894,63.006540745686294,3206.706181853437,31.539498226242287,1.6811859597163155,0.5631710545164114,1,1,1,0,1,2,1,1,1,0,0,0,1,2,1,1,0.1020073051761906,0
17.850649784277035,36.730030770413485,354.9728710099945,15.883553892419384,2.057205366475973,2.0229703560958554,1,0,0,1,1,1,1,1,2,1,2,1,2,0,0,2,0.7368810471533835,1
68.54357707990867,38.25780407027707,1321.7166479273906,38.544215630711896,5.177193104237035,1.8409620851142958,1,0,1,0,0,0,2,0,2,2,1,0,2,0,1,0,0.4021758963450259,0
31.059297717100687,69.08287928313547,1649.2559465385725,134.43927517008493,2.308348277883455,2.5089104673679987,0,0,0,0,1,0,0,1,1,1,1,2,0,0,1,1,0.3278367060557297,0
34.8763827714193,100.27207241965984,11032.998311571277,137.98408831501607,8.439337497532927,1.8804489442086831,0,1,1,1,1,2,2,1,2,0,0,2,0,2,0,3,0.318288916092118,0
78.74342929794201,101.70151663302224,3161.888547141748,57.28910183698954,3.057862260781196,1.2146623148759654,1,0,0,1,1,0,1,0,0,2,1,0,1,2,1,1,0.1937953043115582,0
78.44884616744106,62.67120841252278,4071.2012503843507,47.66454423201211,2.6502251423592273,1.4824532876010594,1,1,0,0,1,2,2,1,1,2,1,0,0,1,1,1,0.3646764042317321,0
10.952579629533924,57.477916011570244,1391.4450815634332,85.15938146112546,2.574031175138191,3.131784394430203,1,1,0,0,1,0,0,2,2,0,1,2,1,1,1,3,0.2674696200915849,0
22.38154734418415,32.32980014940407,3542.460709172252,102.87557377707355,1.5800784460815667,4.146479138880894,0,0,0,0,1,0,0,1,2,2,2,1,0,1,0,2,0.070757921835508,0
35.89662813234183,58.24664726412375,9257.521165940336,154.71937035701657,6.790781226934512,0.8838884842456719,0,1,0,0,1,0,2,1,1,0,2,1,2,2,0,0,0.2763753804638363,0
79.46322708329443,25.470905708173863,1607.0002714812313,18.57064572551064,3.0419927770396686,1.3533449928241708,0,0,1,1,1,1,0,1,2,0,1,1,1,0,0,0,0.1380541643541643,0
67.15505107536323,90.55060334560241,2854.45195449435,57.866717640889625,5.162709225758406,0.0,1,1,1,0,1,1,1,1,0,1,1,1,0,2,0,3,0.152748283313194,0
6.343799071904653,44.611236185098875,283.05321065157403,42.43748717117195,1.0379860333779536,1.8753717746337577,0,0,0,1,1,2,2,0,2,0,2,2,1,0,0,1,0.7417505559374465,0
54.32542417951358,91.69954581066528,4222.215213773025,72.42735468675566,6.4647718379528865,2.95299770596748,1,0,1,1,1,1,0,0,1,2,2,0,2,2,0,1,0.053597794437551,0
3.154967678290594,21.768631882344,48.69318889209028,22.568244334398276,0.470271004395799,0.0,0,0,0,0,1,1,2,1,1,0,1,1,0,1,1,1,0.3519421754715872,1
29.86661669628323,45.69154040659339,3413.425768091823,136.7075203595992,2.2570198479152026,5.40705018580069,0,0,0,0,0,2,0,0,2,2,2,2,1,1,0,3,0.1378508204758205,0
39.15362133131073,80.37495582913714,2484.2313078956754,130.26785005688612,2.214660907260168,4.655241522631011,1,0,1,0,1,2,1,2,2,1,1,0,2,2,0,3,0.4882407559612353,0
24.210394499017585,113.48293412660749,3004.0335162510914,113.90497555837923,4.913721264398578,2.004080419507859,1,0,1,0,1,1,0,1,0,0,2,2,2,2,0,3,0.3056542822132667,1
3.027674677949339,78.5030571740892,164.24934641437181,71.49190001041642,0.23487582146048885,1.431115599956018,1,0,0,0,1,0,1,1,0,1,2,0,2,1,0,3,0.6626321650053377,0
33.47079468443996,117.7314676852153,5064.07337987703,72.88222425336899,4.2473769812453765,2.6722219087566295,0,0,0,1,1,2,0,2,1,2,1,0,2,0,0,3,0.5934003176395861,1
61.73049802292222,77.74586939293913,3081.9973136831154,54.36021768088459,6.940088920505332,0.4508451726136967,0,0,1,0,1,1,0,2,1,0,1,1,1,2,0,1,0.0329827764827764,0
55.667866202500576,51.84389835658864,2949.10460773285,50.77781603253377,2.3283080552411746,2.7989955117822367,1,0,0,0,1,0,0,2,2,0,0,0,2,2,1,2,0.3998259926350953,0
35.15848335776731,62.977342507218204,890.2457176218295,61.96771015716674,2.1226000678521495,2.136481131501834,0,0,1,0,1,2,0,0,2,2,0,0,1,1,1,1,0.1155833410254463,0
0.5693641017274363,103.73563800484544,89.80084239482484,69.31506561209196,0.07278828450843587,3.4443788085983207,1,0,1,0,1,1,2,2,0,2,1,1,2,1,1,2,0.4746962755109811,0
16.486684923321192,20.458408886597546,425.3822459907146,32.85092631832638,2.209950035511172,0.8581653111217458,0,0,0,0,1,2,0,1,1,2,1,0,0,0,1,0,0.5844025599567653,1
102.60326322491944,34.87907574216475,3400.441461019935,74.13952816654934,5.52593672488106,1.7468648674324025,0,0,1,0,1,0,0,1,2,0,2,2,1,2,1,0,0.0580380913168956,0
61.14072906472757,108.11614654385883,3240.437536896164,63.83070039432855,3.046694751270562,1.646853362577175,1,0,1,0,1,0,1,1,2,2,2,1,0,1,1,1,0.0692137220078396,0
18.346850358618738,90.0593460121592,2609.699471084888,85.39633750778818,3.7462283545829034,0.7255113778377398,1,0,1,0,1,2,2,1,1,1,2,1,1,0,0,1,0.2061148619898618,0
6.849255073033939,85.2523160956128,502.95892208614686,39.66630838556931,0.26445156483373095,1.4960817873410097,0,0,1,1,1,1,1,0,2,0,1,0,2,0,0,3,0.7409429824816651,1
42.52114662277791,19.550118254045763,1093.175122287852,27.970067714089005,5.730143518891331,3.5377433717050315,1,0,0,0,1,1,2,0,2,2,0,1,0,1,1,2,0.4810352280602887,0
49.49400380574422,105.91851028715003,2412.855548861433,122.14330520039195,4.02174445841658,1.2351268170765435,0,1,1,0,1,0,2,1,0,2,1,0,0,2,1,3,0.4351184746360692,0
24.085412863972046,93.2384117777308,6299.641595661337,141.2902460205682,2.5248134270000273,2.6010627387101204,1,0,1,0,0,1,2,1,2,1,2,0,0,0,0,1,0.0701412938912938,0
13.009717663380927,110.8339015488947,768.2297411952887,97.44705586289535,0.8129892814102508,1.1643967391293841,1,1,1,1,1,2,0,0,1,1,2,0,2,2,0,2,0.3629880983214315,1
40.44452242250984,100.8023998931111,6005.269935147273,40.430529615737235,6.305519596068256,4.418826961955924,1,1,1,0,1,1,0,1,2,2,0,2,1,0,1,2,0.4101876681312533,0
49.23883716904065,130.62302720209175,2580.7210915295987,137.22933926995492,6.783636479363254,0.0,1,0,0,0,1,0,2,1,1,0,1,0,1,0,0,1,0.0692522292522292,0
60.89944261539968,87.81094310135084,2823.5009638345364,101.69856718653627,3.2241015521795964,0.77605156732439,0,1,1,0,1,1,2,0,1,0,0,2,1,1,1,2,0.1756944888444888,0
53.50050454035825,26.323125424113755,1504.6048891519758,40.689700664393634,4.204494559232547,0.8964301973285365,1,0,1,1,1,2,2,0,1,2,2,1,0,0,1,1,0.2607083285937775,0
40.09798051161461,60.04030187357262,2114.0369465555314,32.88091443428784,8.504168175778888,3.81664580016753,0,0,0,0,1,0,1,0,2,1,1,2,0,0,1,2,0.4364586076065337,0
18.142150907208705,38.943136719035536,2052.256203967561,38.35554170392252,1.484425147998,0.0,1,0,1,0,1,2,2,0,0,1,1,0,0,0,0,3,0.1476458642120407,0
43.74503501901659,34.51064204721677,1007.1126095048215,22.388113582423387,7.2592157465117095,1.1920821871664118,0,0,0,1,1,2,2,0,0,2,0,2,1,2,0,3,0.1215303411185763,0
27.309336396853755,128.74493666073147,4687.559010977379,129.64758717680095,4.123373686566526,0.0,0,1,1,0,1,0,0,1,1,1,0,1,0,1,0,1,0.0267608225108225,0
31.013124865006183,134.01755823820386,5060.28940821821,75.71959412548797,3.181330584923764,4.599565922675362,0,0,1,0,1,1,0,0,0,0,1,2,2,1,0,1,0.085097321251733,0
3.3367561171818325,137.62312582735132,791.8032416703239,73.21041280474405,0.7970124076804046,2.2532108055924853,0,1,0,0,1,1,1,1,2,1,0,0,1,0,1,0,0.3539588506608629,0
31.60596177469987,96.91503885375072,2070.9166350289265,43.41788704892255,2.388370551289348,2.312701489186047,0,1,0,0,1,0,1,1,1,2,1,0,2,0,1,2,0.176826013654961,0
34.76810043887078,25.14617626523978,1144.0366798268694,7.70244919389486,2.4385165000451137,2.7360946888452595,0,0,0,1,1,2,0,0,0,2,0,1,1,1,0,1,0.2742612085769979,0
68.46031930331507,41.856378447037855,7597.254926670039,54.25957512658954,3.35223518833694,0.8737263134864648,0,0,1,0,1,0,1,1,0,2,1,1,0,1,0,0,0.3184722762394389,1
25.796912314558206,86.24728059926464,1394.287586506519,73.81636918412036,3.6013150565594216,0.4179837277649039,1,1,0,0,1,2,2,2,0,0,2,0,2,0,0,1,0.443920831929849,1
10.135944939249477,40.24990037564554,413.8030998602934,34.6016073969638,2.2291255340207288,0.9913714762984731,1,0,1,1,1,1,0,1,1,1,2,2,2,1,0,3,0.5152882489480802,1
52.623924795289234,23.7107584897016,3777.8426649586067,40.708105436747324,3.7774547343707265,3.1076684981553067,1,1,1,0,1,1,2,2,1,2,2,0,0,0,0,3,0.3491344548257231,0
16.98081898442265,54.79336248387615,808.9077554406135,66.42929841013543,1.0769393739077096,0.5124011461093319,0,1,0,1,1,1,1,1,2,0,1,0,0,0,0,3,0.635058142174852,0
0.707005792140655,80.76651659308989,50.55532340287711,26.96776675886742,0.06198884861685976,0.0,0,0,0,0,1,0,0,1,1,0,1,0,1,2,0,2,0.6882893643513037,0
31.876492324022923,139.35621234568444,1789.2070476418755,129.22842518832965,4.214206764236518,0.4368334507933467,0,1,0,0,1,0,2,0,0,2,0,1,0,2,1,2,0.5591108841783391,1
22.201477361545127,67.17251492244606,2131.033725542243,102.63287827878482,1.1748931244686054,0.9085384943721773,1,1,1,0,1,1,1,2,1,0,0,0,2,2,1,0,0.621231721161919,1
55.945105073751606,31.3813845729225,1937.9544382914326,9.615204704642329,5.97850041674922,1.4768787829782197,0,1,1,0,1,0,2,2,0,2,0,2,0,2,0,2,0.2650917045119629,0
23.432783333429505,26.181962934434683,749.4568053695257,34.863263597866066,1.9950644482592423,0.8128579657798214,0,0,1,0,1,1,1,2,0,2,2,1,0,2,1,2,0.7401391369021829,0
76.5857925640498,96.45109043569252,3446.149374513149,95.33283346473837,2.9177822754048313,0.5090645729249524,1,0,0,0,1,2,2,0,1,2,0,0,1,2,1,2,0.3690790448365227,0
30.1327870664756,81.88698811886641,2311.4983848390452,30.403925399536373,5.01366455012929,0.0,0,1,1,1,1,0,1,2,1,1,1,1,1,1,0,3,0.392861635942678,0
89.82094685944323,106.12363025245273,11885.528483922755,170.0480283069996,5.730777840289724,3.9334148047263526,0,0,1,0,1,2,0,0,0,0,2,1,2,2,1,1,0.3143448172198171,0
11.259846071133987,88.24316943218263,2025.2501061999071,51.89377986438903,1.557779926117065,2.0594782847995696,0,1,1,1,1,0,1,1,1,2,0,2,0,2,1,1,0.6155417612727475,1
3.9719963124376703,14.67411678602444,309.11400006260874,19.20820620746881,0.4237478556348023,1.117180522606875,1,0,1,0,1,0,2,0,0,1,1,2,2,1,0,3,0.4315088991532488,0
32.39100373508301,57.15468854587428,5008.656647194539,178.38704617589676,3.597295043474218,1.3666086872289482,1,0,1,1,0,1,0,2,1,0,0,2,0,1,1,0,0.5970330965330968,1
43.79570967723819,64.50285157624403,2577.1617759604674,81.64934511901984,4.1227337964398,2.8911472684277006,1,1,1,0,1,2,0,2,0,2,1,2,1,1,1,0,0.3786138764117748,0
76.13545352306193,138.38777178681576,6774.167192555976,66.51256434703384,4.62782360115145,1.8949115441096607,0,1,1,0,1,2,1,0,0,1,0,2,2,2,0,0,0.3661619763552963,0
7.476063696908712,90.41514713933549,432.27389457752076,70.87762587988516,1.5546333288469858,1.6620415629265017,0,1,1,0,1,0,2,1,0,0,2,0,1,1,0,2,0.6575182804864953,0
58.97725488841281,72.71214770189901,2995.456494070223,100.74808227781668,3.783320235078635,0.42134471011547847,1,1,0,0,1,2,1,2,0,2,2,0,0,2,1,1,0.3877297104553162,0
47.55731288633042,33.522934543893946,509.8778940764189,18.686178073384422,1.7069408878207497,1.9386629969332483,1,1,1,0,1,2,0,2,0,0,0,2,2,0,0,0,0.3455044381859397,0
31.250864799981237,15.321628101057893,1697.0855483649768,26.272698864241864,6.981761730515707,2.5511521169781113,1,1,0,0,1,1,0,0,2,1,2,2,1,0,0,1,0.444744353528254,1
98.73294837586,63.65061693541905,4200.271767498636,47.841158689148294,5.677955301450925,1.6079647483125563,0,0,1,0,1,2,1,0,1,2,0,2,2,2,1,2,0.2754882366511776,0
82.73982345596812,94.27327966719385,4936.317916278075,43.20047787083537,6.353809849393109,4.690012566500288,0,0,0,0,1,1,1,0,2,2,1,1,2,0,0,2,0.0806243386243386,1
7.7648257528311895,42.191898520683054,585.9164728803001,65.73769535282688,1.304664214110421,3.518890783404254,0,0,1,0,1,0,1,1,2,2,0,1,1,0,1,2,0.5987247200211414,0
7.434532511736467,74.06933169055408,145.2882606159965,55.17265558098152,0.18728146232615758,2.3262316534584913,0,1,1,0,1,2,2,2,2,1,2,0,0,1,1,1,0.7611702708718157,0
29.85164058177285,40.92927919641088,1671.9239115064522,35.31260102747321,3.539012488012951,3.305897815581172,1,0,1,1,1,2,2,2,1,2,0,0,2,1,1,2,0.3845286120915558,0
19.9364521839536,130.90489022160418,3640.420732097806,110.13405399634023,1.6503804220034914,2.4073988306820002,1,1,1,0,1,0,1,2,2,2,1,2,0,2,1,2,0.4431997875786237,0
2.3935835839598716,62.35406733233329,86.08366565169979,43.56647402040107,0.29494164398555023,4.502346917921383,1,0,1,1,1,2,1,2,1,2,1,0,2,1,1,0,0.7224018010856249,1
65.59869266637324,21.568976200798208,453.54470842224777,11.41870308479168,5.108608248141448,4.003761328554731,1,1,1,0,1,1,0,1,2,0,0,0,2,2,0,1,0.1641522366522366,0
6.154811288848957,72.25207534175892,1145.6676884475125,29.302610108483854,1.3914563999094545,2.4790645620947593,1,1,0,0,1,0,2,2,2,0,0,0,2,1,0,1,0.5654239145569131,1
93.11461873636704,21.70005334508261,2176.004230265859,11.235961345942469,7.11089634714537,3.7106773635541805,1,0,0,0,1,1,0,2,2,2,2,2,2,0,1,1,0.0632095682095682,0
43.08948798849777,91.04440399682167,1116.2557679305237,68.87133074202431,2.5306730532336523,2.9055305977875445,1,1,0,1,1,1,0,1,2,1,1,2,0,0,0,2,0.1355781567777554,0
32.671413670613056,55.23834290008321,1950.94390765462,33.76986918575034,2.4807032174165777,1.2566019939771476,0,0,1,0,1,2,0,1,1,1,0,0,1,0,1,3,0.0636159951159951,0
55.19781359622486,26.313826578036636,1682.3830907562005,59.68489876892183,3.7891975211057565,1.7298800730752593,1,0,1,0,1,1,0,2,0,1,0,2,2,2,1,1,0.273136908954343,0
19.010977340438572,78.41550350941323,1201.1835876854714,85.24781825090466,1.0042271945855945,0.9561438766414567,1,1,1,0,1,2,0,2,0,0,0,2,2,0,1,3,0.6810012015124373,0
72.14435772898831,49.23604968741599,5061.741205654455,35.345639699182136,4.278336342532975,0.9629985283638955,1,0,0,0,1,0,2,0,0,2,0,0,0,0,0,2,0.53832844052211,0
87.35580895210124,35.946817433339085,3577.613790961947,49.64607940169963,3.890789651597883,5.555229134598488,0,1,1,0,1,2,0,1,2,2,2,1,1,1,1,0,0.0875531243882404,0
6.071714583104376,30.100817384059702,355.39367943267683,37.18263428122244,0.256995434803947,0.9545179439284266,0,0,1,1,1,0,0,1,1,0,2,2,0,1,0,0,0.5299033027783026,0
108.57376792228335,107.06680759017227,5944.048032530144,104.66549923395581,6.9432430217943235,0.0,0,1,0,0,1,2,1,0,1,1,1,0,1,2,1,2,0.3530882586202277,0
19.40409491990144,67.32612347092437,2265.854353243738,130.0862765508628,3.072278481542421,3.2145641973693806,1,0,1,0,1,0,2,1,2,0,1,0,2,0,1,1,0.213511027714975,0
90.77814916521648,59.603486127819686,7322.068121451771,92.71926973042771,7.630184152387428,1.4592533846462294,1,1,1,1,1,2,1,2,1,0,1,0,2,2,1,0,0.1542767047767047,0
14.292985348567804,56.120535996016066,2491.0164292094123,79.56484722690378,2.108090977453435,0.8781328063608438,0,1,1,0,1,2,0,0,1,0,2,2,2,2,1,0,0.4259759985384983,0
44.218977833992206,52.527813801681646,3087.5261599803925,74.72811156614925,1.8838821393953837,2.31525573526144,1,0,1,1,1,1,2,2,2,1,1,1,0,2,1,0,0.4151938718757781,0
60.275535350714385,33.60819709544027,608.8868914788363,19.106320310410354,5.212766386892658,2.024845728546353,0,0,0,0,1,1,2,1,0,1,2,0,1,2,1,2,0.1030799108299108,0
92.2430738834917,35.031786524330805,3156.113736832694,89.63292160349704,6.38582290496839,2.4882571574609855,1,0,0,0,1,2,1,0,2,2,0,1,2,1,0,2,0.3613644251313825,0
46.751263907186846,84.94493321423415,5533.740455658419,45.505324830286824,5.825120573575678,4.447574235307323,1,0,0,0,1,2,0,0,2,0,1,2,1,2,1,1,0.4108860354698542,0
48.119822187542134,78.72559175821634,5551.782436885003,73.64313337788415,6.660376794899546,0.0,1,1,1,0,1,1,2,1,0,1,0,0,1,0,1,0,0.2686257473956726,0
7.6566756413809145,43.74390231115234,545.8361581872256,77.44717328704941,0.42287445441609933,2.9497849301313694,1,1,0,0,1,0,2,2,2,2,1,2,1,2,1,2,0.3798288421817833,0
33.76749323092781,30.810741336066624,1021.909435265153,45.45679349312293,0.7955958880877337,3.071123428104822,0,0,0,0,1,0,2,0,2,1,1,2,2,0,1,2,0.2290981445025562,0
49.15201946395349,55.89557123698788,1794.4857313623368,41.47501632129058,2.65777768652551,1.5520302220847153,1,0,1,0,1,1,0,0,2,0,2,0,1,2,1,3,0.3039427079975551,1
85.58207534134539,102.87320115890027,5538.566930642253,66.50634541962164,3.6184236409794406,4.01399364814394,0,1,1,0,0,1,1,1,2,2,2,2,0,1,0,1,0.1036470896253505,0
23.95087343103268,112.47900465820221,1275.3528347473084,94.51466212133377,2.7800081838935067,1.9225872312692798,0,1,1,1,1,1,1,1,2,0,0,2,2,1,1,0,0.1464827405709758,0
45.88484321359996,64.9453846773702,6519.471013255438,61.98651093125456,4.858023186605398,2.213127826282573,0,0,0,0,0,1,2,0,2,0,0,2,2,2,1,2,0.1722196338283295,0
73.24482336235545,87.1319358561932,4502.53635143437,85.00075120665097,5.692655907910043,0.8570373504698365,0,0,0,0,1,1,1,2,1,0,2,1,0,2,1,2,0.0389955642455642,0
51.16907238424885,103.47663407319371,7656.359627602714,118.69263337496507,1.8660020357646654,0.6154864185089526,1,0,1,1,1,0,2,1,0,0,0,1,1,1,0,0,0.3552236074684133,0
9.37838147416243,60.50755948173223,1362.1942521914293,110.35301658502169,0.5812823150475687,3.0295811143367555,0,0,1,0,1,1,0,1,2,2,1,0,1,2,0,3,0.3377051385946313,1
55.25393871449535,83.97847214490008,4764.200469115347,74.62448429529643,5.683523086221898,5.789640670396219,1,1,0,0,1,1,2,2,2,1,1,2,2,2,1,2,0.3682710834400455,0
31.258400421829666,151.15267211635773,2444.2197164326685,48.3604657073493,3.358067918088167,0.0,0,1,0,0,1,2,1,2,1,1,0,1,0,0,0,3,0.4938104097254021,0
24.982371730472362,103.43246711307265,5144.712345985396,109.30264536625965,3.367218889669457,0.0,1,1,0,0,1,2,0,2,0,1,0,1,0,1,0,2,0.2034553269239259,0
26.974940885768596,47.96308622337513,3489.199695303376,78.75734143757079,3.1437631856809083,0.978198589513005,1,1,0,0,1,2,1,2,1,1,1,0,2,2,1,0,0.2133922513376113,0
9.133542415357763,24.1486282616587,265.45988562552253,70.60246635987639,0.4501949652380975,3.2707888988411833,1,0,1,1,0,0,1,0,1,2,0,1,2,2,0,1,0.3179939260086317,0
66.79879624882064,141.00362525471255,3262.4099251268217,87.14647036346459,6.784458320986913,2.744513756086235,0,0,0,1,1,0,2,2,1,1,1,0,0,0,1,0,0.0360621693121693,0
48.25075110199353,174.77558926434872,5946.972527665544,155.45932603447258,4.203762149566215,0.8102164637787432,1,1,0,0,1,0,0,2,1,0,2,2,1,1,1,2,0.5152458487927543,0
14.990827968283108,33.70463148127574,507.8374042600513,43.1433774308013,0.6386640324170758,1.8526335978816357,1,0,1,0,1,0,2,2,2,2,2,1,1,1,1,1,0.3452869414726999,0
37.86313411939955,71.70583508668908,6707.3311627077765,115.08120449760709,7.1898854809181545,3.2930323013643883,1,1,1,1,1,0,0,2,2,1,0,0,2,0,0,3,0.3532486948653534,0
19.73529790292738,111.91778664651272,2757.6529985888524,158.1116744447623,1.0941772776552432,0.0,0,1,0,1,1,1,2,2,0,1,2,0,0,1,1,3,0.1752680728284444,0
1.4669807189157047,42.30448770016651,82.88002160570694,31.937134348730122,0.11354849533610137,6.103049086507424,0,0,1,1,1,0,0,2,2,1,2,2,1,0,1,3,0.4781865222610107,1
3.823549946909694,18.95642516175176,152.58494688479874,8.442040781865481,0.38578177737535363,0.4535497936004942,0,0,0,0,1,2,2,1,1,0,0,1,1,1,0,0,0.4612130326960046,1
26.256582028361617,88.65979918168837,2353.184423065976,57.416914439875434,2.2753799763802705,0.0,0,0,0,0,1,1,1,2,1,0,0,0,1,2,1,0,0.3117453159585511,0
60.28027114808487,17.62878478531957,2301.298961558991,21.13041937121489,6.379849229146397,1.3149245004062637,1,1,1,0,1,2,0,2,0,2,0,0,0,1,1,3,0.3460676294791537,0
55.935691117336255,32.30623620724542,4598.609128655826,45.52045278747611,7.162855036727369,2.5304705591688705,1,0,0,1,1,1,1,1,2,2,2,0,0,0,1,1,0.0912351556395674,0
15.126304491157182,40.00587776199545,1447.7333392648086,93.52458534640432,1.6700096445483459,4.546683433646711,0,0,1,0,1,1,0,2,1,2,1,2,2,2,1,2,0.1669102841602841,0
14.349345837814736,31.766944709339114,984.3264073397785,44.905073244573586,1.6108699558487716,3.496265055244345,0,0,0,1,1,2,2,0,2,2,1,1,2,2,0,3,0.2499371495950442,0
16.358829583205797,160.6278314276946,2025.505675173581,149.61566120462663,1.5958039487325886,3.150976154380638,1,1,1,0,1,1,0,2,0,2,0,2,1,2,0,0,0.5853309519679629,0
79.13983269319428,41.82391859409513,8087.562469923776,137.00911613099456,4.753797585369054,0.9715533954900627,1,0,0,1,1,2,0,0,0,2,2,1,1,1,0,1,0.4362989934750034,1
69.30992311529528,47.35418895892942,2670.2500353581813,18.501563567322513,4.7527121050382215,1.4777222727300576,0,1,0,0,1,0,0,0,0,0,1,0,2,0,0,2,0.3207610702651339,0
6.045100188194082,120.39459086047944,1093.2659224990928,63.0296609053952,0.3742210708725465,1.468584755123545,1,0,1,0,1,2,2,2,2,0,2,1,0,0,1,0,0.2941264171558289,0
32.57098354222602,55.477242745795564,1046.9631015539524,90.79033045950405,1.0414378343295418,0.0,0,0,1,1,0,1,2,0,0,0,1,1,1,0,0,1,0.2165471122015239,0
18.517459021786813,120.02006207486056,2326.426189792222,131.74096358952127,4.449213734603241,1.6637357626392397,1,0,0,0,1,2,1,1,0,1,2,0,2,0,0,1,0.4194488267560841,0
39.83322495129616,14.598045217484028,1144.3923557820185,8.956415115996204,5.949413709387013,1.9388742108129633,1,1,1,1,1,0,0,1,1,2,1,2,1,0,0,0,0.1243145530289071,0
73.26785237361248,60.53934213013066,4637.280760822733,56.421356691804746,8.473718646047573,0.42594156954506057,1,0,0,0,1,0,2,1,0,1,2,1,0,0,1,2,0.0791240994171101,0
47.87895180834154,66.03030952118789,1829.7403671828554,29.750424671822852,4.824786982581762,1.7211407554521632,1,0,0,0,0,1,0,2,2,2,1,0,0,2,0,2,0.4278410336764542,0
11.450010352010517,58.66624781190864,739.8998251884756,43.56513414173639,1.102471842790982,2.4730253965290494,0,0,0,0,1,0,0,1,2,1,0,2,1,1,0,0,0.7555305591176494,1
37.338162726910234,109.74949633477705,2701.0113900475017,175.8466596738094,3.835370803971388,0.5492848640034529,0,1,1,1,0,1,1,1,2,0,0,0,0,1,1,2,0.721104566469209,1
78.65929634433539,99.36133790813516,6967.851951828278,29.670777878703834,9.359545945903706,4.196823644072956,0,0,1,1,1,2,0,2,2,2,2,1,0,0,1,3,0.0451705211999329,0
3.5101733097569494,161.04566017357396,549.4865779888049,130.722270027026,0.41371011745978414,1.4700391474720742,1,1,0,0,1,0,0,1,1,0,1,2,1,2,0,2,0.6220840174066284,0
52.41172706510636,122.46661095725628,2466.9298474080574,112.86875906527439,5.397949698040257,0.0,1,0,0,0,1,1,1,1,1,0,1,0,1,2,0,1,0.143638283013283,0
28.27400246313853,28.886394275438953,1871.134976561872,37.92983437297574,5.882408344992195,1.0771185547335782,0,1,1,0,1,0,1,0,2,1,0,0,0,0,1,1,0.4568587783207041,0
9.382017653813518,71.54406269149067,455.5634974255093,122.4416942598476,0.28835423899405377,0.8586880704941633,1,0,1,0,1,1,1,1,0,0,2,1,2,0,1,2,0.7340192678566676,1
42.4270670873502,139.06108361523363,5377.653907333703,42.4786853895811,5.172685135585213,2.6125009009213,0,0,0,0,0,2,0,1,2,2,0,1,0,2,0,0,0.4171340218152781,1
6.338319940826215,126.99829983665289,525.1734473227317,110.56992081631044,0.30275381195343537,2.0767480304031416,0,1,1,0,1,1,2,0,0,2,0,2,0,2,0,1,0.5532284605313694,1
6.403606555728642,72.14783890944821,372.3750609686631,60.83475965279637,0.7407759085733113,1.0283410451650061,1,1,1,0,1,2,1,2,1,1,2,0,1,2,0,0,0.3549644789669298,1
46.10416379155981,17.501891851570235,379.0836918324207,16.588030501447808,2.4835268781670785,1.7929972073848357,0,1,1,0,1,2,0,2,0,2,2,0,1,2,0,0,0.5026758158141675,1
52.07397331909393,144.33914869396298,4588.197822429952,113.56933080617556,7.919333803204096,3.1131424449748,0,1,0,1,1,2,0,1,2,1,0,2,0,2,0,0,0.3460197049682342,0
64.20199157503508,42.47013125069457,5061.519610138482,56.226053873857595,3.7847784378412355,3.414471224863104,1,0,0,0,1,0,1,2,0,2,2,2,2,2,1,3,0.049255291005291,0
63.55043931729591,109.44583609607267,3129.8348886867043,65.02643129838033,3.931428253667591,1.9396820065273532,1,0,1,1,1,1,0,0,0,0,0,2,0,1,0,1,0.4837744519487632,0
77.00407134572156,36.278457204665585,4260.3253858114385,55.55233575112887,4.982688879341518,1.2280094774397576,0,1,0,1,1,2,2,1,1,1,2,1,0,2,1,0,0.4090898977923196,0
31.55738564077931,24.124254643341548,4133.176243514385,29.5390287485149,6.001633363073997,3.0297906515519326,0,0,0,1,1,0,2,1,1,0,0,2,0,2,0,1,0.321048307901249,0
8.20336706072213,75.2786250964725,495.54172118204053,78.42197515162945,0.7572922204065731,1.4302412058529246,1,1,1,0,1,1,2,0,0,1,0,2,0,1,1,2,0.2468863456231877,0
49.348886911610414,15.481843400350563,636.8226752366273,22.217146252125335,3.4903166929371334,1.4578738073548325,1,1,1,0,1,0,2,1,0,1,1,1,2,0,1,0,0.1035427428035787,0
83.2725629495531,61.084251411038416,7168.241777715826,61.781937627320815,6.323847521856278,1.2398316785366281,1,1,1,1,1,0,0,0,0,2,0,0,2,1,0,0,0.3900891607923447,0
8.834002957812846,34.365774854166155,393.1796760746153,50.530581405912194,0.873439151957677,3.0669668227170837,0,1,1,1,1,2,2,1,0,0,0,2,2,2,0,3,0.3563677120236719,1
33.32659395059264,39.58447681746684,998.2576157338028,35.003329906655026,5.230113146443551,2.777256095777,0,1,0,1,1,2,2,1,2,1,0,1,1,0,0,0,0.2713325412450798,0
3.241126549842705,52.209703466711275,826.8963795474594,139.26261938890883,0.35705103755572126,3.9786953964635066,1,0,0,1,1,2,0,0,2,2,1,2,2,2,1,0,0.6979543297832774,1
6.634260622068024,89.94750609601213,1932.9043957277995,120.1872370877636,1.7958639212547733,1.3664831160632445,1,1,1,0,1,1,1,1,1,1,1,0,2,1,0,1,0.4091180042724158,0
8.480548817782427,139.72296890729865,665.9610331687136,130.80379790638153,0.862745668587123,1.5434177945035827,1,1,0,1,0,0,2,2,1,0,1,0,2,1,0,0,0.6585613250351965,0
4.419580693730512,74.37602411212032,527.2183523179735,31.665761096908042,0.31011647589412034,2.583971369636003,0,0,0,1,1,0,1,0,0,2,1,2,1,0,1,0,0.7563019080309576,0
21.21825597815212,98.33770884630552,3135.052250595007,95.52735741916894,3.472573174197674,3.859250225516897,1,0,0,0,1,1,2,0,2,2,1,1,0,1,1,0,0.3503166544842077,0
55.9948409625175,178.39717320805545,7705.614275481245,69.4403438506984,4.872772580377511,1.4062329434583423,1,1,1,0,1,1,2,0,2,1,2,1,1,2,1,0,0.3966230321963472,0
19.867185918011597,20.44200355694741,1468.385168822694,68.29184558078238,3.4457454740952684,0.0,1,0,0,0,1,0,1,2,1,0,2,1,0,0,1,1,0.2921607071403684,0
6.118445311796641,99.58358464496816,1083.4593334024357,90.1712164104323,1.1913977298970864,4.012248716853772,1,1,1,0,1,2,0,1,1,1,1,2,2,0,1,3,0.5661422608713935,0
58.9798770325372,95.53225949592685,2519.494450374237,41.18468240543082,4.167262836116759,0.49326911229541426,0,0,0,0,1,2,0,0,2,0,2,1,1,1,1,2,0.1501933844064261,0
63.635274529115634,105.81034650149131,4185.548398542186,113.16742730140236,5.655915808439344,2.601502920161792,0,1,0,0,1,2,1,1,1,2,1,2,2,0,0,3,0.0641666759166759,0
26.48031546349802,61.35823334988279,2207.0519392115007,48.290120879472916,3.9732529981668185,0.0,1,1,1,0,1,2,2,2,0,1,0,1,1,1,0,0,0.082166366041366,0
66.25753456580706,36.883581408806585,4226.599223347406,75.80271095107302,2.928712063734999,1.9183299617442717,0,0,1,0,1,2,2,2,0,2,2,0,0,2,1,0,0.0421884657488105,0
9.049357009749452,24.05488413362001,971.6244724185243,23.508558311958627,0.8890091088253076,0.0,0,0,1,1,1,2,0,1,1,0,0,0,0,0,0,0,0.2784769391591642,0
33.31299346439978,88.0970419363507,3805.557231633176,92.37466411472344,4.807555545830014,3.1822008318198916,0,1,0,1,1,2,2,1,2,1,0,2,1,2,0,0,0.0307807535065248,0
17.081895235531807,93.91685302829156,1301.6243199727437,80.19672293436427,1.4540563384414964,4.527454945601097,0,1,1,0,1,1,1,1,2,1,0,0,1,0,0,0,0.4085577203137951,0
39.88516160276902,18.595432239220298,852.421863888688,37.1303406614199,1.1094057640046266,3.1556801049507115,1,0,1,0,1,2,0,1,1,0,2,2,0,0,1,0,0.561163766376009,1
15.120433906319676,45.65392638388293,1212.0701400602327,52.44290692902539,1.6172561080825254,0.889963311491287,1,0,0,0,1,1,2,1,0,0,2,2,2,2,0,1,0.3207505491098841,0
18.938203048783112,54.441429294003086,2894.8484418929056,60.76584600887666,2.6556718312001015,0.0,0,0,0,0,1,0,1,2,0,0,2,1,1,1,1,3,0.1349432994441859,0
5.471627100216018,49.64568746663289,360.4777765763255,72.99459375558946,0.6906174678804945,0.5716151468856957,1,0,1,1,1,2,2,0,2,1,0,0,0,2,0,3,0.322969755553089,0
9.537419324163121,126.5476861481283,2997.5786176360607,99.55145638148818,1.3186476726175396,5.7381972672527155,1,0,1,0,1,2,1,0,2,2,2,0,2,1,0,0,0.2925141828931303,0
35.803577090595255,76.29226917916964,4697.573856125599,108.39058558039754,5.533018177209264,0.43740081209523285,1,1,0,0,1,1,2,0,1,0,1,0,0,1,0,3,0.0359100529100529,0
15.068233190486014,100.01726301120688,2204.729589711129,97.2340382871945,2.692303563677595,0.5238528619736307,1,0,0,0,1,0,2,1,0,1,0,0,2,2,0,1,0.2696872357852748,0
4.96256773285147,26.10390489342234,656.4150346434988,70.10912688718936,1.0154537720656602,0.7883387066341212,0,1,0,1,1,2,1,2,1,0,0,2,1,1,1,3,0.7864626912799259,1
38.27529583034819,24.700149750354736,955.3730982622911,14.212992887553158,2.014036123974484,0.8126735828739948,0,1,0,1,1,0,1,1,1,2,2,0,1,1,0,3,0.1992732637732639,0
20.821256524381447,56.26986531724667,6695.6812647650895,149.03104189535128,2.6648969851045092,1.194577475089969,0,1,1,0,1,0,0,2,0,1,2,0,1,1,1,3,0.1285653466903466,0
1.1738313817952188,83.83438874275917,174.47876656994646,21.61231391265348,0.19174321749208886,0.0,1,1,1,0,0,0,2,0,0,1,0,0,0,1,1,2,0.7612394563734245,0
63.784891924762505,88.43832714717328,1986.254938627022,34.55350865339258,1.886453064130423,1.2638975747775272,0,0,1,0,1,0,1,0,1,0,2,0,1,2,0,0,0.5328417318071187,0
49.75766031068558,28.526009866937777,2643.3286285294653,31.829254767570294,8.112985637471102,3.0788333944469484,1,1,0,1,0,1,1,0,0,2,2,1,0,2,1,0,0.2706682112473391,0
50.37456749443964,156.55338865269619,8198.540595650615,71.91001737643134,5.9262421299358365,1.928932418375213,1,0,0,0,1,1,0,0,2,0,1,1,0,1,0,2,0.2907158717029686,0
30.73468923328457,49.11346031610024,1262.7849949780805,54.08835172880901,7.964644046226054,2.892505992862492,1,1,1,0,0,2,2,0,0,2,2,0,1,1,0,3,0.2377052654119809,0
85.37234745920452,43.18602815333907,3551.9358312348977,56.63160762943111,3.2220089289487976,3.1914724468722744,1,0,1,0,1,0,1,2,2,2,2,0,0,2,1,1,0.3134231159623018,0
24.233053770958737,158.85804388605786,3664.6402182904076,94.94442182049987,2.0847856122973503,0.7764617132725251,0,0,0,0,1,1,1,1,1,0,0,2,0,1,1,3,0.2663446067821069,0
4.226237441729267,59.30220837431506,182.42906950447642,71.65298930256408,0.21395501940361353,2.9260618060600274,1,0,1,0,1,2,2,2,2,1,1,1,0,2,1,1,0.4307734821641685,0
41.093834769408325,148.04363847428007,1910.849342740404,145.61249773425854,1.4989746036846074,1.2557738773099032,1,0,1,1,1,2,1,0,1,0,1,0,0,2,0,2,0.3850953213453212,0
1.0409136617694208,52.23144657650641,99.25717490574682,51.78011040889579,0.15526154105692255,0.8217486830455956,0,0,1,0,1,1,2,2,0,0,0,2,1,0,1,3,0.3550352656602656,0
14.247345603920834,125.72386950024946,1339.7066067300675,92.85789269540037,1.6093092252863368,0.7571552263625518,1,1,0,0,1,1,2,1,1,1,2,2,1,2,1,0,0.4665462335281785,0
8.802958552311818,16.101810357708185,211.43775576257707,45.346146879902776,0.7131466632318434,6.325954135380214,1,0,1,0,1,2,0,1,2,0,0,2,2,1,1,2,0.2463702963702963,0
106.44480450141889,92.63854762195982,4456.3066545906995,52.07345986988237,5.518666885459922,0.9082868585910773,1,0,0,0,1,0,2,1,2,2,2,0,0,0,0,1,0.3801494723665033,0
19.32781662691663,86.18334154651203,2226.8164360055807,169.1267700971643,0.7405727157300019,2.8579489080628298,0,1,0,1,1,1,1,2,1,2,1,2,0,2,1,2,0.5113766719835603,1
15.195331194323403,40.30007222533474,609.1365434644072,26.060309884155675,1.3201101797574855,2.989464002977831,1,1,1,1,1,1,2,0,1,0,0,0,2,0,0,2,0.3685615930910046,0
66.46784914825655,96.33138607167135,5738.39562579815,35.68199486021242,3.896195171257208,2.622721174393379,1,0,1,0,1,1,0,2,0,2,2,0,0,2,0,1,0.3778438172441114,0
28.852944233875114,37.35062996941363,3086.661972253066,115.27697047805296,4.302892828384314,1.3733089337205753,1,0,1,1,1,2,1,2,1,1,2,0,1,1,0,3,0.0958438125292345,0
39.65920706847061,15.87087826090859,292.4738693731348,13.320183532124846,3.009538478419819,2.2338223413066816,0,1,1,1,1,1,2,2,1,1,0,1,2,2,0,3,0.209894203019203,0
28.81349486812128,50.319762452050576,8989.503859105043,76.74332982556761,6.090733747452289,0.0,0,0,1,0,1,1,0,1,1,1,2,1,0,2,1,0,0.0675119448452781,0
6.658767132929549,90.49074881187018,705.297199813281,67.4888974973,1.2724593840295555,2.8831508470155987,0,0,0,0,1,0,1,1,2,1,0,2,1,0,0,2,0.4955727319569915,0
35.71889649765804,18.181186308614432,1205.8792044236488,13.951193516831426,3.639960352908672,2.6700073250808347,0,1,0,0,1,0,1,0,1,0,0,2,2,1,1,3,0.5785336318079002,0
1.3745727771350649,19.98991720578273,15.982816988429937,9.044451546127895,0.11859020117967532,2.4871063987654525,1,1,1,0,1,1,0,0,2,0,1,0,2,2,1,2,0.5497331326081325,0
49.72284947572234,27.662546538219875,1507.896892043395,28.02853069915399,2.0455076015352835,1.9167413086715122,1,0,0,0,1,1,0,2,2,1,0,0,0,2,0,1,0.1876996383246383,0
46.20136227363955,16.91950159195781,1463.7829729158211,12.331484801758156,6.416236825021437,0.7727590011110506,1,1,1,0,1,2,1,1,0,2,0,1,0,0,1,3,0.1023330824948471,0
26.33607812761619,38.63377504384497,571.4929195134433,28.72819396518051,3.6693356596258577,1.4353492742832188,0,0,0,1,1,2,2,2,2,1,1,0,1,1,0,0,0.270408137594745,0
7.962527878125957,61.175272487757425,538.5958632418768,54.99983489996967,1.6053445407728235,1.8492481101371478,0,1,0,0,1,2,1,0,0,2,0,0,1,2,1,3,0.6773820006840843,0
9.95158872555227,96.5701539757732,524.0562715058993,41.67150922817395,0.428302218328085,1.7168542044032593,0,0,1,1,1,0,1,0,0,0,0,2,0,2,1,0,0.7853833754439647,0
100.68716516468743,140.49018670743493,3843.9340843484474,143.96884414619328,4.6132347631609605,1.3049590783574947,1,0,0,0,1,2,2,0,0,1,2,0,1,2,1,0,0.2129075415325414,0
31.183317258331755,150.2307714480511,3689.7302459188586,94.77420002137622,4.007877202956004,1.340914082187489,0,1,1,0,1,0,2,2,0,0,0,2,0,1,1,2,0.4575403392903391,0
82.03962080846017,28.111944886966075,1447.8855786578843,16.93894641606218,2.0915236585498582,2.715903107738301,1,0,1,0,0,1,0,1,0,2,0,0,1,1,0,1,0.0901396658896658,0
19.426816207811004,32.95094992758228,1157.3533627631573,94.42404013864198,2.3177679485126235,2.827545112754046,0,0,0,0,1,1,0,0,0,2,1,0,1,2,0,3,0.440363362287062,1
22.434762847138956,39.82080366715992,1138.4904143932529,35.70164002443676,1.9782908227370273,1.6694080672705611,1,0,0,0,1,0,1,2,1,2,0,2,0,1,0,3,0.5814988761570401,0
50.30926022710116,39.683283458992,2655.159235052847,34.33981844732347,5.126480392920048,1.6866338277238664,1,0,1,0,1,2,2,1,0,0,1,2,0,0,0,0,0.3532365892599508,0
11.06464908777543,24.24423955635964,1201.8833907601706,39.93654296989549,2.8764895120296528,2.811380822073291,0,1,0,0,1,2,1,0,2,0,0,1,1,1,1,2,0.5872689950007718,1
12.106345719658611,64.5354201811699,575.8976789746077,29.540912946821564,1.2373845083316242,1.232287191042774,1,1,0,0,1,2,0,1,0,0,0,2,1,1,1,0,0.6934626424582132,0
44.123151398655516,56.05160006930441,3966.178231337017,21.037539875545722,2.8153669374252708,1.2423319074450416,1,0,1,0,0,1,0,1,1,1,0,0,2,2,1,3,0.1423642376142377,0
76.55186657006894,73.92341274746497,2199.674625207532,62.78798721031588,5.4682304572821865,3.0890993221076632,1,0,1,0,1,2,0,1,2,0,0,1,2,0,0,0,0.3947642263516843,0
13.040113523252273,16.624518804589247,595.062264675144,16.033121950772657,0.8940877919094108,2.3995496747080014,0,1,1,0,1,2,0,2,1,2,2,0,0,1,0,1,0.7380704182124993,0
50.491810457147345,93.83632025163519,2238.920936982814,44.51416860947511,3.6679066045117112,4.945202347172584,0,1,0,0,1,1,2,1,2,1,0,2,2,2,1,2,0.4152387060409958,1
70.84693579511702,56.741711605619166,4002.6653496328668,65.51147738329098,5.013452082310634,3.6080188195263276,0,0,0,0,1,0,0,0,0,2,2,0,1,0,1,3,0.3221149736159772,0
9.361328588401223,71.50855459790344,580.9466227043322,64.5153941453565,1.0030539540164987,1.3640842959025377,1,1,1,0,1,0,0,2,1,0,2,2,1,2,1,2,0.4342154312780508,0
30.194883240296313,101.4647321478272,1178.701767139887,25.478394395836723,4.365239113033509,0.8563838818472282,1,0,1,0,1,1,1,1,0,0,1,2,0,1,0,1,0.0798957931809594,0
70.23999718276845,97.6671635800424,1478.9297435667925,37.243871748601386,2.1932987546063836,1.5431192316116262,0,0,1,1,1,0,0,2,1,1,2,2,1,0,0,0,0.2279341035617156,0
44.21107113081973,166.04986130685913,6900.274822550758,77.37799611394551,5.057519524773237,2.9541826602036156,1,1,0,0,1,1,1,1,1,0,0,2,0,0,0,3,0.3116490364331568,1
29.401662000560123,96.07439615046708,3641.372043134323,41.977922138580084,7.424640687966418,4.0227543866664774,0,1,0,0,1,1,1,1,2,2,0,2,1,2,1,2,0.3651819810099843,0
27.758791592270633,25.56349732583697,2206.763312117541,28.07672404072811,7.527393275931163,1.1934969997207516,1,1,0,1,1,2,2,2,0,0,0,1,0,0,1,3,0.3092730919305668,1
22.239148805922788,61.0181793070418,1318.5583369361805,103.72057245334842,1.6033583419762354,0.5093036239236391,0,0,1,0,1,1,0,0,2,0,0,0,0,2,0,0,0.3372996812910496,1
12.044959903166957,85.43856938290035,385.1155584171011,88.69595546569478,0.8123191030751163,0.0,0,1,0,0,1,0,2,2,0,0,2,1,1,1,0,2,0.6888141271934547,0
20.477228984634777,41.80089686202405,2597.2593262617816,66.7519317777707,5.56995928341171,2.2110890943493002,1,1,1,0,1,0,1,2,0,2,0,0,0,0,1,0,0.2898626014628627,0
20.270130760907218,88.20395367559578,1204.0528956139724,96.49993783460846,1.791050525331792,2.4796451798228656,1,1,0,1,1,2,0,0,2,0,2,2,1,1,0,1,0.5311455810418374,1
68.33492744409796,9.796501400100862,1349.3323809809524,27.946209143562545,3.7301997901314663,1.9886223141000992,0,0,0,1,1,0,2,1,1,2,2,0,2,0,1,1,0.1491450466744584,0
4.612327050880246,32.5923107697657,487.8336726801653,72.39708551064885,0.4379060514938246,1.5333879102977124,1,1,0,0,1,2,2,1,2,0,2,1,2,0,1,1,0.5083546949782243,1
81.70143334517492,68.8338974774416,1460.9561028642645,73.71268955230293,6.276166965492143,4.6602449938562565,1,1,0,0,1,1,1,1,2,0,0,1,2,2,0,1,0.0581902356902356,0
53.84842529082121,31.241348889164193,1962.307906037664,30.807884308586353,3.539893225399129,4.254755194617081,0,0,0,1,1,0,1,0,1,0,0,2,2,1,1,0,0.5099463932573222,1
1.0999224278571114,47.72429764949687,75.10004474290818,33.41908512313541,0.233271494570978,0.6142986225798627,1,1,0,0,1,1,2,1,0,1,2,2,1,2,0,0,0.4818623037008931,0
34.34182570873123,71.48594702519841,2723.1247508273113,55.572145406931185,2.1736910725362324,2.7742604906565127,1,0,0,1,1,0,2,0,1,0,0,2,0,0,0,0,0.319734924136269,1
15.112767557921869,35.39567752464597,517.994679746388,29.920546558633493,2.215464129788855,0.0,1,0,0,1,0,2,1,1,0,0,2,1,0,0,0,1,0.6131035173976347,0
22.4133082465261,122.98870101352365,1202.1064725909498,124.35699767123972,2.0095594187554604,1.853523860286559,0,0,0,0,1,2,0,1,2,0,1,2,0,0,1,3,0.5604135864258617,0
16.079043598240347,39.32467282477395,467.56254283498333,11.901746227562466,1.1706172325355684,0.0,0,1,0,1,1,2,0,0,0,0,1,1,0,0,0,1,0.7312147498583649,0
80.37515766920009,58.793987881436664,2744.207659188952,66.7831912442652,7.91666327298166,1.7171294754110267,1,0,0,1,1,2,2,0,0,2,1,0,1,1,0,2,0.0356516754850088,0
60.01985323654363,60.660734704251134,2069.7276717310324,16.825593809873244,2.8336400489787525,2.40310860842305,0,0,0,0,0,1,1,2,2,0,2,1,2,0,0,3,0.0445272412772412,0
19.562049710248843,147.79911851155953,1921.9148310075027,90.27536804853918,2.0955091751173787,1.777848340199035,0,0,1,0,0,2,2,1,0,1,2,2,2,0,0,0,0.4241863622263876,0
81.49779235769086,40.66087565208116,3287.10828480985,94.38823971170852,2.964150099161018,0.0,1,0,1,0,1,0,0,2,0,0,0,1,0,1,1,2,0.4930493989263591,1
29.177762493216356,17.654415211335102,2385.244719159349,32.52762253568264,7.022514827635757,3.406891129081692,0,0,0,1,1,1,0,1,2,1,0,2,2,0,1,2,0.3801104463628298,0
14.85817331369735,41.16308883342377,645.2590723160821,21.328371760465156,1.501013462966383,1.0136942056177316,0,1,1,0,1,2,2,2,0,1,2,1,1,1,1,3,0.794710611390331,1
24.061886478486546,31.22527404129807,1489.0935806008954,50.77796773267007,4.8061855619229075,2.079276770945303,1,1,1,1,1,0,2,1,0,2,0,2,2,0,0,0,0.1246015873015873,0
10.618407533805087,13.904642090822765,322.8610762091125,16.46687298934185,0.45463966393954114,5.419628569322951,1,1,1,0,0,1,0,0,2,0,1,2,2,2,1,2,0.3598959743959743,0
7.850799232472463,31.97555106006217,166.56493791746738,8.34344456299275,0.5508942576989001,1.5602903297610553,0,1,1,1,1,1,0,0,2,0,0,0,0,2,0,3,0.5234645981240406,0
32.452133899564224,37.10055573511197,1558.1996986813958,65.85737785970949,2.7658231548523458,0.717404546261313,1,0,1,0,0,2,1,0,1,1,0,1,0,0,1,0,0.4905891623919401,1
11.240126048224486,48.92064518757406,2892.278546629496,84.63259591065896,1.3301917977114879,2.3386969495290035,0,1,1,0,1,1,1,1,0,2,2,2,0,2,0,1,0.5374086198610017,1
53.95761195341803,133.21072703408757,2558.091488570342,51.06599102805001,7.246248764563115,0.6217288034851076,1,0,1,1,0,1,2,1,1,1,2,0,2,0,1,0,0.1808830669926905,0
8.346243688988142,68.01969402572817,823.3079119860242,128.36885377458069,0.6034305205437717,2.9848479334718494,0,0,1,1,0,0,0,0,1,2,2,2,1,2,1,0,0.3299434213017803,0
26.21068972940909,21.71252575406307,1188.471297684052,13.143007734806359,2.1020688414275446,3.533308665644119,0,0,0,1,1,0,2,0,2,2,2,2,0,1,1,0,0.491293412195634,0
40.7846993644842,36.1988017568484,904.061203148842,14.98188130997828,4.113434530238161,4.041246854943559,0,1,1,1,1,2,1,1,1,2,2,2,1,0,0,2,0.153946754320695,0
11.394090868806533,76.964480074172,1544.3189184299952,44.16077157724319,2.742396709409366,2.4263351616291575,1,1,1,0,1,2,1,1,1,2,1,0,2,2,1,1,0.561068318311576,1
74.41381500733382,72.13466534860477,6290.732480128178,37.04783407340308,8.407934922349003,2.7422424255482785,0,1,1,0,1,2,0,2,2,2,0,1,2,2,1,3,0.3435798026669875,0
18.013234995307283,23.619495100255353,802.644618471874,59.63072262959552,1.1178985333831548,1.4033642452518387,1,0,1,1,1,0,1,0,2,1,0,1,1,1,1,1,0.5037462100339624,1
20.088560399871895,72.99398853129355,2432.2447792385065,143.72765307586837,1.8505320566167742,0.0,1,1,1,0,1,0,1,0,0,1,1,1,0,2,1,2,0.4885518428620832,0
41.525229845624246,171.8414859763144,9283.366709668635,159.91744081854404,2.3097948488096716,0.8980366135410275,0,1,1,0,1,0,0,2,0,1,2,0,0,0,1,2,0.4464876432620239,0
22.575199913588968,63.67316747509905,562.7037827150648,29.814415780601173,2.365624498230549,0.0,0,1,0,1,0,0,2,2,0,1,2,1,0,2,0,3,0.662950215359962,1
10.938660957103295,22.33956870224075,577.6716113558945,62.12093460953671,0.617492154550503,1.0036928912853993,0,1,1,0,1,2,0,0,0,1,0,0,2,1,1,2,0.5198535337023217,0
77.37508629151546,85.20290254709964,3821.0202555338906,51.312111760367465,6.781992481675526,1.399941056444475,0,0,1,0,0,2,1,0,1,1,0,0,1,2,0,0,0.0945983938230315,0
24.833563938340085,36.83301549655547,606.6736182287113,29.856242854365707,1.4378304984242258,2.136330559163798,0,0,0,1,1,0,0,0,1,0,0,2,2,2,0,1,0.2273979488616511,0
66.4366900418354,124.94772045357033,5268.409629282333,122.21617276788118,7.271526402347544,0.0,1,1,0,0,1,2,2,2,0,1,2,0,0,0,0,1,0.0467470862470862,0
36.421789742171825,43.84604865023977,2112.259095820796,27.065670244781867,3.8095296813850283,1.331978136990936,1,0,0,1,1,1,1,1,2,0,2,1,0,2,1,2,0.1025620419885125,0
24.336180799037322,40.94729913233514,1492.3317244123452,27.262668276968576,1.426370042283208,2.9919130331804142,0,0,1,0,1,2,1,0,0,2,2,0,2,1,1,3,0.369773877888101,0
11.964885713491316,17.161650866610046,991.1625222436012,59.34751565171084,1.2344026105996062,1.426873563065207,0,0,0,0,1,1,2,0,2,1,2,1,2,2,1,0,0.7169199781705422,0
76.3687017233455,54.70201410489448,6496.522126880274,61.47401382221631,3.0311538707153804,1.0504197225468785,0,0,1,0,1,0,2,0,1,0,1,0,1,1,1,1,0.3860359236218195,0
46.17568612752338,126.39611649445182,7439.687810937289,115.5723355831037,3.843269732362143,2.4160280850026403,1,1,1,0,1,0,0,1,0,1,2,0,2,2,1,3,0.2325411624270465,0
88.47704274001391,51.94601241808562,2080.6003164196754,32.716377620054246,2.9923755792047175,0.6449553936327186,0,1,1,0,1,2,1,2,1,1,2,2,0,0,1,0,0.1002690735190734,0
11.211390542673978,70.57801676779341,1144.4298584936225,26.7057224545615,0.8421538098791194,1.576009532759449,1,1,1,1,1,2,2,2,1,2,1,1,1,1,1,2,0.4179436201874796,0
64.01795431396226,128.76028972758238,7413.967462920626,98.98139876738497,5.6286542860532105,4.730492236381531,1,0,1,0,1,1,2,1,2,2,2,0,0,1,1,1,0.079050801050801,0
99.72876510604574,42.50516854301821,2779.9062092962067,41.201113506070016,5.840570333608348,0.6859127894130951,0,1,0,1,0,2,1,1,0,0,2,0,1,0,0,1,0.0440966625966626,0
2.7911384547774274,88.57604780500722,1001.8276251800183,46.07346344573727,0.5404985213116105,0.0,1,0,0,0,1,1,0,0,1,1,0,1,0,0,1,1,0.4044986003275476,0
79.38492208393589,74.63437177858991,1969.9405978288592,20.25669260957405,5.0008935662897676,3.539092105691643,0,1,0,1,1,2,2,2,2,2,2,2,0,2,1,3,0.0291544566544566,0
36.75751390147882,68.97883683906498,1894.0485745528372,38.03658364567833,4.476540079271797,3.0526930464504947,1,0,1,0,0,2,2,1,2,0,2,2,0,2,1,2,0.1402243867243867,0
28.211078163417305,71.46808683542045,3165.055558080197,53.60666742094457,3.9056709846966466,1.125128440507431,0,1,0,0,1,2,0,1,1,0,0,1,0,1,0,2,0.4805802747617522,0
51.68082455863164,135.56630743562002,9130.120093166131,76.91879626293857,3.7631299121432713,2.2833580257929897,0,0,1,0,1,0,0,2,1,0,2,2,2,1,0,3,0.0666676403518508,0
16.915304976727214,110.84832297743546,3010.4913140236467,108.31862007184256,3.115508180876351,0.0,1,0,1,0,1,0,0,2,0,0,1,0,0,2,0,2,0.6116491437015807,1
44.73342952727062,54.86836127307414,3556.739976641436,49.074890818900116,8.2039267547925,3.966427690213571,1,0,0,0,1,2,2,2,2,1,0,0,2,2,0,2,0.3849771956975842,0
27.54634631410284,58.90542483116647,913.136521295488,96.57149953397955,1.4422252512281548,0.775123601215048,0,0,1,0,1,2,0,2,1,1,2,0,0,0,1,3,0.4993726737996797,1
3.6197556590116995,42.99946808761008,113.16446187440468,22.026892441573057,0.7242301024217666,1.296887132542531,1,1,0,0,1,0,0,0,0,1,2,0,2,0,1,2,0.7376456003636648,0
69.79075088956085,20.900849938712142,859.9308130443239,29.847736382993165,5.690054416036087,0.0,1,0,1,1,1,0,2,1,0,1,1,0,0,2,1,0,0.1372652151769799,0
43.5317121950147,59.98666065693524,1932.8696268987314,75.64476644787024,2.807940920201613,3.1410949523045684,0,1,1,1,1,0,2,0,2,0,1,2,1,2,0,2,0.6367892494479471,1
6.3077252970313165,98.93252292797875,361.92455605494774,82.3312764190196,0.355881245400104,1.945741320890648,0,1,0,1,0,2,0,2,0,0,0,2,1,0,1,0,0.4400137596371615,0
26.407610296585,16.997155329155664,200.3940576046615,14.51318245276835,1.9332216129097985,0.4131326807731657,1,0,1,0,0,2,0,1,1,1,1,1,1,2,0,3,0.5569532306844256,0
36.934191678018664,23.507788483750343,933.1597863130562,33.689423389310456,1.913537537188886,1.5003561842819875,1,0,0,0,1,0,2,1,1,1,0,0,0,0,0,1,0.5883151956049755,0
25.15530291091565,116.87163865053596,4156.1896632216485,81.63212992456216,5.207971849586654,2.1965026397282807,0,0,0,0,0,1,2,0,1,2,2,2,2,1,0,1,0.0994024401524401,0
109.49310011093391,24.604407706654715,1227.5302303635103,14.329601849074871,6.303657413707134,1.385864262249104,0,0,0,0,1,2,2,0,1,0,0,2,1,1,1,3,0.0989352254499313,0
43.742213334539976,145.90076978503575,9082.856115054909,146.19960828517335,4.565840063347412,2.2677064981650936,0,1,1,0,1,2,0,0,2,1,2,0,0,0,1,1,0.0580093795093795,0
101.00017960206499,52.21231239895329,5811.545788074007,81.73221488664548,6.805763441486528,3.879413889185377,1,0,0,1,0,0,2,0,2,2,0,0,1,1,0,3,0.0507023809523809,0
55.231039273478586,61.688865607980176,4961.0769794022945,106.19549673355932,3.87114174587778,3.859664710112674,0,1,1,1,1,2,0,2,1,1,0,0,2,1,1,3,0.1318845563477916,0
68.77739874754091,88.87156562545813,6175.014782243252,114.05366174039817,7.515895359538156,2.9732233496906746,0,0,0,0,1,2,1,2,0,1,1,0,2,2,0,3,0.388828179453758,1
7.178976551246577,100.626556944818,453.80271560630143,65.4033405207337,0.6785314739474697,6.999606653514854,1,0,0,0,1,2,2,2,2,0,0,2,2,1,1,3,0.2806687386687388,0
25.620408944107865,43.42752320184044,1424.0802308072807,24.825557092700535,3.4233241679033393,0.0,0,1,1,1,1,1,1,2,1,1,1,0,0,2,1,3,0.0631503126503126,0
47.07465405732725,60.92637129347252,2878.2619992357722,73.05039837599958,3.1573968412783895,0.7919849955678601,0,1,0,0,1,1,1,0,0,2,2,1,1,1,0,2,0.497727962482686,1
11.231158115705801,54.768254000799935,530.8755890919407,66.63146113471312,1.1383312103422902,2.97773679848392,0,1,0,0,1,1,1,2,2,2,1,2,1,0,1,3,0.4212594954775261,0
36.3697521381819,62.44041225040587,2261.4882011683126,18.59931537555398,4.091033459850284,1.4691103519302153,1,0,0,1,0,1,2,1,1,1,1,2,0,0,0,3,0.05275,0
39.87571796424156,69.66249109476598,3031.9714933207124,33.18846019715017,6.865464779664723,0.8040666339017115,0,0,1,1,1,1,1,0,2,1,2,1,0,1,0,0,0.3553823373249842,0
73.5158784102855,164.98391554103637,3693.9335905470457,124.7127082208227,6.4507748067951685,1.9053492309101112,1,1,1,0,1,0,2,1,0,1,1,1,1,2,0,2,0.0848404835904836,0
108.49565203368596,25.939725033986853,2023.0271764520542,40.80419041710451,6.668026232686102,1.815575084406167,1,1,0,0,0,2,1,0,1,0,1,1,2,1,1,3,0.2627180750164553,0
4.5619403803263765,63.52015797788102,370.1680740758289,106.59816610286647,0.42906450182969996,0.0,0,1,0,0,1,0,0,2,1,1,1,1,1,2,0,1,0.7476085161491461,0
25.370708175969927,52.05253550620725,3055.6730147939033,43.637780972456895,2.255315839701659,2.2963431658651,1,1,0,0,0,0,1,1,0,0,0,2,2,2,0,3,0.0738915343915344,0
38.68339927100646,109.95751813225786,4446.525098837515,94.7405820559086,6.5416077141866715,0.773809833538923,0,1,1,0,1,0,0,1,0,1,2,1,1,0,0,2,0.0461447811447811,0
8.419901842575829,125.20495077729306,646.6919100132301,66.69225589929003,0.9428421586020572,0.6297892130291634,1,0,0,1,1,1,2,2,1,0,2,0,1,1,1,2,0.3098624724980978,0
2.5054073299856334,66.86241747840593,234.12797042810377,27.95582913657023,0.4088625862348576,1.09942015661507,0,1,0,0,0,0,2,0,0,1,1,2,1,2,1,0,0.6120212478287607,1
72.59949043362347,50.89988326451172,3191.8752970354617,78.43960961944045,8.440050260547094,2.044146695121909,1,0,1,1,1,2,1,2,1,2,1,1,2,1,0,1,0.0330669608169608,0
48.05790621794319,38.121347765703675,1654.8250719414468,25.4130566769867,6.748279637935836,0.6979678606536882,0,1,1,1,1,2,2,2,0,1,2,1,1,0,0,0,0.3008609854985629,0
16.471348455007806,134.44791850742897,1665.6027607686135,121.88313909156874,1.5986734013473127,1.8142790366234893,0,1,0,0,1,1,2,2,1,2,2,2,1,1,0,2,0.5410683154938272,0
30.396553779078904,40.423918570209274,771.070501570913,14.442794729252304,5.858524781042076,2.4960535470813117,0,1,1,0,1,1,0,0,1,2,2,1,1,2,0,1,0.2441474350812586,0
13.172571885469928,52.352388598506415,380.3421386039155,23.387596126625834,0.8096407083570581,0.7359990044446745,0,0,0,0,1,2,1,2,2,0,0,0,1,0,0,2,0.7678645526777365,0
44.844735766405755,170.96259122685981,8784.504956620976,185.29804032110638,7.64347108565683,0.0,1,1,0,1,1,0,2,1,0,0,0,1,0,1,1,3,0.3271389821507469,0
21.095430102933165,82.77385792191572,2037.8187453235648,53.49615600026346,2.4291235006259515,2.7710780415636815,0,1,1,0,1,2,1,0,0,0,2,2,0,1,1,2,0.2331917938442705,0
65.97068254352067,42.06520274964738,3810.120339175268,49.55059296801029,2.8546602292306282,2.7760255226998862,0,0,0,0,1,0,0,0,2,2,1,1,0,1,1,0,0.0459456469456469,0
46.044590442919684,106.93039655889002,2968.847598596909,45.60620302153448,3.5510050389998598,1.3651693098956588,1,1,0,0,1,1,2,2,0,0,0,2,1,1,0,2,0.1412802877949936,0
1.3912536812668526,68.46629564853374,213.54508002820887,111.71704419966105,0.09879788498729251,2.3547868560619296,0,0,0,0,1,0,2,1,0,2,1,2,0,1,0,0,0.7407037224850525,0
22.72318617174284,55.04371961705057,1072.2257404252211,30.663567891587185,2.3947292554405584,0.8158170785701329,0,1,1,0,1,2,0,1,2,0,0,1,0,0,1,2,0.5357005709852536,1
15.424849367200704,29.288841951843747,733.9430257507394,46.984328476928496,0.7654864241383019,4.283313952652383,0,1,0,0,1,0,1,0,2,2,0,1,2,0,1,0,0.6417219429992156,0
78.08551351572729,34.386570225230194,2518.3993878656725,67.41683389860283,5.778857395561441,0.4835979527800077,1,1,0,1,1,0,2,1,1,2,2,0,0,1,0,1,0.0595484145484145,0
6.9831631328132024,94.40616214750888,587.5978199606814,60.832311307864394,0.38867358886834286,0.0,1,1,0,0,0,0,1,2,1,0,0,0,0,0,1,3,0.7184903260180642,0
54.3344805599584,10.734817292879631,1484.2371646205045,7.941763364797348,4.716490023460885,0.5600475198611011,1,1,1,0,1,2,0,0,1,1,2,2,1,2,1,1,0.189360513739546,0
26.147849822486254,76.0309402525755,683.7846305566295,22.997538548349493,1.2698885111527893,1.495793640641323,1,0,1,0,1,1,1,1,1,2,0,1,1,2,1,3,0.7061752560637206,1
20.52432233189022,49.04892107422942,935.5590471890998,36.99844427658343,2.0546305739553787,2.38255201977783,1,0,1,0,1,1,1,2,1,2,1,0,1,0,1,0,0.4008123956326475,0
22.582146812541833,43.34537905551561,1635.2011123059212,58.33550994573103,2.671841486902381,0.0,0,1,0,0,1,2,0,2,0,0,1,0,1,1,1,1,0.0369251322751322,0
24.260730270649294,136.71293447207782,7042.151948762297,123.31664850884785,4.529679325369063,1.3039400792254146,1,0,0,0,1,2,1,2,2,1,1,0,1,0,0,2,0.2970827222026912,0
39.72197302625145,23.65458251910509,1508.7091962834993,60.43203905733966,3.1840428120613313,0.0,0,1,1,1,0,2,1,2,0,1,2,0,1,2,0,3,0.514588807335708,0
23.05109529767737,70.21319402730332,4328.182993444038,86.17162950625116,2.106724562326531,5.215199146263625,1,0,1,0,1,1,1,1,2,2,1,2,2,0,0,0,0.2756058537144422,1
31.963944932490648,65.74178387467478,2036.3033469881439,63.28058906477464,4.399105612654679,1.7920203557330436,1,0,0,1,1,1,1,1,2,2,0,0,1,1,1,1,0.0519810606060606,0
74.43231561743713,97.17232289178139,5017.662304684488,55.797097282540804,2.0026356723776013,1.262554414890017,0,1,0,0,1,1,1,2,1,2,2,1,1,2,0,0,0.4526816737518555,0
27.59639817987354,60.16507839335716,3808.219125444368,27.295636016432553,7.340176367085838,2.4224701903754458,1,0,0,0,1,1,0,1,2,1,2,2,1,2,0,2,0.3683431902668108,0
29.68387283400703,97.20182034449103,2479.412866405808,110.68512059482413,5.951517126878596,2.8704642264727642,1,0,0,0,1,2,1,1,1,2,2,1,0,1,1,0,0.4026782692531959,0
34.769968764595774,54.0022229454843,6321.313495525844,150.3682476708135,2.5046296151809084,4.6906248738505205,0,0,1,0,1,0,0,0,1,1,0,2,2,1,0,2,0.2397200838675829,1
3.5256824720835316,91.78936267396277,569.2153098604205,52.5935967112993,0.8522919538102711,1.8038517585257232,1,0,0,1,1,0,0,1,1,0,0,2,0,1,0,3,0.7063214129897577,0
48.317681730828625,106.22956889067135,4467.922036392284,136.61161407432348,3.857629876618473,1.2682235291806079,0,0,0,0,1,0,1,1,1,0,1,1,2,2,0,1,0.4464771065852535,0
62.21182869716694,64.19766993235523,1716.1009139542105,66.33256212545461,3.593855052094131,4.953135444358432,0,0,0,0,1,1,0,2,2,1,0,2,0,1,1,2,0.3816143047344217,0
51.61106661691435,21.38793116539772,2742.81614945835,26.58860443373736,8.572536602097111,0.9926018532332901,1,1,1,1,1,0,0,1,1,0,0,0,2,1,1,3,0.2788121868551544,0
34.47467353712326,100.76412008221065,4354.655352337296,64.73775155875663,4.664113521666464,0.9763833016365597,0,1,0,1,0,1,0,2,1,2,2,1,1,0,1,0,0.462070448070448,0
30.20924044879728,39.503181163236775,607.8656815236711,40.77772829023628,1.1947837302828814,2.12756944296593,1,1,0,0,1,1,0,2,0,2,2,0,2,0,1,3,0.5978571878665587,0
27.307313158335358,113.15549554882135,1803.9807220349987,126.81925556974137,1.326108870141782,2.4478718131358326,0,1,0,0,1,1,0,0,2,2,2,0,0,0,1,3,0.474637814160397,0
16.117798228683597,50.72839320743412,877.7464254260447,55.74516131275073,1.8571738058687248,2.5894436590465735,1,0,1,0,1,1,0,1,1,1,0,2,1,0,1,1,0.6386604519495395,0
18.654587470564714,52.73892292462554,1525.9031885618733,64.58318673728365,4.347540951135208,1.8030962182547772,0,0,0,0,0,1,1,2,1,1,1,0,2,1,1,0,0.2297605820105819,0
13.65381644106004,151.10726304660957,656.7800467220542,45.973527804138286,1.0249565056630585,2.0110221015761742,1,1,1,0,1,0,0,0,0,0,2,2,0,0,0,1,0.4655146207185173,1
36.973719284634086,101.7402345356435,3125.279939972495,70.85087500245434,2.6467221161165657,1.2362803377542253,0,0,1,0,1,2,0,2,1,0,2,0,2,2,0,3,0.5715351068158494,1
17.365065128480808,120.96399278207325,3013.870878014181,47.60891808000039,1.7697182622529064,4.712559213363963,1,0,1,1,1,2,2,1,1,2,1,1,2,0,1,3,0.5816571514997934,0
28.732721302085096,133.66931930801064,817.9433686438041,135.57073680619018,2.3458869172855277,0.9866021500200379,0,0,0,0,1,1,1,2,1,2,0,1,1,2,0,3,0.6532372278297631,0
15.62498062749772,28.467493604194193,650.29423809126,22.47287091253179,0.6163444277263448,2.5206176100927804,0,0,1,0,1,0,0,2,1,2,0,0,1,2,0,2,0.6555424814461194,0
65.84919164548914,36.867414349705726,723.6330774681886,35.90289000725413,7.338444260677216,1.1928134369070098,0,1,0,0,1,1,2,1,0,1,2,2,1,0,1,0,0.2049077456165465,0
9.128524570035049,99.3727608608875,1243.868720587758,45.302116401737905,2.2199714369298293,2.440245377849971,1,1,0,0,1,1,1,0,0,1,1,2,1,1,0,1,0.5575833055413012,0
6.457565756776109,59.93399511178264,145.88151876441873,59.56176755733821,0.4432208596095109,1.5719225753413761,1,0,1,0,1,2,1,2,1,1,0,0,1,1,0,0,0.8168742085393651,0
91.061898026781,70.34886829694273,7023.864977100019,83.1544704946916,5.320770532959958,0.44380991832426286,0,1,1,0,1,1,0,0,2,1,0,1,1,2,1,0,0.0848849206349206,0
17.885139808109077,54.25634743467131,591.1182863615885,66.24516456437979,1.8075100138986582,1.4546934104528233,1,1,0,1,1,0,1,0,1,1,1,2,2,0,1,2,0.4512653832509802,0
9.208901025290233,12.92668279854287,341.5023463213703,23.02827432945039,0.9622874516194749,4.0260173945937545,1,1,1,1,1,0,1,2,2,2,1,2,2,0,1,1,0.3034198764198762,0
4.770718399462331,81.88749736885248,138.52959559299944,64.36009095150602,0.21302728881789196,2.3408027524395822,0,0,0,0,0,0,0,1,1,2,2,2,1,1,0,0,0.7318677018160256,0
78.36310053469471,155.87380351590423,3342.614454038409,52.79133629543789,7.394257519798163,0.0,0,1,0,0,1,0,2,1,1,1,2,1,1,2,0,1,0.2511942640405373,0
57.235683062374186,48.64488098580275,3161.6277846344497,40.36330049457926,5.081184548502579,0.0,1,1,0,0,1,2,2,0,1,0,2,1,0,1,1,1,0.2958788736002781,0
51.17974315934613,72.69281257458704,2399.6629455051184,47.05222067659184,5.587765222264185,2.8651061535060647,0,0,1,1,1,1,2,2,1,0,1,2,1,0,1,3,0.0467685988475462,0
45.39647451455462,34.64743105026776,553.0834277718345,38.41684664681401,2.107025242446443,0.8464184648294795,0,1,1,1,1,2,0,1,0,2,2,1,0,2,1,2,0.2184749278499278,0
24.432752596645038,9.502307265386728,525.5627668695295,29.954891392214517,4.0536527953651085,2.1455148287305295,1,1,1,0,1,2,2,1,1,2,2,0,2,0,0,2,0.2497756679194059,1
7.005317370863258,113.76865439518554,495.56016806140633,84.21974274244553,0.4207356828808373,1.7625645001371377,1,0,0,0,1,0,1,2,1,0,2,1,0,1,0,2,0.4159220739514858,1
27.777362246784055,37.49764982059817,792.6118669031753,41.6618642910558,2.457099904510134,4.908656520909028,1,1,1,0,1,2,1,0,2,1,2,2,2,1,1,2,0.3009114330658447,0
21.41176850680598,76.43715049290417,3127.546616904405,46.9256277261912,1.7343264919428933,0.0,1,1,0,0,1,0,1,0,0,1,2,1,0,1,0,2,0.611649888520438,0
36.195952233759854,22.312850388538767,1251.0219297327649,73.03990860199984,3.131722469760599,3.2716019402693903,1,1,1,0,0,1,1,2,2,2,2,0,0,0,0,3,0.2154021662015847,0
65.44069596458698,127.11688089058373,6744.777639314713,111.23515922772576,5.989292528092963,0.8165168540312251,0,0,0,0,1,1,1,1,0,2,2,1,2,2,1,1,0.3772821681188743,0
8.620841684370241,56.25378778267386,820.1599860663508,74.60940495620223,1.071746263106193,2.3185554421807044,0,1,1,0,1,0,2,0,2,0,2,2,0,1,1,2,0.6291572803193068,0
0.7416155557901791,77.70825803203236,110.55263450310252,54.74569544405523,0.07737752490474727,0.9352193397093872,1,1,1,0,1,1,2,2,0,0,1,0,2,0,1,2,0.5230160062171911,0
43.59413283126909,50.828039298044686,2466.311713536833,51.021285956566196,2.9076197672012167,2.4134066208328315,0,0,1,1,1,0,0,1,2,1,1,2,2,2,0,3,0.4374674235628255,0
27.283331630642746,68.12136079449616,933.5513852455534,66.78254041402184,2.1013488677973213,0.0,0,1,1,1,1,2,2,2,0,0,1,1,0,2,1,2,0.1712366522366522,0
62.950601884961166,102.90497929643647,5761.961580054035,142.07883030075683,4.690234790319437,1.1812932962737375,1,0,0,0,1,2,1,0,1,1,0,0,1,0,1,0,0.3753787481314025,1
62.385646687683156,126.39585113191164,2759.783222691131,115.83609770125346,6.974460015253869,1.6051542043016687,0,0,0,1,1,1,0,0,1,2,0,1,2,2,1,0,0.382942771970579,0
94.39555539983239,61.92320363890417,3455.2610621523363,25.024351204024832,3.250538440706832,1.4211130738371893,0,1,1,1,1,0,2,2,0,2,1,1,0,0,0,0,0.0668860815110815,0
61.50204961277757,82.68734478915495,1215.0540366982761,78.97503267600156,3.508537963487321,1.667222424606654,1,0,0,0,1,0,1,2,1,2,2,2,0,2,1,1,0.094823963073963,0
31.395044123933946,67.11521490932174,7521.8583405853715,145.902245608777,9.036179012583728,0.921443620369105,1,0,0,1,1,1,1,1,0,0,1,1,1,0,1,3,0.4330484082605498,0
65.33105342151909,14.656125196758456,721.1239273633363,34.168822945624036,2.1938953578237794,0.0,1,0,0,0,1,2,1,1,1,1,1,1,1,0,0,2,0.641868317460541,1
13.511079775447953,93.879732454111,1158.6794924074413,37.7273283646104,0.9859037022305892,2.967739973453992,0,1,1,0,1,2,1,2,2,0,0,0,1,2,0,2,0.69183667674711,0
2.931745010940433,95.09762737233166,199.38745301617115,83.39618368580614,0.7024023955074095,2.2515302443425655,1,0,0,1,1,2,1,0,0,1,1,1,2,1,0,0,0.3637642200182189,0
33.87885740762168,128.2038007543374,4524.885602715878,56.706442140971305,2.581974971533034,1.557576482340981,0,1,0,0,1,0,0,0,2,0,2,1,1,0,1,1,0.6306669801360202,1
7.8092275709420935,100.1414189866946,1457.8876999233305,44.02159782680157,0.6175121472002053,1.621406956997442,1,1,0,0,1,1,1,0,2,0,1,2,2,1,0,0,0.5762687129421997,0
19.05610642268137,30.41535165136424,327.81265744292574,33.68915655290871,1.5458391935396034,4.639961825182695,1,0,0,0,1,2,2,1,2,0,1,2,0,1,1,0,0.59821922206334,1
9.960726191557605,69.42236594094487,1126.5314405988267,65.97995885081667,1.2729187088029015,3.1699634709464957,0,0,0,0,1,2,2,2,0,2,2,2,2,2,1,3,0.6485369349261872,1
60.590045262366914,19.87196075425588,1300.8224620723634,17.973256503018515,9.079374186213293,1.4768086848396482,0,0,1,0,1,1,0,0,0,1,2,0,1,2,0,0,0.3071597766570347,0
13.015882377543102,23.8925823799885,344.8659121496868,36.77337791398071,1.6953502999877963,0.4527587060309227,0,0,0,0,1,0,1,0,0,2,1,1,1,0,1,1,0.7938417170259968,1
74.09519161014774,60.20416315645479,2738.8334681810056,67.60514520526833,7.324595551973893,2.8550568772588596,0,0,1,1,1,1,0,0,1,0,0,0,0,0,1,1,0.4344644151869425,0
19.415681285912747,14.472287661999085,123.36224809345924,10.633355936561344,0.981899837099839,3.477225942979456,1,1,1,0,1,0,0,0,2,2,2,1,0,0,1,2,0.3422763491381912,0
24.381503225763907,42.4827038895749,934.2727644530986,30.8809711427589,1.9673930633613612,2.444911372108737,0,1,0,1,1,0,0,0,2,1,0,0,0,0,0,3,0.2673546253129587,0
15.097964294589316,40.2356009538025,383.9435606076923,54.19904678543558,2.2073563750272087,0.0,0,1,1,1,1,0,0,1,0,1,1,0,0,2,1,0,0.2687836362983422,1
4.334511733829004,21.951477463325958,125.04235709319579,53.96673559772056,0.1697433006283771,1.7314847439858911,1,0,1,0,1,1,2,0,0,2,0,0,0,0,1,0,0.8296012582832645,1
0.8141580070000984,100.25546888820601,113.57188948173373,36.717898501005415,0.19881868612225928,0.5880183923967762,0,1,0,1,1,0,2,0,0,0,0,0,0,2,0,2,0.5609241267084406,0
54.182159170157945,83.00863991232792,10185.154614155237,117.7498085329021,7.922253496509986,2.2744387481264665,1,0,1,0,1,2,1,1,0,0,2,2,2,2,1,0,0.2916178573891421,1
86.95929692345842,90.16293671778037,4701.565527200856,100.03128776818015,5.507741461658584,2.2981080626239256,0,0,0,0,1,0,1,2,0,0,0,2,2,1,0,0,0.351546546702866,0
35.2694069662216,141.28863041610242,6388.551778865292,79.63965743687672,8.479209445399244,0.8104131594826292,1,1,1,1,1,0,2,1,1,1,2,2,0,0,0,3,0.389581385789445,1
1.4437933307429751,44.492333183748094,43.87843011827579,9.480796261485215,0.059429602717199284,1.7381991468127587,0,0,1,1,1,0,1,1,1,0,2,2,2,2,1,2,0.6951864167440546,1
65.06534298915777,70.9783431100268,4324.474047626823,50.76505976616388,5.066146568793974,1.8101350358976063,0,1,1,0,1,0,2,2,1,0,0,2,2,2,1,0,0.0495445749239866,0
42.902331059503936,47.752020090297215,2632.9057450799546,60.128885558455686,4.940460734572787,1.812030693274507,1,1,0,1,1,2,0,0,2,2,1,2,1,2,1,0,0.060420341031754,0
69.35724304737,56.62044560666295,4335.693626998328,102.77317621791029,3.268901492097661,0.6318892675696316,1,0,0,1,1,1,2,0,0,1,0,1,0,0,0,0,0.0225406714932576,0
5.9771011370533875,70.47471395180202,537.4118274991436,50.49563115028818,0.8917166057152907,2.83500517782055,0,1,0,0,0,0,0,1,1,2,0,2,2,1,0,1,0.6352943006564641,1
84.00534998667418,48.08572273820222,2028.330029833655,48.46407625640836,4.358108540823772,2.985167492482965,1,1,0,0,1,2,2,1,0,1,1,2,2,0,0,2,0.1888348405979984,0
3.4951769192207873,157.5912402496918,1105.3654658288442,104.7256082043213,0.6880207132884082,2.1964623036931084,0,1,1,1,1,1,2,0,0,1,0,0,2,1,0,2,0.4845934364435396,1
24.425624977292838,63.899056738514695,5112.110639945268,76.7162324922236,5.019822136602657,3.8650573347180757,1,0,0,0,1,1,0,2,2,1,2,2,0,2,0,3,0.3445736220189639,1
33.80038004256292,26.32968676238942,1627.2144645368642,44.757395172786794,2.75752887493308,0.5266047631359899,0,1,0,0,1,2,2,1,0,0,1,0,1,1,0,2,0.18645041995042,1
41.31661437539858,154.00797893309127,6317.773997072097,58.65421084741823,1.9083532913468961,3.692989804811385,0,1,0,0,1,1,0,1,2,1,2,0,2,1,1,3,0.3797230254438157,1
1.7308680227835525,121.76597098669933,123.66803214520387,58.82960994741027,0.11657813848447993,2.876178027703415,1,0,1,0,1,0,1,1,0,2,1,0,2,0,1,3,0.5326170820827685,0
15.24181282187055,42.22881422061105,265.40640436975156,29.001788719632923,1.730447081424469,4.781045935693317,0,1,1,1,1,2,1,0,1,0,0,2,2,0,1,0,0.7251501675210565,0
35.54905857414979,69.53957378068499,3128.3924817392976,35.91478126219555,4.623042440751793,2.5094458381648947,1,1,0,0,1,2,0,2,1,1,0,2,0,1,0,0,0.1905567145062998,1
27.538636844135883,115.19596267840905,4117.435013364364,144.3213254647707,1.2518071194235156,3.385793026332667,0,0,0,1,1,1,0,2,2,2,2,2,0,2,0,1,0.609231177592491,0
76.25494577913018,109.73932041960646,2104.8492398182034,99.90710181011013,2.7337482593803397,4.6635066079212155,0,0,0,0,1,2,0,0,1,2,1,1,2,2,1,0,0.3925239828738985,0
92.83347004341968,22.37283304962159,890.8416976544031,31.200084388658045,5.400657929975879,1.6647027709920816,1,1,0,0,1,2,1,0,1,2,0,0,1,0,0,2,0.05549072134556,0
22.127609443407387,34.66870889330846,703.0223259404987,55.3278784240207,2.4029385782173778,4.054601437458815,1,0,1,0,1,1,1,2,1,0,2,2,1,1,0,1,0.3572235299670986,0
2.221651466539077,46.21203508387969,82.77914216005094,30.524241983450054,0.2527865667442005,1.263297178105635,0,1,0,0,1,2,2,2,1,1,0,0,2,2,1,1,0.4672433372727491,0
18.964787979477908,27.516276550178297,269.8540158082563,56.63080519069556,0.6687272636759806,5.0857131403584965,1,1,1,0,1,2,1,1,2,2,1,2,2,0,1,2,0.3856976482123539,0
17.131624479947348,55.20405423940473,838.4457188379912,57.12207158377522,2.298687464244439,2.476955713378152,1,1,1,0,1,1,1,1,0,0,0,2,2,1,1,2,0.2617491394487369,0
13.234797481559134,74.29422250715125,1292.7917410783261,114.0576464281143,1.0491226742497906,0.9911236208335927,0,1,1,0,1,1,2,2,0,1,0,2,1,0,0,0,0.6228161627543275,0
29.452629285534435,78.85261034212196,1430.9002110434797,72.6265350962599,5.068378349605391,1.709313002342012,0,1,1,0,1,1,0,2,1,0,0,1,2,2,0,0,0.0785235450367029,0
60.82479703340297,103.02102337558155,4774.526656166242,102.2516804694452,4.218793490340493,0.0,0,1,1,1,1,0,2,0,1,0,0,0,1,2,0,1,0.5053242210831492,1
41.74160921647018,71.58474320338708,2120.4615178937474,101.2020718470278,3.8963988978952724,1.5489390375278753,1,1,1,0,1,1,2,1,0,1,0,2,1,1,0,2,0.4988584406270775,0
19.056905703174117,118.20478487246329,1052.594527891856,102.26741006991963,0.804204587006109,4.616505477499089,1,1,1,1,1,2,1,2,2,2,2,1,0,1,1,0,0.5819539778013041,1
63.193450205404275,42.798009100059204,1422.2443869996196,29.037452970006004,3.8607779431611795,1.6386972999661988,1,0,1,0,1,2,2,2,2,2,2,2,1,1,0,0,0.5284658559191735,0
7.215438645924131,51.387358166276265,164.10534997587428,28.164779223181096,0.19982954090043498,2.754324355366542,0,1,0,0,1,1,0,1,1,1,2,2,1,2,0,1,0.5401004776010495,0
5.625060687616974,13.994330131224618,334.50699599846746,20.26790365051584,0.45755018141614867,0.9727341902478643,0,0,0,0,1,0,1,0,1,1,1,0,0,2,1,0,0.7053526077220413,0
81.8108804010464,52.35421870902183,2578.862329829607,145.5187208255842,8.29975141441146,1.5061506927804467,1,0,1,0,1,0,2,1,0,0,0,2,0,0,0,0,0.082029822029822,0
1.2727541792516717,32.310016784063514,45.48007912029957,24.608713526603722,0.23676955449107556,0.0,1,1,0,0,1,0,0,2,1,0,2,1,1,1,0,3,0.4660691270230742,1
43.138344631799825,58.083526350315246,1610.1387796331478,34.20485286367036,6.521797350430871,1.6482235492602348,1,0,0,0,1,1,2,1,0,1,2,0,2,0,0,3,0.3861903366725454,0
32.379317672983,27.277597385001496,781.3524617858212,19.78280511886196,1.7930013002567595,1.6830622342444719,1,1,1,0,1,0,2,0,1,0,0,1,1,0,0,2,0.5512890234992469,1
2.219155163495063,138.19106398379236,114.08187522040406,35.69981657067178,0.19142418363798966,1.3426911583373822,0,0,0,1,1,0,0,1,0,2,1,1,0,2,1,1,0.6062947016672506,0
31.142693699169712,47.02568821320284,2236.832235139211,156.4508069901916,2.831013800656722,2.651125479262242,1,1,0,0,0,2,1,2,2,2,2,2,1,1,0,2,0.1466358271358271,0
56.156049032405434,42.98220181759229,1351.0698464722427,34.60644127487829,2.826218370281553,1.5653675992680118,1,0,0,0,1,2,1,2,2,0,2,1,1,0,0,2,0.462261950826872,0
26.992034543639054,53.18617966874255,3626.6815086541164,54.106613436871456,4.623163550242228,1.8112565854550629,1,1,0,0,1,0,2,2,0,1,0,2,2,0,1,1,0.0776810966810967,0
24.652920865031927,69.16302369848627,1413.4061140115223,64.31552859252491,4.132508617285182,2.295306255218663,1,1,0,0,1,0,0,2,2,2,2,0,1,1,0,0,0.1045780692806554,0
55.90500232681471,53.75954887251501,5736.536237743436,59.56258923746702,2.3023921782176555,2.4863069312154114,0,0,1,0,1,1,1,1,1,1,0,2,1,1,0,2,0.0414151034151034,0
44.211462657523,49.7752042754715,1486.1423037719173,51.40247500724338,2.5724920846533115,1.5965915970628908,0,0,1,1,1,0,2,1,0,0,1,0,2,1,0,3,0.5242851679799737,0
2.119780974995801,24.542382010137942,35.81201127300236,33.53898274406834,0.11796540608803725,4.565917108387538,0,0,0,0,1,1,2,1,1,2,2,2,1,2,1,3,0.682843384929795,0
59.84893462065383,71.59005091865599,1531.0551298047305,86.39050874549847,4.584872350342235,2.257791707005463,1,0,1,1,1,1,1,0,2,1,1,2,0,2,0,1,0.3271475492408686,0
13.122230762348055,107.57660172010789,1281.906253915583,65.03165111835986,0.8859245697514461,0.6303239017952118,0,0,1,0,1,2,0,0,2,0,2,0,0,1,1,1,0.3394639613291573,0
69.97819404874856,25.442595871208905,971.1090842187821,23.965157797157385,4.447460563527499,0.4533961869216748,0,1,0,0,1,1,0,0,0,0,2,1,2,2,0,1,0.2536209346209346,0
0.7478269745887284,34.949365923775325,25.235196721249046,36.68724417382862,0.12101345893443441,1.43113085253579,1,0,1,0,1,0,1,2,1,2,2,1,1,2,0,0,0.4221087801087802,0
18.163429373124924,15.279974624270622,1662.2473308256697,38.144206440405796,4.375034951144192,0.47372652907891966,0,0,0,0,1,2,2,0,2,0,2,1,0,0,0,1,0.6169454364582072,1
47.73840533700224,46.70573678277963,4545.253150727903,97.30295869490082,5.464358595960689,3.459124750426117,0,0,0,0,1,0,1,0,2,0,1,0,0,1,1,1,0.3948122042524174,0
17.474396124376977,86.60881483573982,1126.5509532666038,60.540818301322304,1.3533908864734663,1.0905300428619555,1,1,0,0,1,1,2,1,1,2,1,1,1,2,1,2,0.3726111107869373,0
20.119846839324772,71.75178143831418,1923.3139304186163,141.56446878086027,1.5011476656788838,0.42704296793374863,0,1,1,1,1,2,2,2,1,0,1,0,0,0,0,3,0.5804004839891088,1
1.8557875087970834,14.079093138826776,89.11289653526514,11.091994029812554,0.24175887442512903,4.61994870976063,1,0,1,1,1,1,0,0,1,0,2,2,2,2,1,0,0.7527832691933223,1
58.46982481663988,37.7141607831467,2559.8754777421523,20.537817657943734,7.238725611468444,3.8229832030779916,0,1,1,1,1,1,0,2,2,2,1,0,0,0,1,1,0.2880493707073762,0
20.676828012484776,103.63064513843791,1521.818377810655,47.968929728556766,1.0796885910891698,2.120520957267062,1,1,0,0,1,2,0,1,0,2,1,2,0,1,0,0,0.2513435962185961,0
58.242226388726245,89.49616278653002,5065.868756406622,74.51016694008324,4.915940401718083,4.601595433483019,0,0,0,0,1,1,1,0,2,2,1,0,1,0,0,3,0.0564060846560846,0
3.3136562283628925,71.7282330087174,231.5530438846585,31.80317591060772,0.2900011467589844,3.1073277346963484,1,1,1,0,1,2,0,2,2,2,2,2,0,2,0,1,0.517772984567102,1
87.87111067076974,136.8109022668774,2792.512119359456,148.84781592587873,2.522169060426961,0.0,0,0,0,0,1,2,0,0,1,0,2,0,1,0,1,0,0.4063137879699562,0
33.03421757796319,119.9365791703166,2659.548950809543,117.00464939887526,2.2040933074563602,4.007011489743293,0,0,0,0,1,0,0,2,2,0,2,1,1,2,0,3,0.2876136329494256,0
35.588583813350674,54.426789411264494,1219.6288588043074,20.314527816588964,4.022180917143139,1.5462226696826487,0,0,1,1,1,0,2,2,0,1,2,1,1,0,1,2,0.4645146710487707,0
71.58165166983783,51.57595528636763,1741.4012442023475,76.82959993173864,7.503097999988308,0.9438430373992002,0,1,1,1,1,2,2,2,1,1,2,2,0,1,1,0,0.3541546187434453,0
42.446393612510626,19.964619260178313,1094.1378805726572,33.10560284934181,2.0999628254688245,0.0,1,1,1,0,1,0,0,2,0,1,2,1,0,0,1,1,0.51062416434185,1
16.215845600562794,35.393906610632705,477.97390596971536,30.464848146430146,1.1239677163537765,0.6716869045083067,1,1,1,0,1,2,2,1,1,2,0,1,1,1,1,2,0.4867567074151513,1
57.90375159268758,56.14659865957824,3718.013141844968,70.19056775652699,6.249379316598915,0.0,0,0,0,1,1,2,0,0,0,1,2,0,1,1,0,2,0.4481457663545813,0
30.304543673938205,67.60021221773465,1724.8440071631176,78.21603419271727,2.0132455413170063,0.5149480774139121,0,1,1,1,0,1,2,1,0,0,0,2,1,1,0,0,0.6029132639074396,0
14.735509640975746,74.04590424457449,2389.6786372331476,40.900420927013904,1.1942488852271673,2.736057255695843,1,0,1,0,1,2,2,2,1,2,2,2,0,2,0,1,0.3931871498540294,0
91.81742116479131,101.04370483819214,3276.715688918267,72.43671872072936,5.731625437432685,1.294756958391842,1,0,1,1,1,1,1,1,0,0,1,2,0,1,1,3,0.3342582143044536,0
36.94996686924541,21.862084622559802,2679.3400996925006,27.943143619593467,5.21662947421127,4.678138119495519,0,0,0,1,1,1,2,2,0,2,0,2,2,2,1,2,0.340366474207915,1
12.163146097232618,52.83953159295631,1629.2432134706967,38.3308090434521,2.4955790700252702,1.2303933923702592,0,0,0,0,1,1,2,1,0,1,1,1,1,1,0,1,0.6085921711046608,0
99.15007114633985,42.15440654867245,5246.726628731124,47.179231663066474,6.350286901982311,3.9380108285571955,1,1,0,0,1,0,0,1,2,1,0,0,2,2,1,2,0.3901822907910084,0
14.378417523016564,98.53965160759999,867.560615008023,61.88079438836028,1.8890804084829076,0.9272982493721267,1,0,1,1,0,1,1,1,0,2,2,0,0,0,1,1,0.2406850365683699,0
82.17877962935276,78.1107649740924,2833.399592861614,65.20848105797586,3.0660600756433083,0.979804722833842,1,0,1,1,0,2,0,2,0,0,1,1,0,2,0,2,0.2568387943011454,1
36.201145384616765,91.92247874355552,1260.7251401418616,75.40038550989968,1.583714650200464,1.65224208784047,1,1,0,0,1,2,2,2,2,1,1,0,2,1,1,1,0.2625833961782238,1
58.62356814056358,83.93552842119743,9444.843133147026,139.0904833765542,6.629944712636775,1.103726129510228,0,1,0,0,1,0,1,2,0,0,2,1,0,2,1,1,0.1536147787397787,0
1.0088762854236784,64.6968031410817,300.76862236253857,101.82296607067315,0.11139192156291325,1.188513278237175,0,0,1,1,0,1,0,2,0,2,0,0,1,1,0,0,0.768254426371462,1
20.153679043782184,85.57112930142382,442.66776892501883,85.30911334891482,1.1554498323831797,2.3101553530268633,1,0,0,1,1,1,0,0,2,1,1,2,2,1,0,0,0.5329184365113523,0
3.832874068548069,41.119804701476916,271.21170469230475,34.950149430010356,0.9746101891803596,4.5658735745910395,0,1,1,0,1,1,0,0,1,1,1,2,2,0,1,2,0.3819180437009384,0
87.2581567247236,65.681204586492,1935.604229089914,36.66842493118329,2.6883541816203285,2.14499091911589,1,0,1,0,1,0,0,2,1,1,1,2,2,1,0,3,0.4865110409928597,0
23.237912205414126,72.94712734157004,925.1546729936595,45.1718157066357,1.619266540732139,2.817840107430416,0,1,0,1,1,2,1,1,2,2,1,2,1,1,1,0,0.7297208313487044,1
22.906869328175954,23.293085328004892,715.011503530212,19.63914077484176,1.7453777698868123,0.9826123812142127,0,0,1,0,1,1,2,2,1,1,2,0,2,0,0,0,0.4744771408070827,1
14.94286380796894,29.828861571093842,2048.428818605106,32.522364387371496,2.5900717093246386,0.4659641505929871,0,0,1,0,1,1,1,1,2,0,0,1,0,0,1,1,0.1601068714567166,0
35.107424177606624,65.578780179439,1708.1018821128355,42.892997444565445,2.759673842164813,1.9776668216804043,1,0,1,0,1,0,0,1,0,2,1,1,2,0,0,1,0.6084219884384784,0
52.69431668794193,79.08565582460767,2955.173550084559,69.63514154031715,6.230421090013541,1.1524582436086088,1,0,1,1,1,0,0,0,1,0,2,2,0,2,0,2,0.1738178025678026,0
34.09060909763218,95.36812812365547,4840.751715862525,94.90429524528521,6.887859742419408,2.4669087479947125,0,1,0,0,1,1,2,0,0,2,0,1,2,2,1,3,0.102362012987013,0
59.893597212456385,33.110853877303185,2166.4989352169373,15.597860230905246,5.107406327388957,1.1388887243195933,1,0,1,1,1,1,2,0,1,0,2,0,2,2,0,3,0.4214907352383516,0
27.151142120323065,103.74886397198647,5467.210297235505,96.21848249573685,3.420011679164352,3.163084778091525,0,1,0,1,0,1,2,2,1,0,1,0,1,0,0,3,0.1224178506678507,0
47.13833110996617,51.267433029710325,1587.5560968035527,31.105538949424712,2.6778849502061113,3.1510113350392963,0,0,0,0,1,1,0,1,2,0,0,1,2,2,1,1,0.390101676061583,0
7.009735557908768,86.61584878456034,226.70831931495294,21.119831357512705,0.2700043259527315,2.801585109800259,0,1,1,0,1,2,2,2,1,1,2,1,2,2,0,2,0.5441332731166324,0
67.4296982154902,94.22800774264428,3495.3567912127837,75.05898970241094,4.8655842045982265,2.8766488435727737,1,1,1,1,1,0,0,2,1,0,1,2,0,0,0,3,0.3197065203788348,0
28.583431741296696,132.77765329548018,1435.3558295871467,146.33791300005575,0.8096913734321408,2.6171194587978963,0,0,1,1,1,1,0,1,1,0,2,2,0,1,1,0,0.2966432797222271,0
12.457424241126924,97.96299481005342,807.386861450928,68.67717946015303,2.65874271773683,1.3979982205979797,1,0,0,0,1,2,2,2,2,1,0,2,1,2,0,1,0.6148028196239841,0
70.04180699316176,94.54217572760969,3963.068911170281,31.915256870521453,3.737721920508533,2.875626992708221,1,0,1,1,1,1,0,0,0,1,0,2,0,0,0,3,0.0787885632885632,0
18.815958409584873,118.26962663472735,1515.8641748972138,118.57155789032403,2.0014758661660053,2.0774230789877723,0,1,1,0,1,2,1,0,0,1,2,2,2,2,0,2,0.3084668664668664,0
57.145655872112904,78.82733418917964,1990.1633890883866,66.12410623025616,2.811543259993169,3.177884253844929,1,0,0,1,1,0,1,2,2,2,2,0,0,2,0,0,0.0966345441051323,0
3.025664463213692,65.26426847705234,583.8660921301465,31.80405433380994,0.5676479453216421,0.8327538202449791,0,1,1,0,1,1,0,2,2,0,1,1,2,0,1,2,0.778556588854172,0
29.374714077113055,41.40735183588418,3433.4422196023725,65.41965321741172,3.1608144903104947,1.355458744055022,0,0,1,0,1,0,2,0,1,1,1,0,1,2,0,0,0.1446714441458627,0
95.8230855829851,53.132591399812846,2659.1657590985424,45.430733780961795,4.02844054783956,2.0015886266839082,0,0,1,0,1,1,1,0,1,2,2,1,2,2,1,1,0.444027574523126,0
28.11581103356807,36.9664939729229,1051.2949648771269,30.909320059066204,3.7075179630304627,1.3795773928165715,0,0,1,0,1,0,1,2,0,2,0,0,1,2,0,2,0.4623085523283357,1
14.28122815582757,91.13784962819237,2493.0472539930715,136.22234438076742,2.1773129045237667,3.076044401304344,0,1,1,0,1,2,0,1,0,2,0,2,1,0,0,2,0.3756176421617598,0
72.56417175109941,100.31122391739086,4376.146663529791,74.80020878775149,6.2128053130739085,2.80032244441312,0,0,1,0,1,2,0,1,1,2,1,0,1,1,0,3,0.0872231842231842,0
12.545697041655458,53.66516020484355,1056.9188551800262,33.97570995931383,1.4520674457476075,1.2500701102620977,0,1,0,0,1,2,1,2,0,1,1,0,2,1,1,3,0.4367713688520646,1
43.86235382100155,64.22332201275725,1840.9079741794685,54.35333639355087,2.080463622451959,1.1670056746699506,1,0,0,0,1,0,1,2,0,1,2,1,1,2,0,2,0.126156154031154,0
18.5650653374783,51.22384402164316,3084.5538546735324,110.30572895499625,4.81913821169333,3.083267410420662,1,0,1,0,1,1,0,1,1,1,0,2,0,1,0,1,0.4061671999734662,1
22.681730819668175,47.358169957464725,2792.045528512326,47.51630322640191,2.523162724723241,1.6244685881358052,0,0,1,1,1,1,0,2,0,2,2,1,2,1,1,3,0.155083361083361,0
8.510967823626599,87.4840105454858,1745.0511189490164,72.58540268861611,0.9764183918349104,4.5343770103573515,1,0,1,0,1,1,2,1,0,2,2,1,0,0,1,3,0.4989884542154165,0
80.27309060957697,90.45105503286027,5138.318459179441,159.2788830996399,5.706332798073871,1.0261360142368483,0,1,1,0,1,2,1,0,0,2,1,1,0,0,1,2,0.1739288674288674,0
23.304877237429242,107.03608649418324,3493.035088747234,137.44659006653467,3.88845904137523,4.9958204066497665,1,1,0,1,1,0,1,1,2,2,2,0,1,2,0,3,0.1295589720736779,0
32.56446196852866,146.80405436719673,2243.6617895426893,106.53065383744773,2.770413749126584,2.4037520115920774,1,1,1,0,1,2,2,0,0,0,1,1,2,1,0,0,0.3605307747807747,0
73.61788559000546,93.78417683880103,3087.9231623471446,31.431445281782942,4.557253812548685,3.480606500380721,0,1,1,1,1,2,2,2,2,2,2,0,2,2,0,0,0.441181774141343,1
68.56487933545445,160.80801956832283,8058.784768647878,106.14593546642482,3.2646124269586636,1.0320882476744477,0,1,0,0,1,2,0,0,0,2,0,1,1,1,0,2,0.4516138259484455,0
26.879459888505682,104.82858940539336,2370.272909746336,52.670578206337844,4.105759202821302,6.269193689014026,1,1,1,1,1,0,1,2,1,2,0,2,0,1,1,0,0.1115910293410293,0
6.412609760432154,41.80832265757972,326.4644670135923,24.70688753540125,1.4277900059256006,0.0,1,1,1,0,1,0,1,1,0,1,2,0,1,2,1,3,0.7118203081137716,0
36.3353130461096,55.7158305221447,5705.213564495735,62.74836044608552,4.85568630813937,4.49981980683658,1,1,0,0,1,2,0,2,2,2,2,0,0,2,0,2,0.3638114045876698,0
12.440605199089873,18.700272199690684,167.29357430158456,10.607741554840688,0.9332579403828769,0.41012265652735236,1,1,1,0,1,2,1,0,1,1,0,2,0,2,0,1,0.3269204714833273,0
57.92557366314705,29.713012524196998,1061.8850150963654,28.6497985894554,4.556808202080153,3.26723972886632,0,0,1,1,1,2,2,0,0,2,1,1,2,0,1,1,0.2330173579144167,0
10.846612688395304,105.47751424881265,1483.8203288537532,154.36311956810022,3.004164121697276,2.453730090987315,0,1,0,1,1,1,0,2,2,0,2,0,2,2,0,2,0.2384894277262697,0
16.160126960419298,43.15369838084962,203.76705201518857,13.031428625589115,1.2766098287947547,1.7486110690833554,1,1,0,1,1,0,1,1,1,1,2,0,0,1,0,1,0.7809950071340964,1
99.0314317973104,61.841356841413806,8747.033755153137,141.7460300256167,8.633404406704852,1.9899475841584744,0,0,1,0,1,1,0,2,2,1,0,2,1,1,0,1,0.3766178473893494,0
12.49011167577181,37.86387680513174,533.1515067295287,32.769957647852706,0.7882253726198805,1.350491494012867,0,0,1,0,1,0,0,2,1,0,1,1,1,2,1,2,0.3351884521519455,0
20.14698219799611,115.53174274959873,1844.627818456626,61.27522462690515,0.882705170563615,2.607158847195916,0,0,1,1,1,2,2,1,2,2,0,1,0,1,1,0,0.3786310818810818,1
18.66272869046326,62.00915878509101,607.6252914964424,101.62882279284803,1.2492641238979671,1.715009909770496,1,0,0,0,1,0,1,1,0,2,0,1,1,0,1,3,0.6207070636868789,0
2.820085046959833,101.56867801549735,134.57387241535585,99.6289254646798,0.22021905084505594,0.0,1,1,1,0,0,0,2,0,1,0,0,0,1,1,1,3,0.4604948360463066,0
39.010251224482914,134.0707158583243,5734.920450785957,79.96057210515583,3.555504998808441,5.629437710350686,0,0,1,0,1,0,1,2,0,2,0,2,0,2,0,0,0.2426949073256576,0
21.272958203232097,62.205702581190124,3116.6857373705307,110.53671021990291,2.0545654059279155,3.993725877663907,1,0,1,0,1,2,2,0,2,0,2,2,2,2,0,0,0.433544639676915,1
91.65290405073952,165.61713827362956,4236.763024826949,93.77601796339736,4.932377889588363,5.604384372064956,0,1,0,0,0,2,1,2,1,2,1,2,2,0,1,2,0.1252904965404965,0
38.936422719270276,53.4800133940792,2848.211404307008,86.87270792411904,7.692600288118694,0.0,1,1,1,0,1,2,1,1,0,0,0,1,0,1,1,0,0.1284567562067562,0
12.915578004030747,29.506828733307962,840.2730629228352,30.926483282147643,0.8115132244131302,1.4314823016004872,0,1,0,1,1,0,0,1,0,0,2,0,1,1,1,3,0.664422656068185,1
113.2367035766552,75.5362046347923,5683.309511801777,71.13673972660078,2.447582424838164,2.2991137816803935,0,0,1,0,1,2,1,2,1,1,1,1,2,0,1,0,0.1976608946608946,0
61.089329918807884,53.90758892394246,3108.8178237201973,28.803554742113754,6.910459560653896,2.8768080245808125,1,0,1,1,1,0,0,2,2,0,0,0,0,0,1,1,0.4053784049171318,0
20.521760877377506,105.05369800166444,3010.7936875320675,118.34296136410913,2.6101905842200663,2.6053045371219348,1,1,0,1,1,0,0,2,1,2,0,1,1,1,1,1,0.7873283088027669,0
64.57314933986378,72.55143192948698,2241.3792660089894,49.21865117905992,5.049407277443503,0.8924551457898772,1,0,1,0,1,2,1,1,1,1,2,1,0,1,1,1,0.0876257005521711,0
41.48749399306862,54.25989939644817,8514.55235149158,170.0188650248118,6.35343706550796,2.415780813931206,1,0,0,0,1,2,0,2,0,2,1,0,2,1,1,1,0.4635639989385984,0
44.780879094781795,16.295227764625622,1611.0848474925963,20.358392361584883,2.976338771189589,3.19548998680487,0,1,1,1,1,1,0,1,2,1,2,2,1,1,1,0,0.2447324527324526,0
7.471878853334458,66.23261880632207,421.7679579698127,126.45154616476488,0.442383465556326,1.9343877335755215,0,0,0,1,1,0,0,0,0,1,2,2,1,2,0,0,0.6116777944277942,1
7.530163298980295,35.62932900830256,405.7394675756799,42.84213714976246,0.886651382370092,0.8398923935839919,0,0,1,0,1,2,0,2,1,0,0,0,1,1,1,3,0.4106786782189258,0
15.853755551342665,60.152480355473166,911.3269335884953,53.00579620821488,2.1593985423657696,3.460441168296384,1,0,0,1,1,0,1,2,2,0,0,0,2,2,1,0,0.3500633769252189,1
16.556281175268648,99.20108107752587,1910.0859335907253,51.65972449939941,1.9857988047517705,0.0,0,1,0,0,1,0,2,0,1,1,1,0,0,0,0,1,0.2636777618041058,0
92.92362454269566,118.73085296546286,3576.6280736193085,59.391859095033624,3.3392720505757323,0.888609660537611,1,1,1,0,1,2,1,1,0,2,2,0,1,2,0,1,0.5365830539779132,1
16.82024151836967,64.75983958324323,1176.9920999693595,26.77652028292162,2.773663052219188,4.700673976133018,1,0,1,0,1,1,0,0,1,0,1,2,2,2,1,3,0.5073243442637932,0
17.25252443105989,37.97384137989081,2227.1777525924253,73.36823504133109,3.9345731507272665,3.564004444575127,0,1,0,0,1,2,0,1,0,0,1,2,2,2,1,0,0.3968590751028518,0
46.9789408751753,65.9294539174173,4153.426531689138,124.4116059643378,4.235833268100773,1.2959324694236367,1,1,0,0,1,2,1,0,0,0,0,2,0,1,0,2,0.6011313516329025,1
69.2997657659589,48.17486086500717,2089.7151041182606,17.808084799826375,4.6370560765911,1.2008649997443401,1,0,0,0,1,0,0,2,2,1,0,1,0,2,1,1,0.2568461727365184,0
22.918149293007943,37.23328028204404,406.9297663536404,42.15778359692451,1.420072931396172,3.54921411355609,0,0,0,0,1,2,0,1,1,2,2,2,1,2,0,2,0.622775427382491,0
69.10754665728022,120.21899558000602,5927.348409022341,33.597793527841596,2.459220942705147,1.8028456579646739,1,0,1,1,0,1,1,0,0,2,2,1,0,2,0,0,0.4606702936308213,0
18.950144889371472,35.85456743331462,1627.5948700988622,41.200836774381564,1.462659230899233,4.365868814798551,0,0,0,1,1,1,0,2,1,0,2,2,2,2,0,2,0.4222719281287589,0
17.85790992148657,37.369132789343816,1823.1131957175726,28.183376580335327,1.6541376296131738,1.1420585502601766,0,1,0,1,1,2,0,0,0,2,1,1,1,1,0,0,0.0690384291634291,0
47.99060573065684,42.24791303589807,2751.4664325612707,133.36295504668666,4.4416751694054595,5.4926684621521655,0,1,0,0,1,1,2,0,1,2,0,2,2,0,0,3,0.2063785914146922,0
23.015657081905783,60.520095295189876,4463.143057311014,103.07374371142595,6.485772677957453,1.3723832980591233,0,1,1,1,1,1,0,1,0,2,1,0,0,2,0,0,0.4297783909130658,0
56.290411277497995,23.306937634526193,2570.8866514906003,18.893399367675382,2.5009348776709817,1.9666383387727806,0,0,1,0,1,1,0,2,0,2,1,2,2,0,1,2,0.394830861027541,1
12.836064178803534,24.486372665716317,283.1677156120837,28.93931096528896,0.49338254664675324,0.986213162663319,1,0,1,0,1,0,0,0,0,1,2,2,1,2,0,3,0.6574908621267873,0
54.68898500955671,89.13678960718174,4334.67970377715,79.42280233251188,4.670020700082733,2.622841803666444,1,0,0,0,0,1,1,2,1,2,2,2,1,0,1,0,0.2646874256507938,0
14.819703408736695,57.34432964574882,801.7921336637438,52.13721759434837,0.8260792299693192,0.0,0,1,0,1,1,1,2,2,1,0,2,1,1,0,1,3,0.2763315557701747,0
8.202363446112939,63.27428899046376,1251.2541471460186,66.30272402157807,0.6821696603059033,0.0,0,0,1,0,1,0,2,0,1,1,0,1,0,2,1,3,0.6610248068696698,0
33.51530704676888,16.070195544586632,2136.1326565925233,27.007601877913658,5.982887489476112,1.2283642120446734,1,0,0,0,1,1,1,1,2,0,0,0,1,0,1,3,0.4022134338833286,0
72.37268799517751,32.68276302360268,1358.4336783920949,38.3003672217989,2.3635168709028114,0.0,0,0,1,1,1,0,0,1,0,0,0,1,1,0,0,2,0.1523570078128902,0
26.297500868801087,108.57643403285618,2019.563506274537,95.73996907735247,3.6945444963094642,2.4085527813269074,0,0,0,0,1,2,1,0,2,1,1,2,0,2,0,3,0.4049878063679655,0
39.51500108134578,50.913121316530976,1897.3623637631022,168.4938451717069,4.13397954656991,0.5583726673740721,0,0,0,0,0,0,1,1,0,0,1,0,2,2,1,0,0.2572198778889954,0
11.041394257985079,116.31581037373641,3168.617849665595,128.57287134485352,2.6720280935924787,1.1657569314577014,0,0,1,0,0,0,0,1,2,1,2,1,1,1,1,2,0.5753212738714037,0
73.29807039790427,66.29548237177474,1260.7700908526049,68.91971397386577,6.187830112144487,4.512385638625187,0,0,0,0,1,2,0,1,2,0,1,0,2,2,1,1,0.0374134106634106,0
3.029380747257856,80.02898038908101,234.42783517571144,79.92134950139577,0.46293171065738087,0.4001439703717041,0,1,0,0,1,0,1,2,2,0,0,1,1,0,1,1,0.7805497801854718,0
26.76078851217006,68.29866547293955,2758.9040717964413,45.893246561835255,1.4440493185364582,1.5257328806526913,0,1,0,0,1,2,0,0,1,1,2,0,0,1,0,1,0.2705978754728754,0
62.312104794792596,47.9739288521559,3474.0175643047014,91.53710844988849,2.4412996779842047,3.091470831825121,0,0,1,0,1,2,0,1,1,2,2,2,2,2,1,2,0.3219474533771045,1
15.148584493411306,25.248362821559027,425.16404461147533,10.022017843106893,1.1716875806036946,2.6289416809457484,1,0,1,0,0,0,2,2,2,2,0,0,0,1,0,3,0.5783896909191029,0
50.32311372784334,93.92542730448834,1355.849789567918,89.9318762394429,2.8666315782504053,4.582363562380371,1,0,0,0,0,0,0,0,2,2,0,0,0,0,0,2,0.4772423204880294,0
78.30179171869746,47.09605526882204,1883.5468656900307,76.40423731059161,3.5534211936838545,4.067694897212197,0,1,1,0,1,1,2,1,1,0,2,2,1,2,1,2,0.20387973216403,0
53.91157497872398,39.68455676510189,3033.630458466646,66.34255357101149,3.2889360760379045,1.7237540616415323,0,1,0,1,1,0,1,2,2,1,0,0,2,1,1,3,0.2983359737777513,0
9.808150655725532,12.851068001298342,551.6160311365815,35.51302349692906,1.3671931331759588,1.5755063470070105,1,1,1,0,1,1,0,2,1,1,0,2,0,1,0,1,0.3302276120565593,0
73.68428155433725,108.62676536985833,3419.551387159418,117.79928968009459,3.6654282180211886,0.43911325590176153,1,1,0,0,1,0,0,1,0,1,1,2,1,1,1,1,0.3333875701775591,1
106.55684206131396,31.540732243999585,2601.057287713307,23.773836533950007,4.677712940323601,2.3851747661343885,0,1,0,0,1,0,2,2,2,0,2,0,0,1,1,1,0.316326852965364,0
5.4654503333800575,18.210369858571415,538.3363950132706,37.00356452621716,0.8901371604235796,0.0,1,0,1,0,1,0,1,1,1,1,1,1,1,0,0,3,0.7738683891381939,1
71.79923795274888,75.10940072507715,2864.828698665259,26.87358900814597,5.863633328818916,2.9298514340736705,0,0,1,0,0,1,2,0,1,2,1,0,0,1,1,3,0.3739398303970672,0
35.459476793568776,144.95040717147322,7225.491647171725,122.36925431946625,4.610599816433842,0.42243908384751994,1,1,1,0,1,0,1,1,1,0,0,1,1,0,1,3,0.0330360472860472,0
8.567499603532056,96.50837061637705,343.6720925199652,38.4410327036653,1.0630716212042044,1.5718419429473172,1,0,1,0,1,2,1,1,0,1,1,2,0,0,1,3,0.8069982120562925,0
35.95074035608544,12.234775232603821,760.8979093232319,24.05820868471006,2.923813653808329,1.9479741937062134,1,1,0,0,1,1,0,2,1,1,1,0,0,0,0,3,0.4200316845064634,0
67.10137708331521,71.07448758716771,6857.561665319223,33.18661368207086,3.6803675145000745,2.4397123638933955,0,1,1,0,1,1,1,0,2,2,0,2,2,0,1,2,0.3227139557376851,1
90.48431876388393,80.50099682222285,9662.345802239995,96.82799207197723,7.168327194277199,2.349337930516402,1,1,0,0,1,0,0,2,0,1,0,1,0,1,1,2,0.4612874491707458,0
48.9953012446611,49.53400231398419,4871.01099049401,157.52526427488675,3.939080160511392,4.251452991872783,1,0,0,0,1,1,0,2,2,1,0,2,1,1,0,2,0.1011333533024709,0
45.28497495575675,151.81371159635586,7631.585178115317,69.97760513954849,6.1169524279480445,1.4875435997658086,1,1,1,0,1,1,1,1,1,1,2,1,0,0,1,2,0.242816198396582,0
84.28767177116175,28.2464881685099,1348.2487384527174,45.409323735118534,3.7941694689376617,1.7189244904635923,1,1,1,0,0,2,1,2,2,2,0,0,1,1,1,0,0.3368829687452147,0
51.84418742470352,44.30985121810097,3346.4664549031813,77.59710518149242,7.055669156975892,2.015334375160629,0,0,0,0,1,0,2,1,2,2,1,1,1,1,1,3,0.5096313874409005,1
54.6403832206833,119.84547606548587,4907.849111860364,52.20086878104961,5.907155130252392,4.7460460164481155,0,0,1,1,1,1,1,1,1,2,2,2,1,1,1,1,0.4240067113279774,1
54.5209508908657,100.86243708399486,4065.691109118335,92.85600190669676,4.602613721146739,0.4858510072368719,1,1,0,1,1,1,0,2,0,1,1,0,0,0,1,1,0.0321118326118326,0
56.54897687287077,137.54830415286196,8188.008293310979,59.85389117055725,3.3311937414106616,4.983566213207611,0,0,1,1,1,0,2,2,2,2,2,0,2,0,0,2,0.4117816929365314,0
18.435464768453418,47.36218119149194,1546.5442135880144,70.65423073399914,1.080422668732202,2.2296777832021157,0,1,1,0,1,2,1,2,2,2,0,0,2,2,0,3,0.2332688640335699,1
35.216540945652106,25.843860778133934,957.954780733881,61.63885369963796,1.8676866009006385,2.9805439524196427,0,0,0,0,1,1,0,1,1,2,0,2,0,1,1,1,0.4499191542770472,1
31.798799278519805,121.1953545545805,7917.934008487937,174.34123230363932,2.9113416062634037,2.259708783681988,1,0,1,0,1,1,0,0,2,1,2,0,0,2,1,0,0.4640432788888672,0
25.063277723069042,124.24518274103771,2093.126322134389,119.52196439237922,1.736596935160423,7.3776972670491485,0,0,0,0,1,1,0,2,2,2,2,2,2,2,0,0,0.2361956561956562,0
45.866728061272234,112.58954838370138,6695.160087279575,48.45552170969718,5.270330298795926,1.8421927322874487,0,0,0,0,1,2,1,0,2,0,0,2,2,2,1,0,0.3152840123830812,0
58.98185258099259,149.32696568252277,2655.8874614550887,94.44954723741294,3.0715074208653763,2.253368544762231,0,0,1,0,1,1,2,1,1,2,1,2,1,1,1,0,0.1413192950840009,0
87.88332508421283,104.92024632329831,3217.4822149666447,50.767849008180285,2.348241648122985,0.9041178228350357,1,1,1,0,1,0,2,0,1,0,1,2,1,2,0,2,0.2282869269617407,0
54.447684391807314,65.94999133194318,3024.112088994015,61.20980122009001,3.200836018086301,0.5294463361048025,0,0,1,0,1,2,0,1,0,1,0,0,1,2,1,1,0.0474690661839784,0
37.718026558930944,106.47856289135325,2403.5960609057615,72.35430121550277,1.1607529478550807,1.7818524146767767,0,1,0,1,1,2,1,2,2,0,2,0,0,2,0,2,0.1206729289229289,0
48.93071694029013,24.397473259872303,1630.4610863283724,27.4666417971097,1.2334035469658007,2.579709184983029,0,1,1,0,1,0,0,1,1,1,2,2,0,2,1,1,0.5188218833352365,0
52.35264168901834,19.5735561494917,895.6180951051537,8.669489966230813,3.973973206799743,3.295555270495699,0,1,0,0,1,0,0,1,1,2,1,1,2,0,1,0,0.1540943223443223,0
35.1667428827418,18.480453771981384,587.4567658472469,49.05958556353736,3.207127918172832,2.225287854779093,1,0,1,0,1,2,1,2,1,2,2,1,1,0,1,3,0.2475876593213548,0
6.525892397883021,19.981678487923894,282.1337368120237,13.276512903621017,0.3406602369537188,1.4708335959431973,0,0,0,1,1,2,1,1,2,2,0,1,0,2,1,3,0.6550398195573988,0
17.704774102853445,58.12417343823083,1985.673116070209,105.31440231862196,1.8253710510841847,4.043097153307755,0,0,0,1,1,1,0,1,2,0,2,2,2,1,0,1,0.4710266681546866,1
21.724150672647347,47.18848182965538,481.60006970142086,50.855367233381656,1.8489154743267948,0.0,0,0,1,1,1,2,2,2,1,1,1,0,0,1,0,2,0.299867567980313,0
35.679950766011345,55.8958301956046,4067.5188344746007,82.49640582783482,5.974793669119617,5.968082334212037,0,0,1,0,1,1,0,0,2,0,0,0,2,0,0,2,0.0697979411892455,0
20.260011139353463,55.72328546393174,292.5637908465959,47.55591975158372,0.4961564136916165,4.360499916875698,1,0,1,0,1,2,2,2,1,0,2,2,1,1,1,0,0.2476959719963334,0
5.994401095630949,10.610794025859981,47.445475165524485,18.34010539188902,0.2574541860366229,2.774613596357897,1,0,1,0,1,1,0,1,0,0,0,2,1,0,1,0,0.3951169654088451,0
33.876115348559935,46.04075205838566,1760.8582393136437,106.26777882444627,2.1108109388655607,2.007889917531444,1,0,1,1,1,0,1,1,2,1,0,1,0,2,1,0,0.2066589497104203,0
74.37735506491254,34.309322982905705,1399.7360807593152,31.45231650352986,8.11668083634203,3.0047737750576413,1,1,1,0,1,1,1,2,2,2,1,2,2,0,0,0,0.3961216654137189,0
67.8858785665679,118.06643818492189,6775.954632578419,143.87335054947079,6.181621494954716,2.160636869521563,0,0,1,0,1,2,1,1,2,2,0,1,0,0,1,1,0.1130351841332233,0
11.872297255851635,77.61893093570244,374.4947750092421,61.98625316202159,1.6052146324646848,0.556444262569612,1,0,0,0,1,1,1,1,2,0,0,1,0,2,1,0,0.306229194652178,0
47.48697287217785,127.17520527292511,4659.221644119123,147.50716352606096,4.649894691442324,0.0,0,0,0,0,1,2,1,1,0,1,0,0,1,1,1,3,0.4958088252712909,0
16.489519672688978,27.305425916690883,658.8398599395391,30.807856775974955,0.9900627849714881,0.8973294334581906,0,0,0,0,1,1,0,2,0,1,1,0,1,0,0,0,0.5608462958395234,0
33.34282651695236,84.9851991604258,2446.827746625613,99.75443790228073,2.7738519110053983,0.821867685647059,0,1,1,0,1,1,0,1,0,1,0,2,1,0,1,3,0.2037156917156917,0
40.18702230857674,71.2007250907952,1767.5409375334184,41.299084227767935,2.678266214046955,0.7563608017698877,0,1,1,1,1,2,1,1,1,0,0,0,2,0,1,3,0.2755442398735163,0
5.772142353482362,12.784361835052607,156.2338454913537,22.069630011679013,0.49496265947649554,1.5386513691600867,0,1,0,1,1,2,2,2,1,0,1,0,0,2,0,3,0.3801982790601209,1
9.467825984782873,27.697704730983613,585.3658106534922,19.62328204887258,1.7948224262507362,1.5446263984940232,1,1,1,0,1,2,0,2,0,1,0,1,2,1,0,1,0.5687002416501324,0
90.39222820585393,56.14255605952679,1342.9445476860617,54.112744803708814,6.005095313981903,1.7276162244200293,1,0,1,1,0,0,0,2,2,0,2,1,0,1,1,0,0.2681879952528289,0
32.897653248023474,36.992887018084325,2009.6565460132954,63.5473222946185,3.1316158868127557,1.569741750000424,1,0,1,0,1,0,2,0,1,1,1,0,2,1,1,2,0.2013741400498472,0
25.17475447514499,41.10282956593526,361.0886297387493,52.21718687706123,0.8407243990797233,2.6836178436321863,1,0,0,1,0,2,0,0,2,0,0,0,1,0,1,3,0.5940304593966543,0
14.928640842759183,77.51207335533766,1176.3039083016527,52.2261724932906,1.2017586174768637,1.6652420272900765,0,0,1,0,1,0,0,2,0,1,1,2,2,0,1,2,0.360755614891644,0
54.731149907227405,88.97288635182613,5549.660639684571,51.563889312203415,2.3203349105543474,1.1958794040468397,1,0,0,0,1,0,0,2,0,2,2,0,2,2,1,0,0.0730712343212343,0
2.0026258460315294,97.41246741071379,259.55266981084566,64.28502708501709,0.222573478611654,0.0,0,1,0,0,1,1,1,1,1,0,0,0,1,0,1,0,0.4427059237059235,0
77.67575103359422,23.71222830044559,1355.8633120845705,25.89417306386766,4.235982169472324,1.6955476138257735,0,1,1,0,0,1,2,0,0,2,1,1,0,1,0,1,0.3818798246635675,1
17.463012162438808,34.286105500320595,449.58447922326707,17.147948337173723,1.1235805131893157,2.9471466897828256,0,0,1,0,1,0,2,2,0,0,1,0,1,0,0,3,0.7026150439089968,0
15.969032637859137,20.842107468549717,240.45934355741574,11.802608670790038,1.8070971744535171,1.0472246743417912,0,1,0,0,1,1,2,0,0,1,2,2,1,2,0,2,0.3253576089623121,0
18.727622394767106,160.61687864336213,3195.383262365437,88.4235375645255,1.3234667686775157,6.039120228525027,0,0,1,0,1,0,0,0,0,2,2,2,2,0,0,3,0.5282830864424557,1
11.393229707371216,78.8877870947646,643.4896315012994,52.616932202403625,1.389266323628897,3.166740473083143,1,1,1,0,0,0,1,1,2,2,0,0,1,2,0,1,0.6397210509109481,1
1.2710526287967046,23.625316916183838,18.874658606069904,5.781076920788333,0.04992141287178004,2.8870314301203654,1,1,0,1,0,0,2,2,1,1,0,1,2,0,0,1,0.4301306905823711,1
65.0730330789796,167.89337588357452,9824.945985451337,56.53921277467439,3.7666969344887615,1.775706391314139,0,1,1,0,1,0,1,0,0,0,0,1,1,2,1,1,0.1913201836290071,0
25.88911831256615,52.75862807814315,641.6749814048164,25.999600002392256,1.1001938567619511,1.737380272228183,0,1,0,1,0,1,0,1,2,0,2,2,1,1,1,3,0.3047264696770208,0
32.64362832075462,89.58767598959608,3287.146843193578,22.226505755659016,3.5187116858298015,1.0569851193032958,0,0,1,0,1,2,1,1,2,0,2,1,1,1,1,1,0.1075174162257495,0
19.708537374606113,107.37060376270534,2075.183078026169,49.07917616942809,2.4730542796049204,2.4302669211715484,1,1,0,0,1,2,0,1,1,0,1,2,1,1,1,3,0.1121380605505605,0
63.056946875916246,100.97232447856919,4104.234926993393,28.05209120894024,3.66703832887107,0.0,1,0,1,0,1,0,1,0,1,0,2,0,0,0,1,3,0.2859681367201203,0
3.4419408937478373,37.308076326598254,107.40827787977804,21.671440195394847,0.257082700916856,1.381003524209369,1,1,0,1,1,0,1,1,0,1,1,0,2,1,1,1,0.5586476902726906,0
9.036795189610466,147.24789465517586,709.5575437482311,131.53337575391112,0.20985522724079503,0.0,0,1,1,0,1,1,2,2,1,1,2,0,1,0,0,1,0.6029727349891824,0
46.88978219018421,95.23695846859988,2948.483934931031,80.23577924595003,3.829650711786794,2.566267983860627,1,1,1,0,1,0,0,2,0,2,2,2,0,1,0,0,0.5245858298692755,1
16.40026444434151,41.929828417521996,1341.6399718416217,92.11066927422863,1.3467452996521971,1.7026969797506708,1,1,1,1,1,1,1,2,2,2,2,1,0,1,0,0,0.4432575684295324,0
47.743504730096134,51.53503322504396,1927.0431271662844,47.4565268852108,2.680943149631364,5.327478594030222,1,0,0,0,1,2,0,0,2,0,2,2,2,2,1,0,0.5940723517519514,0
42.104486256083526,96.05315068698623,6636.595614678053,51.29426535713222,7.799155735540066,0.4159966722639107,1,1,0,0,1,0,2,0,1,1,0,1,0,0,1,1,0.0504512987012987,0
56.88535049466164,36.040635549977104,1689.9338753601585,35.72722083250588,2.3060717051059036,0.0,1,0,0,0,1,0,2,0,1,0,2,1,1,1,1,0,0.475899325191371,0
24.80597249827897,140.1625167621085,3156.5468556880173,62.063307628568275,1.097233316843968,2.475271233828879,0,1,1,0,1,0,2,1,0,1,2,1,2,1,0,2,0.6112877171997352,1
3.1459761050208614,111.41616164958074,334.7360628326134,110.75755826792026,0.3276807730057605,1.727998260913985,0,0,1,1,1,1,2,2,0,2,2,1,2,1,0,0,0.642137793366054,0
41.409499931695464,166.79091768781947,4025.5943001271944,145.5494068963909,4.048485513001999,1.4008022433640392,0,0,0,0,1,1,2,1,0,2,1,2,0,2,1,2,0.5945561982040172,0
41.465495597490865,42.37300416937194,2075.1387347385885,52.485476673778265,2.862695778814667,1.546909201554214,1,0,1,0,1,1,2,2,2,0,0,1,1,2,0,1,0.0679614811315275,0
85.10321258483671,92.56236782911839,7746.934198040005,109.35176755270854,3.8187161082410936,1.0162378940690902,0,0,0,0,1,1,2,2,1,1,2,2,0,2,1,3,0.0928054353054353,0
10.489141246420171,127.2523224922436,913.3389195701203,94.99810740061912,0.9218923298366772,1.4868023057379665,0,0,0,0,1,1,0,0,1,0,1,1,2,2,1,3,0.7221277946776821,0
55.839703786163334,57.971148469407126,4286.772840633547,85.55550163046139,4.246166244874407,3.129379244553694,1,0,1,1,0,0,2,0,1,0,1,2,0,2,0,2,0.1024686941693015,1
48.20996267809055,105.51202906211877,4873.576839801066,49.650356509524684,3.810142011242473,1.1234317357295145,1,1,0,0,1,2,2,0,2,1,2,0,1,1,1,3,0.0626658249158249,0
31.533019781554003,53.06441523019353,2410.91606269875,76.1124264184105,2.46738864724219,0.5310802425722233,0,0,1,1,1,0,2,0,1,0,2,0,0,0,0,3,0.5121561587570433,0
35.021986006078556,39.87893795128026,2431.99581422911,54.35572780335257,5.045466878267288,0.0,0,0,1,0,1,0,1,1,0,1,1,0,1,1,0,0,0.1056567472106687,0
38.38735649202529,23.351308923374656,775.4485109130517,22.48179330374358,2.883396406344467,3.105185847033977,0,1,1,0,1,0,2,2,1,1,1,1,2,2,1,3,0.2103491830230961,0
42.81478022211508,68.81493226073573,2837.889402889922,79.72579795339743,3.245133647831638,0.5057420867841678,1,1,0,0,1,1,2,1,0,1,0,0,1,0,1,0,0.1049808617308616,0
40.86361452649679,91.08342102724669,1783.596132899754,57.100486293294594,3.6064148207590785,2.3978704488865183,1,0,0,1,1,1,0,2,0,0,2,2,2,0,0,1,0.139772536850123,0
7.999870637222376,67.00946109613918,1555.4153577587256,113.85875728690895,1.5928186779616664,1.1998228610340953,1,1,0,0,1,2,2,2,1,0,2,1,2,2,1,3,0.421193281935929,0
46.931554225524756,92.21335193790826,1743.0653583012618,104.49338178317517,2.0308260810723024,0.0,0,1,1,1,0,2,0,2,1,0,0,0,0,2,0,1,0.0844288025877938,0
34.52599976649934,70.91741043138903,2875.154390019393,59.92137489968977,6.429928260932964,2.5403208405813507,1,0,1,0,1,0,2,0,1,0,0,1,2,0,0,1,0.0909007751507751,0
3.451900165658173,35.797229568405136,342.0050202829586,33.42339992633852,0.18303389979536291,0.8123292187561644,0,1,0,1,1,0,0,0,2,0,1,1,0,2,0,1,0.6558209442142396,1
22.96067113537374,47.75674105493188,5728.963175974293,57.20792808046747,5.056864051907774,0.7705149366065085,1,1,0,0,1,2,1,1,0,2,0,1,0,2,1,0,0.4496407912046322,0
77.23828613999497,22.303312712234156,3219.059877365455,41.88887421617346,4.982989793192471,1.610117309158614,1,1,1,1,1,1,2,0,0,0,0,0,2,2,0,0,0.2649749910192558,0
41.222327023617126,35.10716302639071,640.3173867703591,13.784368413857395,3.126978605443419,2.3582794286157185,1,1,1,1,1,0,0,2,1,2,1,1,2,2,0,1,0.5621501385810835,0
1.6510332779778207,47.22959950471784,132.1577107002851,35.355583714159195,0.17126984262117914,0.5141031089049448,1,0,0,1,1,2,1,2,0,2,1,0,1,2,1,0,0.7733773825981066,1
22.095416464477285,134.99997153185762,7276.625428810975,143.9722230762203,4.846666231250178,0.7316780105380796,1,1,1,1,1,1,2,0,0,0,0,0,1,0,1,2,0.5224725328658529,0
56.07174630530191,42.22142925575021,1120.9851133904763,41.6014279553,3.9358015070221626,0.6103565602322412,0,1,0,0,1,0,0,2,0,0,1,0,0,1,1,0,0.0220550745550745,0
24.85996821839654,45.5435533981808,2592.5598790217823,77.47023389548944,2.6122093718888735,1.3704007691925342,0,0,1,0,1,2,1,0,1,2,1,0,0,2,0,3,0.1035501868980317,0
35.27869410614836,35.4687979748047,1308.183546635314,37.45375422761923,2.6487961127071573,2.904003645853816,0,0,1,0,0,0,1,0,2,2,0,2,0,0,0,0,0.2420633424023517,0
10.392015412234581,94.58610376167884,875.0436905964677,112.1856079702584,2.2056848818757415,2.5800837950352733,0,0,1,0,1,1,0,1,2,1,0,1,2,2,1,0,0.4827511626835769,1
4.171222902711646,17.17085808951328,291.52194100262267,37.86275983306225,0.41795888189457175,2.935868562249275,0,0,0,1,1,1,2,1,1,0,0,2,2,2,1,0,0.4085849711290885,0
25.833385439285657,37.77050280348939,647.8531171339365,13.944934507176344,3.282262037656582,0.6474203049627112,0,0,1,0,1,2,1,1,0,1,1,1,1,2,1,2,0.2257802796332207,0
17.32631575262259,47.731321065350514,1250.936987989517,59.81261952435131,3.3308014411892133,0.0,1,1,1,1,1,1,2,1,1,1,1,1,0,0,0,1,0.1551149079678491,0
11.73745659685373,78.43674798684034,829.68874793123,81.55672380125587,1.8989445868664545,0.5339607726378589,1,1,0,0,1,0,1,1,0,1,2,1,2,2,1,0,0.4649632034632033,0
52.58411146781566,33.80682827702342,2896.8598391296546,50.91189318903074,3.8071786149629983,5.3016147448167406,1,0,1,0,1,0,2,0,1,0,2,2,2,0,0,0,0.3908076729088897,0
22.60728882170386,61.28774901888165,987.4790069156803,34.94699773694302,2.298304142998465,0.0,1,0,1,0,1,2,1,0,0,1,2,0,1,2,0,1,0.405849910256773,0
90.26109975454754,126.49405800163251,4720.725145155696,108.99685151992469,6.275623897981202,2.3596700752800945,0,1,0,0,1,0,2,0,2,2,1,2,2,1,1,3,0.1200133527799432,0
53.46590963281949,76.75112366026353,2881.529684515494,75.04706378371418,8.167129170058589,2.562458261431915,0,1,1,1,1,1,2,2,1,2,2,2,2,2,0,3,0.0963432133168975,0
9.44204363172889,92.09470242039258,878.6540103022577,78.68211949510442,0.4783135705026622,2.575981967429354,1,1,0,1,1,2,0,0,2,0,2,0,0,0,0,1,0.6886252699542172,0
17.05227669883267,60.092708326440906,1379.2576843181885,34.27692038473001,2.667977311355645,0.945740351641187,1,0,1,0,1,2,2,2,0,1,2,1,1,0,1,1,0.1039277689902689,0
7.671275530399617,49.37409872941341,321.92323245658713,44.11890637712936,0.8593579168957332,2.4193498028977283,0,1,1,0,1,0,1,2,1,1,1,2,0,1,0,0,0.7598496703019364,1
52.39758628525175,105.29773898864022,6994.818113918492,63.61252194304579,5.732907846052926,1.2536302073710135,0,1,0,1,1,0,0,2,1,0,2,2,0,1,1,0,0.3332861220397065,0
46.240871256286844,147.3841632691646,8188.6505346754175,75.91362309708,3.858546723417721,1.1974887657209945,1,0,1,1,0,2,2,1,0,2,1,1,2,0,0,2,0.4786929360335618,0
63.75840896094445,109.21003697352111,6496.190680484985,84.004281937086,2.8633617636859814,1.2382596111888486,1,1,0,0,0,2,0,0,0,1,1,2,1,0,1,0,0.0404472086149717,0
24.61841609159845,121.27208287304862,3007.1543706332523,59.33519254707432,2.431305194091202,1.0230376522039981,1,0,1,1,1,1,1,0,2,0,0,0,1,1,0,2,0.6204131593714928,1
3.364777924275934,61.45784389638506,291.25596894894966,35.31715713687428,0.6028178745668611,0.0,1,1,1,1,1,2,0,0,1,1,2,1,0,2,1,1,0.7425005466119751,0
48.80776079747723,70.18239132457458,4249.016391330618,52.84527070990586,2.5105244179992767,0.8445719039756692,1,1,1,1,1,2,1,0,1,1,0,1,1,2,1,3,0.0629213965047298,0
16.600870294076245,57.6380097236334,519.8334939088586,61.93075371820056,0.7104682345702626,0.8870871682299131,1,1,1,0,1,2,1,2,0,2,1,1,0,2,1,2,0.3137988613982433,0
7.954589669137806,86.66845686008612,208.61818506510667,56.534012129106706,0.44513398418163097,1.322010850341599,1,0,1,0,1,1,0,1,0,1,2,2,0,2,0,0,0.4571162361584189,1
77.1036965111461,67.09226193510779,4635.95612557014,87.47266872783999,3.5555475331738373,2.0822493639921387,0,0,0,0,1,2,2,1,0,1,2,1,2,2,0,3,0.3082188200229995,0
85.31627359410206,36.51435678581031,1397.0447834982112,52.918258776379524,4.715133556670384,1.5982225984167888,1,1,0,0,1,2,2,2,1,0,1,1,2,2,0,1,0.1945598166745431,0
55.33730402860523,140.97366563485448,2456.527197916853,128.62624972210943,3.503549845782949,3.014270085680203,1,1,1,0,1,0,1,0,2,2,0,1,1,2,0,3,0.1930139190874485,0
64.4327278219584,71.4192434320991,2855.8750971138033,60.064540442654334,2.087597162226147,5.8496006649134795,1,1,0,1,1,2,2,0,2,0,2,1,2,2,0,2,0.3421505590486879,0
23.473572818249018,48.73143523884398,816.0386845678906,22.133698921546664,1.1742197118368134,2.921188565442928,1,1,0,1,1,0,0,1,0,2,2,1,1,1,1,2,0.6855954694195542,0
46.5840834634913,167.38301031097131,5525.898843751722,127.59067236761861,8.498388680898518,0.97662449154078,0,0,0,1,1,0,2,2,2,2,2,0,0,2,0,2,0.5158145859557394,0
44.759005952276226,124.81107995005485,2686.6581759919363,97.50804112572163,1.9833680087954852,0.43203464256050794,1,0,0,0,1,2,0,1,0,1,2,1,1,2,0,0,0.3313485358206472,0
32.15143666040846,35.50165447458599,1756.8951620528378,93.37583355854693,1.2455856666836453,2.643599577576165,0,0,0,0,1,0,1,0,0,2,2,2,0,1,0,2,0.4091829428676358,0
60.46726298747689,102.57216577974849,1970.8051773832146,30.865978167040975,4.613315607276921,0.9046043148193065,0,1,0,1,1,0,1,1,2,0,2,1,1,1,0,0,0.3446260608028618,0
18.293197432723872,113.34483304930005,2759.916700131897,94.44596445217596,2.4234076152518043,1.781112534108912,1,1,1,0,1,1,0,0,0,0,1,2,1,2,1,3,0.2595835194217546,1
15.736515799101014,32.00993828279958,511.62900299090927,33.0854871755111,1.4485602283545918,2.2322927053127177,1,1,1,1,1,1,1,2,1,2,0,1,2,2,1,0,0.4856886165011975,0
8.960369490099534,92.3361446451246,1443.091371138058,40.2064846163484,2.5040496684678457,1.340711539507058,0,0,0,1,1,1,2,1,0,2,0,1,0,0,1,3,0.198949565231428,0
75.40041481394503,68.6367358006873,2651.8538145734465,100.87278421604304,3.305356743890576,2.6919471792593335,0,0,1,0,1,1,2,2,2,2,0,1,0,0,0,0,0.2975606637206433,0
35.42680259510411,33.73889935403708,2794.9511162750046,48.36286665449849,1.2876745864481518,3.032440851955962,1,0,0,1,1,1,1,0,0,2,0,1,0,0,0,0,0.4498391948711118,1
93.65219880342835,27.907064038206542,6042.0526267129635,80.66166722923744,7.90494208598202,3.6354050894381102,0,0,1,0,1,1,0,0,2,2,1,2,1,2,1,0,0.1127220121525228,0
17.009649438165532,76.76183673486847,2081.6506925278713,149.3322568366732,2.427417776185411,1.4527919270839456,1,1,0,1,1,1,2,1,0,1,1,0,2,0,0,1,0.3775043309655561,0
13.107328925152924,78.07151762356581,810.8884049073572,102.1444583876961,0.7371749309673266,1.0189921024648836,1,0,1,1,1,1,1,0,0,2,0,0,1,0,1,0,0.4326015721330673,1
31.40048989183282,40.174979712135745,678.0375095787864,14.628835300292717,2.372945937932352,0.8623380702834926,1,0,1,0,1,2,0,1,1,0,1,2,2,1,1,3,0.5538697717902439,0
51.68820386737567,12.208525371460825,617.9993123818584,13.633245174547072,2.23968918408844,0.9418094177959557,0,0,0,0,1,2,2,1,1,0,0,0,1,1,1,3,0.1952867600808777,0
10.021230383360688,40.858915586924155,640.1228891058854,44.39225893421634,1.033816615739138,4.378115814919914,1,0,0,1,1,1,0,0,2,1,2,0,2,0,1,0,0.4320433523782336,0
48.59134067862014,105.84547324730735,7470.349160962419,74.1761508069418,4.96000487948052,0.8625849392044111,0,1,0,0,1,0,2,2,0,1,0,1,0,1,0,1,0.0431498975068954,0
1.2940514900750952,71.1837788771461,66.71115012708458,61.39838301494913,0.11778786913809534,1.5990398807347803,1,1,1,0,1,1,2,2,2,1,2,0,2,2,1,1,0.7025486788685201,0
16.929613763623387,57.68509973362173,2099.385133041023,71.86066782464624,1.7548039085269418,2.206085193598163,0,0,1,0,0,2,1,2,0,1,0,2,2,2,0,1,0.1884579124579124,0
20.830017798874543,99.5979817293709,2764.1586653674026,43.066602872658436,1.6162194038022233,0.6746139316084385,1,1,1,0,1,0,2,2,1,2,2,1,0,0,1,3,0.0688850340692446,0
