store_id,sku_id,day_of_week,month,is_holiday,price,promotion,temperature,inventory_level,competitor_price,store_traffic,prediction,units_sold
5.0,26.0,3.0,3.0,0.0,111.38,1.0,49.9,347.0,94.23,1963.0,47.016926,58.0
17.0,1.0,0.0,5.0,0.0,57.86,1.0,92.2,259.0,67.42,559.0,57.367237,69.0
29.0,27.0,3.0,12.0,1.0,18.3,1.0,46.6,87.0,18.37,1453.0,85.35553,86.0
13.0,45.0,0.0,6.0,0.0,13.5,1.0,97.1,73.0,14.35,1652.0,56.61682,57.0
28.0,12.0,2.0,1.0,0.0,108.03,0.0,38.2,292.0,100.75,1157.0,28.720678,30.0
18.0,15.0,6.0,5.0,0.0,109.69,1.0,84.0,22.0,108.01,1738.0,63.43804,61.0
20.0,70.0,0.0,1.0,0.0,10.09,0.0,47.9,121.0,10.14,1171.0,23.36426,24.0
11.0,3.0,2.0,9.0,0.0,94.68,1.0,75.2,109.0,104.01,1038.0,55.069637,66.0
13.0,49.0,0.0,1.0,0.0,58.82,0.0,33.3,143.0,64.81,1097.0,38.65883,47.0
21.0,27.0,0.0,3.0,0.0,106.61,0.0,50.0,300.0,102.1,113.0,26.739748,28.0
27.0,4.0,4.0,12.0,0.0,17.54,1.0,34.3,217.0,16.74,1667.0,61.5146,63.0
22.0,61.0,6.0,3.0,0.0,105.93,0.0,46.3,331.0,132.93,1239.0,55.381573,56.0
6.0,8.0,3.0,8.0,0.0,90.7,1.0,92.9,391.0,72.99,912.0,57.735825,62.0
25.0,50.0,0.0,4.0,0.0,137.36,0.0,64.4,457.0,150.13,1800.0,36.5112,36.0
22.0,41.0,4.0,3.0,0.0,74.62,1.0,51.5,129.0,96.17,1406.0,74.24904,69.0
25.0,73.0,5.0,10.0,0.0,98.29,1.0,74.9,56.0,98.86,924.0,50.474144,46.0
14.0,37.0,4.0,1.0,0.0,94.64,0.0,50.3,448.0,89.01,812.0,30.270622,35.0
2.0,97.0,6.0,3.0,0.0,112.95,0.0,61.7,239.0,139.69,1653.0,52.123795,60.0
13.0,96.0,1.0,7.0,0.0,140.67,1.0,95.5,298.0,165.57,835.0,68.60483,67.0
14.0,53.0,0.0,3.0,0.0,43.14,1.0,68.6,443.0,47.37,939.0,55.639812,64.0
3.0,9.0,3.0,10.0,0.0,121.33,1.0,85.1,205.0,148.6,340.0,67.91883,75.0
4.0,88.0,0.0,1.0,0.0,32.01,0.0,66.1,358.0,37.61,820.0,35.359676,37.0
1.0,57.0,5.0,5.0,0.0,6.24,0.0,89.3,202.0,7.41,1425.0,32.895744,29.0
20.0,11.0,4.0,6.0,0.0,78.28,1.0,83.6,282.0,94.78,702.0,51.55153,43.0
4.0,2.0,6.0,2.0,0.0,95.81,0.0,40.7,65.0,117.29,1927.0,46.38621,42.0
6.0,77.0,1.0,11.0,0.0,87.07,1.0,44.5,404.0,104.05,543.0,68.46034,74.0
1.0,94.0,5.0,3.0,0.0,104.3,0.0,72.8,147.0,107.15,957.0,33.44224,31.0
14.0,90.0,6.0,3.0,0.0,132.15,0.0,57.3,91.0,134.5,1450.0,36.141277,42.0
22.0,72.0,4.0,3.0,0.0,149.22,0.0,49.4,225.0,129.48,1686.0,33.88222,41.0
11.0,7.0,6.0,4.0,0.0,146.18,0.0,78.7,385.0,181.15,973.0,52.3634,51.0
28.0,11.0,6.0,12.0,0.0,120.44,0.0,49.4,158.0,153.01,739.0,45.42476,44.0
7.0,39.0,3.0,9.0,0.0,108.89,0.0,78.3,191.0,126.2,1669.0,48.433823,46.0
22.0,32.0,4.0,7.0,0.0,9.84,1.0,89.1,134.0,8.85,1771.0,65.64196,71.0
6.0,66.0,3.0,10.0,0.0,63.66,1.0,69.9,177.0,55.52,573.0,59.494972,53.0
7.0,14.0,1.0,5.0,0.0,31.16,0.0,92.0,406.0,31.72,1931.0,45.485847,42.0
4.0,71.0,3.0,1.0,0.0,25.45,0.0,39.7,337.0,31.16,896.0,34.266388,34.0
5.0,89.0,1.0,2.0,0.0,123.85,1.0,50.8,103.0,147.35,603.0,63.254948,56.0
25.0,29.0,0.0,7.0,0.0,110.58,0.0,103.0,484.0,105.11,1784.0,37.660328,35.0
21.0,34.0,3.0,11.0,0.0,118.64,0.0,57.5,291.0,118.95,271.0,29.522804,23.0
13.0,78.0,6.0,8.0,0.0,118.22,0.0,99.7,184.0,151.55,442.0,48.87613,50.0
24.0,93.0,5.0,7.0,0.0,100.15,0.0,84.9,213.0,81.73,1246.0,27.45711,25.0
13.0,66.0,0.0,2.0,0.0,138.07,1.0,60.3,422.0,117.56,725.0,40.97367,41.0
21.0,46.0,4.0,5.0,0.0,48.96,1.0,73.4,463.0,57.88,1591.0,52.676315,61.0
12.0,2.0,0.0,8.0,0.0,46.22,0.0,90.1,451.0,58.77,572.0,44.008995,43.0
12.0,52.0,4.0,5.0,0.0,110.78,0.0,87.7,282.0,122.58,1763.0,45.054157,41.0
10.0,9.0,6.0,7.0,0.0,97.57,1.0,94.6,13.0,82.62,1090.0,52.790123,55.0
5.0,56.0,1.0,2.0,0.0,107.27,1.0,51.7,395.0,137.23,1259.0,69.924225,72.0
24.0,25.0,5.0,12.0,1.0,69.8,1.0,41.9,348.0,82.11,201.0,81.534615,78.0
23.0,39.0,4.0,2.0,0.0,128.32,0.0,57.3,320.0,162.45,1953.0,54.04419,58.0
16.0,32.0,1.0,8.0,0.0,75.29,1.0,98.8,371.0,90.33,1481.0,54.838444,44.0
8.0,55.0,4.0,2.0,0.0,94.13,0.0,41.3,44.0,92.64,1121.0,37.743477,43.0
10.0,71.0,1.0,1.0,0.0,88.8,0.0,34.0,383.0,90.84,1422.0,39.159122,39.0
19.0,40.0,0.0,2.0,0.0,83.32,1.0,36.2,16.0,85.32,1327.0,56.54179,59.0
9.0,37.0,5.0,4.0,0.0,58.9,1.0,59.0,368.0,68.89,1477.0,58.54419,60.0
4.0,75.0,4.0,5.0,0.0,81.64,0.0,83.9,43.0,100.24,1696.0,45.549908,48.0
14.0,28.0,6.0,2.0,0.0,82.0,0.0,53.2,294.0,96.11,1337.0,41.374912,38.0
16.0,50.0,1.0,1.0,0.0,131.41,0.0,44.5,404.0,122.42,1015.0,21.306828,23.0
23.0,49.0,0.0,1.0,0.0,54.41,1.0,51.4,56.0,54.67,1790.0,60.260384,71.0
19.0,59.0,4.0,7.0,0.0,121.51,0.0,91.2,291.0,123.92,310.0,35.137566,39.0
29.0,46.0,4.0,4.0,0.0,18.56,0.0,68.2,235.0,20.64,1915.0,42.386375,34.0
18.0,18.0,4.0,6.0,0.0,16.74,0.0,82.7,420.0,18.04,1644.0,39.978436,37.0
26.0,63.0,3.0,7.0,0.0,99.66,1.0,100.5,239.0,118.52,1430.0,57.113297,57.0
15.0,36.0,6.0,8.0,0.0,81.27,0.0,87.9,287.0,96.21,581.0,41.175198,42.0
6.0,32.0,1.0,7.0,0.0,105.71,0.0,95.9,365.0,106.64,186.0,45.151054,48.0
5.0,4.0,6.0,4.0,0.0,34.14,0.0,74.9,42.0,42.33,574.0,38.42994,44.0
20.0,52.0,4.0,3.0,0.0,63.44,1.0,69.7,337.0,57.99,1438.0,43.366272,47.0
16.0,74.0,6.0,5.0,0.0,49.61,0.0,76.2,280.0,59.55,681.0,26.000782,23.0
26.0,49.0,6.0,7.0,0.0,60.08,0.0,101.8,101.0,55.02,1010.0,26.599169,26.0
26.0,32.0,1.0,6.0,0.0,30.36,1.0,82.4,220.0,37.12,724.0,45.096397,50.0
21.0,73.0,1.0,1.0,0.0,75.76,1.0,41.0,421.0,82.41,1355.0,55.884197,56.0
21.0,66.0,6.0,6.0,0.0,25.48,0.0,98.2,16.0,26.36,1755.0,35.298748,40.0
29.0,63.0,4.0,5.0,0.0,145.48,0.0,95.0,281.0,143.38,1911.0,40.378174,47.0
27.0,96.0,5.0,12.0,0.0,33.37,1.0,62.0,261.0,40.89,1392.0,61.268936,57.0
5.0,23.0,4.0,3.0,0.0,6.01,0.0,51.7,100.0,7.49,1710.0,39.147152,36.0
5.0,1.0,4.0,12.0,1.0,121.6,1.0,50.8,53.0,98.85,973.0,68.45256,52.0
7.0,43.0,0.0,8.0,0.0,104.88,1.0,88.6,434.0,112.64,292.0,57.265945,55.0
30.0,80.0,4.0,5.0,0.0,135.48,1.0,78.3,198.0,169.32,1156.0,73.22095,66.0
25.0,95.0,1.0,11.0,0.0,18.08,0.0,62.8,459.0,19.83,1493.0,32.77764,26.0
29.0,41.0,4.0,8.0,0.0,22.25,1.0,83.1,49.0,19.04,113.0,58.055832,56.0
24.0,59.0,1.0,7.0,0.0,102.75,1.0,79.6,96.0,124.81,1242.0,61.932064,60.0
5.0,94.0,4.0,9.0,0.0,68.96,0.0,75.7,327.0,70.01,1709.0,40.7119,44.0
27.0,78.0,2.0,10.0,0.0,44.87,1.0,84.3,220.0,57.25,1027.0,61.687855,66.0
11.0,13.0,0.0,4.0,0.0,98.77,1.0,72.8,128.0,90.9,85.0,43.514145,34.0
15.0,28.0,4.0,1.0,0.0,135.8,0.0,53.6,44.0,153.97,1926.0,46.777637,48.0
1.0,84.0,0.0,1.0,0.0,117.65,1.0,36.0,108.0,125.92,236.0,54.21222,47.0
6.0,45.0,3.0,5.0,0.0,23.22,1.0,68.6,448.0,25.18,1190.0,73.27296,75.0
23.0,80.0,4.0,4.0,0.0,144.6,0.0,71.0,133.0,143.25,1416.0,36.433804,36.0
15.0,96.0,0.0,2.0,0.0,33.78,1.0,43.1,430.0,33.42,849.0,54.146816,62.0
26.0,32.0,3.0,8.0,0.0,116.3,0.0,80.0,168.0,112.76,59.0,28.124098,26.0
20.0,86.0,0.0,2.0,0.0,148.86,1.0,42.5,495.0,171.28,1562.0,57.315136,57.0
27.0,6.0,2.0,8.0,0.0,96.01,1.0,80.9,200.0,84.48,872.0,54.91236,39.0
28.0,90.0,4.0,4.0,0.0,62.38,0.0,62.1,94.0,78.29,1319.0,40.135277,45.0
11.0,7.0,2.0,10.0,0.0,48.44,0.0,73.1,185.0,41.33,1419.0,32.45576,28.0
19.0,47.0,4.0,7.0,0.0,62.49,1.0,101.2,101.0,80.01,1001.0,66.6231,67.0
15.0,35.0,5.0,1.0,0.0,58.76,0.0,62.9,249.0,61.5,298.0,34.52322,38.0
4.0,3.0,6.0,10.0,0.0,29.98,1.0,67.3,78.0,34.3,267.0,48.85579,46.0
30.0,19.0,6.0,5.0,0.0,58.18,1.0,96.4,448.0,59.62,1036.0,52.000347,38.0
10.0,21.0,1.0,1.0,0.0,21.92,0.0,47.5,94.0,22.38,629.0,36.67919,40.0
6.0,100.0,1.0,6.0,0.0,83.74,1.0,95.4,243.0,104.63,1318.0,71.759476,87.0
24.0,89.0,4.0,8.0,0.0,39.24,0.0,86.1,307.0,34.64,304.0,29.877668,31.0
16.0,69.0,4.0,4.0,0.0,28.07,0.0,66.7,255.0,32.38,1621.0,30.645643,39.0
6.0,48.0,1.0,2.0,0.0,128.19,1.0,35.8,153.0,143.8,114.0,64.31269,82.0
12.0,29.0,5.0,5.0,0.0,145.22,1.0,94.2,30.0,167.98,1986.0,67.338715,69.0
1.0,91.0,5.0,3.0,0.0,107.56,0.0,49.4,86.0,97.39,1782.0,27.775885,25.0
11.0,14.0,2.0,2.0,0.0,127.51,0.0,37.9,352.0,107.35,1337.0,20.573555,26.0
7.0,89.0,2.0,1.0,0.0,51.71,0.0,48.0,440.0,61.06,923.0,43.544655,42.0
15.0,41.0,4.0,8.0,0.0,30.52,1.0,99.6,279.0,37.0,674.0,55.158157,53.0
12.0,67.0,4.0,8.0,0.0,123.27,1.0,83.9,304.0,136.16,448.0,65.7874,67.0
12.0,73.0,0.0,2.0,0.0,69.79,1.0,43.7,181.0,68.08,1232.0,54.685627,49.0
21.0,70.0,4.0,10.0,0.0,115.92,1.0,73.4,473.0,139.57,1857.0,68.88801,72.0
18.0,56.0,6.0,12.0,1.0,143.71,0.0,58.3,258.0,160.78,1418.0,75.25167,78.0
24.0,91.0,2.0,7.0,0.0,85.73,0.0,99.4,182.0,84.67,1759.0,34.919216,37.0
26.0,69.0,6.0,12.0,1.0,143.98,0.0,45.6,26.0,162.16,686.0,68.86913,76.0
11.0,64.0,3.0,1.0,0.0,68.69,0.0,47.8,202.0,73.66,267.0,36.762077,33.0
9.0,91.0,5.0,3.0,0.0,24.76,1.0,68.7,21.0,28.59,1261.0,49.76057,53.0
13.0,22.0,3.0,3.0,0.0,136.94,0.0,68.0,209.0,141.39,301.0,34.56389,32.0
1.0,37.0,5.0,1.0,0.0,57.3,1.0,35.6,260.0,59.63,888.0,48.97555,57.0
28.0,63.0,2.0,5.0,0.0,73.57,1.0,76.7,262.0,93.33,657.0,63.75418,68.0
8.0,25.0,0.0,1.0,0.0,67.69,0.0,42.5,62.0,67.87,95.0,37.733765,44.0
25.0,6.0,6.0,5.0,0.0,114.14,0.0,86.7,113.0,113.22,1711.0,32.48592,29.0
26.0,79.0,4.0,4.0,0.0,33.74,0.0,75.8,394.0,33.63,858.0,23.296888,18.0
8.0,72.0,3.0,6.0,0.0,76.05,1.0,83.6,384.0,93.49,1799.0,69.17494,75.0
22.0,12.0,1.0,1.0,0.0,35.4,0.0,51.9,153.0,37.95,656.0,41.965748,45.0
10.0,20.0,3.0,1.0,0.0,112.86,0.0,61.8,23.0,128.77,766.0,40.11647,46.0
29.0,7.0,3.0,2.0,0.0,103.91,1.0,60.6,11.0,86.12,997.0,49.681812,50.0
19.0,80.0,2.0,11.0,1.0,9.68,0.0,49.6,371.0,11.56,1806.0,66.16991,68.0
7.0,37.0,1.0,10.0,0.0,77.11,1.0,73.3,403.0,88.5,206.0,60.114796,71.0
18.0,33.0,4.0,4.0,0.0,48.29,1.0,80.0,33.0,39.36,1685.0,55.77691,50.0
13.0,84.0,5.0,8.0,0.0,23.25,0.0,95.9,96.0,25.02,480.0,33.434063,28.0
23.0,37.0,3.0,9.0,0.0,108.7,0.0,81.8,176.0,134.4,1248.0,51.349808,52.0
5.0,37.0,4.0,2.0,0.0,26.03,0.0,43.2,44.0,31.78,1703.0,41.681297,48.0
13.0,97.0,6.0,10.0,0.0,145.21,1.0,84.9,252.0,164.13,1424.0,68.273834,72.0
5.0,85.0,6.0,7.0,0.0,138.29,0.0,103.9,125.0,161.63,327.0,48.985336,43.0
18.0,31.0,3.0,1.0,0.0,75.06,0.0,61.7,363.0,64.49,151.0,33.452904,31.0
17.0,81.0,1.0,5.0,0.0,118.66,1.0,83.0,450.0,127.01,1350.0,60.548885,51.0
16.0,30.0,3.0,9.0,0.0,148.7,1.0,76.5,169.0,134.5,1716.0,46.906254,37.0
11.0,33.0,2.0,8.0,0.0,138.58,0.0,88.7,335.0,123.91,621.0,23.297964,18.0
22.0,25.0,4.0,1.0,0.0,29.66,1.0,47.6,27.0,35.03,1365.0,60.624264,76.0
7.0,62.0,0.0,1.0,0.0,140.97,0.0,38.5,348.0,181.75,1287.0,57.06802,54.0
12.0,42.0,3.0,11.0,0.0,42.08,0.0,67.1,499.0,52.5,326.0,45.241577,39.0
16.0,12.0,2.0,4.0,0.0,14.86,0.0,65.4,99.0,14.95,54.0,23.22205,17.0
13.0,9.0,4.0,9.0,0.0,71.07,0.0,86.4,142.0,79.05,953.0,39.9012,36.0
26.0,55.0,2.0,1.0,0.0,26.63,0.0,43.9,123.0,34.21,119.0,25.278217,26.0
15.0,2.0,5.0,10.0,0.0,135.55,0.0,81.3,494.0,145.25,1473.0,39.68272,38.0
16.0,53.0,0.0,2.0,0.0,75.74,0.0,39.3,254.0,63.71,833.0,20.863596,23.0
23.0,15.0,2.0,7.0,1.0,147.15,0.0,104.3,317.0,149.94,960.0,57.38773,54.0
10.0,71.0,2.0,4.0,0.0,15.53,1.0,72.1,447.0,15.66,1517.0,61.41261,55.0
16.0,10.0,1.0,8.0,0.0,122.78,0.0,94.5,274.0,104.51,401.0,17.055508,10.0
6.0,82.0,6.0,9.0,0.0,131.99,0.0,82.6,300.0,155.03,684.0,53.543312,56.0
20.0,89.0,4.0,2.0,0.0,42.13,1.0,40.2,295.0,44.57,98.0,48.491573,42.0
25.0,51.0,5.0,7.0,0.0,67.5,1.0,105.5,469.0,58.25,1269.0,48.244335,48.0
11.0,81.0,5.0,9.0,0.0,12.76,1.0,103.5,289.0,12.27,1721.0,58.36885,54.0
3.0,52.0,5.0,9.0,0.0,72.37,0.0,70.4,300.0,65.63,1845.0,40.013714,35.0
19.0,4.0,1.0,11.0,0.0,33.7,1.0,56.5,209.0,43.7,563.0,57.623917,61.0
6.0,56.0,4.0,11.0,0.0,143.09,0.0,44.9,151.0,181.88,99.0,57.755333,56.0
5.0,45.0,3.0,3.0,0.0,34.14,1.0,63.1,319.0,34.3,1486.0,61.366287,63.0
6.0,10.0,1.0,7.0,1.0,146.81,0.0,97.0,140.0,183.05,344.0,71.522446,82.0
23.0,35.0,1.0,9.0,0.0,134.77,1.0,101.7,406.0,157.29,1920.0,65.55063,79.0
7.0,3.0,1.0,9.0,0.0,37.65,1.0,84.0,178.0,39.57,576.0,56.38098,62.0
21.0,18.0,3.0,1.0,0.0,109.26,1.0,52.4,177.0,94.83,174.0,45.12152,44.0
2.0,95.0,3.0,8.0,0.0,124.92,0.0,89.5,419.0,118.79,163.0,32.779667,30.0
9.0,20.0,6.0,12.0,0.0,85.96,1.0,58.1,183.0,106.35,1903.0,67.25325,66.0
9.0,34.0,0.0,3.0,0.0,147.53,1.0,71.2,324.0,144.57,952.0,43.80391,49.0
1.0,64.0,3.0,4.0,0.0,103.9,0.0,70.2,12.0,103.08,1380.0,29.018974,39.0
30.0,24.0,6.0,7.0,0.0,130.45,0.0,106.8,247.0,148.66,944.0,39.00626,34.0
2.0,13.0,5.0,9.0,0.0,16.79,1.0,74.9,388.0,16.31,1256.0,54.873753,49.0
4.0,53.0,5.0,5.0,0.0,22.74,0.0,77.1,223.0,20.76,385.0,34.25958,34.0
11.0,54.0,2.0,9.0,0.0,33.43,1.0,99.3,56.0,36.25,1577.0,53.951897,64.0
16.0,71.0,6.0,3.0,0.0,121.47,0.0,55.4,432.0,151.51,1994.0,47.539043,42.0
9.0,12.0,0.0,11.0,0.0,68.33,1.0,47.2,328.0,60.23,770.0,51.465664,53.0
7.0,67.0,4.0,8.0,0.0,145.81,1.0,92.6,207.0,139.01,1088.0,53.24443,56.0
10.0,92.0,1.0,3.0,0.0,96.17,0.0,70.5,185.0,109.18,377.0,43.605003,40.0
5.0,45.0,2.0,1.0,0.0,129.43,1.0,45.8,178.0,151.09,762.0,66.35042,70.0
14.0,32.0,5.0,5.0,0.0,104.98,1.0,94.8,245.0,112.37,895.0,56.99169,48.0
29.0,90.0,0.0,2.0,0.0,11.76,1.0,54.7,275.0,9.81,1388.0,63.879593,62.0
16.0,8.0,6.0,4.0,0.0,53.63,0.0,66.2,33.0,49.32,506.0,25.655687,27.0
8.0,69.0,4.0,3.0,0.0,9.31,0.0,66.2,317.0,12.02,491.0,42.105934,45.0
7.0,5.0,6.0,7.0,0.0,30.41,0.0,98.5,72.0,34.46,186.0,37.889797,40.0
23.0,22.0,5.0,3.0,0.0,132.41,1.0,74.8,60.0,157.99,146.0,66.35895,64.0
26.0,79.0,6.0,5.0,0.0,114.54,0.0,100.8,247.0,134.78,438.0,37.096806,31.0
26.0,66.0,3.0,11.0,0.0,56.75,1.0,63.7,219.0,54.53,1092.0,48.66237,38.0
10.0,33.0,6.0,2.0,0.0,116.0,1.0,49.8,231.0,109.87,1567.0,58.671352,44.0
24.0,79.0,4.0,4.0,0.0,71.97,1.0,78.6,185.0,93.28,1655.0,66.29705,54.0
13.0,61.0,0.0,6.0,0.0,147.36,0.0,98.1,280.0,183.84,884.0,54.985382,53.0
24.0,84.0,5.0,3.0,0.0,17.91,0.0,59.9,382.0,19.09,990.0,34.57368,25.0
9.0,34.0,1.0,6.0,0.0,69.29,1.0,95.7,371.0,89.59,205.0,59.084114,49.0
3.0,86.0,2.0,9.0,0.0,144.52,0.0,78.0,355.0,147.36,888.0,42.277225,43.0
6.0,38.0,0.0,8.0,0.0,39.46,0.0,92.0,328.0,42.03,1180.0,49.611023,50.0
11.0,32.0,5.0,1.0,0.0,98.61,1.0,40.3,42.0,80.21,505.0,47.205544,40.0
2.0,26.0,2.0,5.0,0.0,129.72,1.0,84.4,408.0,136.7,1534.0,66.41788,71.0
8.0,66.0,5.0,12.0,0.0,104.77,0.0,50.4,369.0,105.19,101.0,37.796288,37.0
26.0,92.0,6.0,5.0,0.0,42.7,1.0,83.3,450.0,39.91,769.0,43.81756,30.0
17.0,100.0,3.0,3.0,0.0,28.03,1.0,49.1,369.0,33.08,1431.0,55.36126,56.0
23.0,7.0,5.0,2.0,0.0,84.18,1.0,47.6,280.0,101.36,714.0,61.429436,58.0
30.0,37.0,4.0,8.0,0.0,49.92,1.0,99.7,231.0,56.82,416.0,50.45266,47.0
19.0,60.0,1.0,1.0,0.0,57.64,0.0,60.6,281.0,65.58,941.0,39.37412,38.0
14.0,68.0,1.0,12.0,0.0,134.05,0.0,48.7,413.0,121.14,1963.0,33.4421,25.0
4.0,79.0,4.0,4.0,0.0,149.16,0.0,66.1,411.0,170.5,116.0,42.881424,28.0
19.0,97.0,6.0,5.0,0.0,60.39,1.0,83.6,116.0,59.66,1212.0,62.55709,60.0
2.0,7.0,5.0,11.0,0.0,116.95,1.0,66.0,112.0,131.81,1261.0,67.51469,72.0
3.0,26.0,2.0,12.0,0.0,13.24,1.0,44.8,494.0,13.61,581.0,61.27938,61.0
7.0,54.0,0.0,2.0,0.0,94.04,0.0,32.6,109.0,119.98,1816.0,51.023735,54.0
6.0,100.0,4.0,11.0,0.0,126.38,0.0,70.3,91.0,129.95,1574.0,44.125114,50.0
26.0,30.0,5.0,9.0,0.0,19.71,1.0,97.3,127.0,22.93,1755.0,48.927986,50.0
26.0,32.0,2.0,10.0,0.0,81.78,1.0,73.4,435.0,79.12,1397.0,47.3185,40.0
11.0,95.0,4.0,5.0,0.0,146.06,0.0,80.1,242.0,119.23,378.0,19.581022,16.0
25.0,79.0,4.0,7.0,1.0,119.25,1.0,96.9,310.0,138.17,1146.0,85.55876,100.0
15.0,16.0,1.0,5.0,0.0,135.97,0.0,90.0,400.0,136.2,1770.0,37.637844,40.0
25.0,80.0,4.0,4.0,0.0,105.67,1.0,61.0,56.0,125.71,528.0,61.3483,48.0
10.0,35.0,0.0,9.0,0.0,122.95,1.0,77.1,372.0,131.27,1829.0,63.66348,75.0
9.0,100.0,4.0,3.0,0.0,106.21,0.0,47.1,210.0,102.55,1309.0,32.437805,36.0
5.0,88.0,1.0,6.0,0.0,113.12,1.0,99.2,115.0,110.9,1643.0,59.86838,69.0
29.0,45.0,2.0,9.0,0.0,25.08,1.0,77.0,457.0,22.06,1945.0,70.24338,64.0
22.0,87.0,2.0,3.0,0.0,17.44,1.0,60.7,40.0,19.95,1681.0,68.19456,69.0
9.0,28.0,5.0,8.0,0.0,79.81,0.0,88.3,293.0,64.52,1482.0,28.89437,25.0
22.0,49.0,2.0,12.0,0.0,96.99,0.0,50.2,283.0,124.84,387.0,60.420998,60.0
10.0,37.0,1.0,1.0,0.0,26.8,0.0,39.9,267.0,29.94,1107.0,41.401764,45.0
7.0,30.0,6.0,11.0,0.0,61.84,1.0,45.9,44.0,54.32,1381.0,59.018803,58.0
14.0,95.0,4.0,3.0,0.0,67.06,0.0,56.4,498.0,65.49,664.0,32.343327,31.0
7.0,8.0,4.0,11.0,0.0,12.91,1.0,69.6,241.0,10.54,464.0,61.84659,59.0
7.0,30.0,5.0,1.0,0.0,91.25,0.0,50.5,230.0,95.41,488.0,37.17935,45.0
18.0,45.0,2.0,3.0,0.0,147.52,1.0,59.4,459.0,177.16,1923.0,73.519325,81.0
5.0,82.0,3.0,7.0,0.0,65.12,1.0,105.8,194.0,68.77,247.0,57.68145,66.0
18.0,82.0,1.0,2.0,0.0,67.86,0.0,55.8,76.0,77.92,53.0,41.646362,40.0
29.0,73.0,6.0,11.0,0.0,145.14,1.0,46.4,407.0,176.74,1109.0,76.459076,79.0
13.0,88.0,5.0,4.0,0.0,7.94,0.0,73.6,154.0,7.87,88.0,34.789913,34.0
27.0,85.0,3.0,11.0,1.0,5.3,0.0,55.0,190.0,4.6,983.0,62.120186,74.0
2.0,61.0,0.0,12.0,0.0,80.27,1.0,53.1,306.0,101.72,1774.0,68.114265,80.0
30.0,16.0,5.0,12.0,0.0,138.35,0.0,41.7,280.0,134.41,1176.0,31.024544,30.0
25.0,58.0,0.0,5.0,0.0,133.91,0.0,81.7,96.0,172.46,1597.0,51.29032,63.0
17.0,46.0,5.0,2.0,0.0,54.06,1.0,40.4,157.0,47.33,1799.0,54.92199,45.0
13.0,21.0,2.0,2.0,0.0,105.29,0.0,53.1,479.0,94.57,1225.0,30.985329,33.0
10.0,80.0,6.0,4.0,0.0,27.03,0.0,83.7,71.0,23.1,930.0,39.521317,41.0
3.0,84.0,4.0,12.0,0.0,145.5,0.0,31.6,154.0,186.46,512.0,54.750298,54.0
16.0,6.0,2.0,2.0,0.0,114.74,1.0,60.0,317.0,99.26,685.0,40.617496,26.0
7.0,64.0,4.0,2.0,0.0,105.52,1.0,49.0,149.0,136.2,1660.0,74.65759,71.0
23.0,48.0,5.0,1.0,0.0,9.57,0.0,46.8,181.0,9.22,957.0,39.415432,37.0
12.0,72.0,2.0,4.0,0.0,67.24,1.0,74.1,253.0,66.68,1195.0,59.189796,63.0
29.0,44.0,3.0,1.0,0.0,105.48,0.0,41.6,326.0,101.44,1795.0,37.760033,36.0
9.0,44.0,2.0,4.0,0.0,62.73,1.0,75.9,396.0,57.37,1467.0,44.20056,44.0
4.0,63.0,4.0,6.0,0.0,17.12,1.0,85.3,245.0,18.48,1899.0,57.9523,67.0
12.0,77.0,4.0,9.0,0.0,47.67,1.0,79.3,487.0,48.48,727.0,62.93838,69.0
24.0,14.0,5.0,7.0,0.0,95.27,1.0,108.3,48.0,123.42,718.0,64.603905,64.0
20.0,88.0,2.0,1.0,0.0,135.66,1.0,51.3,59.0,118.55,736.0,35.74955,44.0
11.0,79.0,1.0,11.0,1.0,72.09,1.0,59.5,254.0,66.34,446.0,78.60234,80.0
25.0,87.0,0.0,4.0,0.0,84.99,0.0,69.3,282.0,71.56,830.0,23.82421,23.0
15.0,49.0,3.0,3.0,0.0,124.28,1.0,67.7,342.0,145.09,445.0,62.919926,60.0
2.0,26.0,2.0,6.0,0.0,76.46,0.0,92.7,195.0,75.43,1430.0,40.88275,48.0
22.0,3.0,6.0,1.0,0.0,120.09,1.0,37.5,131.0,110.91,1148.0,52.374725,49.0
10.0,88.0,1.0,1.0,0.0,29.81,1.0,53.3,413.0,37.42,1677.0,64.28333,61.0
26.0,2.0,2.0,12.0,0.0,12.42,0.0,51.2,383.0,13.72,424.0,26.264172,23.0
5.0,37.0,2.0,9.0,0.0,8.7,0.0,78.3,371.0,8.6,1982.0,40.69887,43.0
5.0,62.0,2.0,10.0,0.0,59.54,1.0,65.7,300.0,56.85,554.0,47.398956,57.0
18.0,8.0,4.0,10.0,0.0,80.29,1.0,86.7,268.0,75.06,1970.0,56.69965,55.0
16.0,2.0,2.0,9.0,0.0,98.51,1.0,90.3,56.0,120.05,1826.0,54.70572,46.0
17.0,7.0,6.0,5.0,0.0,89.31,1.0,74.6,343.0,108.94,1650.0,69.09845,73.0
20.0,7.0,1.0,1.0,0.0,19.73,1.0,34.7,196.0,16.37,1736.0,53.371483,49.0
14.0,65.0,0.0,5.0,0.0,114.27,1.0,59.9,416.0,103.77,1307.0,49.990074,41.0
29.0,32.0,4.0,9.0,0.0,16.52,0.0,79.1,54.0,13.81,798.0,41.881863,40.0
23.0,1.0,6.0,2.0,0.0,89.87,1.0,34.3,121.0,106.57,873.0,59.96,76.0
24.0,100.0,0.0,8.0,0.0,35.72,1.0,100.2,316.0,30.49,764.0,51.092728,41.0
1.0,21.0,6.0,2.0,0.0,30.6,1.0,42.9,73.0,30.4,1562.0,44.541023,40.0
8.0,34.0,3.0,11.0,1.0,74.32,1.0,56.9,459.0,70.74,1194.0,83.27149,64.0
29.0,72.0,3.0,3.0,0.0,37.02,1.0,50.5,35.0,36.16,1271.0,59.532024,64.0
7.0,86.0,6.0,5.0,0.0,66.85,0.0,89.2,494.0,77.53,1119.0,40.229107,41.0
9.0,56.0,5.0,4.0,0.0,50.89,0.0,56.2,62.0,61.86,1544.0,37.880848,34.0
13.0,100.0,6.0,9.0,0.0,65.35,1.0,72.7,499.0,81.11,1609.0,63.040287,65.0
28.0,29.0,2.0,5.0,0.0,30.38,0.0,79.2,186.0,33.76,598.0,37.45807,38.0
22.0,18.0,6.0,1.0,0.0,149.97,1.0,37.1,165.0,154.71,1465.0,60.895702,64.0
23.0,27.0,1.0,1.0,0.0,82.33,0.0,47.1,245.0,97.16,1195.0,42.26736,44.0
5.0,24.0,0.0,9.0,0.0,31.42,0.0,69.4,450.0,28.62,1485.0,32.48346,28.0
18.0,78.0,1.0,4.0,0.0,122.59,0.0,76.4,261.0,107.38,667.0,29.86418,33.0
24.0,91.0,6.0,3.0,0.0,144.49,0.0,64.7,44.0,120.32,365.0,20.46625,21.0
8.0,89.0,3.0,4.0,0.0,54.08,1.0,69.2,52.0,47.03,876.0,56.287384,57.0
22.0,94.0,5.0,2.0,0.0,5.24,1.0,48.6,468.0,4.21,670.0,64.46402,60.0
8.0,22.0,6.0,7.0,0.0,13.49,1.0,95.7,107.0,10.91,970.0,58.41821,50.0
10.0,14.0,6.0,8.0,0.0,45.13,0.0,99.7,185.0,52.95,420.0,39.405823,39.0
26.0,74.0,3.0,2.0,0.0,33.19,1.0,63.9,187.0,36.8,1490.0,45.86473,45.0
8.0,49.0,1.0,3.0,0.0,135.31,0.0,58.8,244.0,145.64,1655.0,48.0832,53.0
5.0,89.0,5.0,2.0,0.0,75.74,1.0,50.1,383.0,65.78,1688.0,55.37731,51.0
16.0,9.0,5.0,2.0,0.0,29.18,1.0,41.3,23.0,31.6,1688.0,48.944588,50.0
14.0,74.0,6.0,5.0,0.0,90.64,1.0,89.5,41.0,95.12,936.0,57.37217,46.0
26.0,13.0,0.0,7.0,0.0,21.87,0.0,83.6,264.0,26.93,1150.0,23.842632,23.0
25.0,4.0,0.0,9.0,0.0,115.03,0.0,90.0,440.0,108.26,746.0,30.112432,23.0
11.0,37.0,3.0,8.0,0.0,34.86,1.0,85.8,292.0,30.08,987.0,54.058216,58.0
4.0,97.0,6.0,1.0,0.0,97.27,1.0,45.8,351.0,109.37,1652.0,60.5665,61.0
15.0,63.0,0.0,4.0,0.0,112.83,0.0,71.3,26.0,141.05,1417.0,50.682365,54.0
11.0,60.0,5.0,4.0,0.0,90.73,0.0,70.0,467.0,94.8,1015.0,32.054405,32.0
20.0,75.0,3.0,5.0,0.0,132.02,1.0,95.7,175.0,111.13,1911.0,45.316807,32.0
21.0,62.0,6.0,12.0,0.0,67.14,1.0,56.2,499.0,72.56,1985.0,60.676178,46.0
13.0,81.0,0.0,4.0,0.0,77.58,0.0,74.3,39.0,88.05,566.0,39.172478,42.0
28.0,48.0,2.0,3.0,0.0,61.94,1.0,48.3,463.0,56.35,265.0,50.37222,50.0
18.0,34.0,4.0,4.0,0.0,16.11,1.0,77.3,193.0,16.24,1683.0,58.535942,53.0
26.0,21.0,6.0,2.0,0.0,83.53,0.0,58.5,377.0,98.37,520.0,33.93903,19.0
19.0,19.0,2.0,4.0,0.0,145.76,0.0,65.6,167.0,121.75,718.0,20.667965,19.0
10.0,55.0,2.0,6.0,0.0,9.52,1.0,105.7,298.0,11.57,1528.0,59.535954,58.0
8.0,89.0,5.0,12.0,1.0,140.11,0.0,56.9,117.0,116.61,807.0,56.246254,56.0
6.0,21.0,6.0,3.0,0.0,31.7,0.0,57.7,220.0,32.84,291.0,40.719383,48.0
17.0,10.0,5.0,3.0,0.0,148.57,0.0,64.3,250.0,153.56,1664.0,39.15492,32.0
29.0,23.0,2.0,5.0,0.0,94.34,1.0,70.5,259.0,88.55,1999.0,60.043716,60.0
9.0,63.0,4.0,4.0,0.0,40.75,1.0,67.3,498.0,32.85,1568.0,55.522938,54.0
26.0,30.0,6.0,2.0,0.0,57.1,1.0,42.4,243.0,58.04,85.0,45.519867,50.0
20.0,85.0,3.0,4.0,0.0,130.62,1.0,62.5,451.0,130.35,920.0,49.623726,54.0
8.0,77.0,3.0,5.0,0.0,65.69,1.0,76.1,318.0,68.08,1346.0,60.694973,66.0
27.0,40.0,3.0,5.0,0.0,137.83,1.0,83.7,93.0,169.3,1705.0,68.12772,78.0
8.0,43.0,4.0,4.0,0.0,8.74,0.0,64.6,451.0,9.13,954.0,38.357025,35.0
17.0,54.0,4.0,8.0,0.0,32.98,0.0,95.7,215.0,26.73,149.0,28.936136,24.0
14.0,35.0,5.0,4.0,0.0,140.19,1.0,72.2,96.0,175.56,652.0,66.392426,79.0
21.0,52.0,6.0,1.0,0.0,61.39,1.0,40.2,455.0,67.39,736.0,53.418335,48.0
8.0,51.0,1.0,4.0,0.0,116.07,0.0,78.4,174.0,101.69,981.0,30.503073,26.0
12.0,26.0,1.0,10.0,0.0,92.29,1.0,75.3,422.0,108.4,1133.0,69.5401,72.0
19.0,90.0,3.0,3.0,0.0,8.41,1.0,62.4,249.0,10.76,81.0,52.548927,65.0
10.0,18.0,4.0,2.0,0.0,68.11,0.0,47.8,456.0,58.9,1111.0,34.16385,33.0
16.0,82.0,1.0,7.0,1.0,54.17,1.0,88.7,35.0,60.45,1581.0,77.65903,81.0
15.0,25.0,4.0,5.0,0.0,127.11,1.0,65.1,132.0,112.73,809.0,47.185253,40.0
17.0,31.0,3.0,12.0,0.0,142.35,0.0,43.3,159.0,152.77,483.0,35.924488,41.0
20.0,69.0,5.0,6.0,0.0,106.7,1.0,106.6,481.0,121.95,1780.0,60.757378,63.0
5.0,69.0,3.0,7.0,1.0,88.87,0.0,91.8,118.0,87.09,527.0,62.15536,54.0
15.0,23.0,1.0,1.0,0.0,122.08,1.0,46.2,136.0,128.52,1828.0,59.366047,65.0
25.0,36.0,3.0,2.0,0.0,116.16,1.0,49.9,334.0,103.77,1335.0,39.310287,45.0
5.0,2.0,4.0,1.0,0.0,64.6,1.0,44.3,450.0,66.09,1335.0,54.257576,50.0
2.0,94.0,6.0,3.0,0.0,60.63,1.0,48.1,371.0,75.78,1182.0,62.120106,62.0
15.0,91.0,0.0,5.0,0.0,108.73,0.0,78.3,459.0,114.26,792.0,38.71399,34.0
2.0,40.0,5.0,4.0,0.0,135.84,1.0,73.2,395.0,116.66,471.0,47.073933,52.0
4.0,75.0,3.0,1.0,0.0,72.75,1.0,59.1,52.0,67.37,59.0,52.484406,53.0
3.0,87.0,5.0,2.0,0.0,41.18,1.0,50.1,343.0,33.61,1428.0,60.80795,61.0
18.0,83.0,2.0,8.0,0.0,11.64,1.0,93.4,195.0,9.83,920.0,54.194035,54.0
4.0,57.0,0.0,6.0,0.0,60.78,0.0,89.9,433.0,68.62,1379.0,39.205322,43.0
23.0,39.0,5.0,5.0,0.0,126.5,0.0,77.1,48.0,149.35,985.0,45.176,52.0
3.0,85.0,1.0,12.0,1.0,7.92,1.0,33.7,56.0,7.89,95.0,79.8074,71.0
9.0,87.0,4.0,8.0,0.0,21.27,1.0,79.5,362.0,17.21,1249.0,54.230103,43.0
7.0,20.0,5.0,10.0,0.0,23.39,1.0,67.0,465.0,26.78,1356.0,56.469162,62.0
11.0,33.0,0.0,9.0,0.0,123.92,0.0,75.9,332.0,124.28,1311.0,32.73456,28.0
20.0,6.0,4.0,5.0,0.0,101.68,1.0,102.0,465.0,105.29,462.0,49.009438,48.0
10.0,24.0,5.0,2.0,0.0,15.71,0.0,53.1,388.0,16.93,59.0,32.996807,32.0
25.0,87.0,3.0,12.0,0.0,140.15,1.0,38.5,131.0,175.99,543.0,67.93242,58.0
16.0,26.0,5.0,12.0,1.0,6.85,1.0,37.4,346.0,8.17,569.0,76.518654,68.0
16.0,15.0,6.0,7.0,0.0,87.9,0.0,95.3,261.0,94.78,1299.0,30.47813,25.0
17.0,89.0,6.0,4.0,0.0,53.29,1.0,69.6,370.0,64.78,884.0,59.685207,55.0
12.0,18.0,3.0,5.0,0.0,21.35,0.0,89.0,338.0,17.83,991.0,36.17507,36.0
23.0,79.0,3.0,5.0,0.0,144.89,0.0,83.9,336.0,122.32,702.0,26.117046,20.0
30.0,85.0,5.0,5.0,0.0,94.82,1.0,82.7,88.0,118.89,318.0,61.070698,45.0
1.0,85.0,2.0,2.0,0.0,20.72,1.0,39.6,348.0,20.79,719.0,41.0968,52.0
11.0,3.0,1.0,4.0,0.0,72.43,1.0,71.3,449.0,80.1,398.0,57.986023,57.0
29.0,13.0,1.0,5.0,0.0,75.66,1.0,79.4,113.0,63.2,875.0,52.650574,53.0
30.0,14.0,0.0,4.0,0.0,58.96,1.0,69.0,333.0,55.9,107.0,46.162193,37.0
2.0,7.0,3.0,8.0,0.0,105.79,0.0,93.8,24.0,124.92,1742.0,47.291927,48.0
13.0,92.0,4.0,7.0,0.0,6.8,0.0,94.1,205.0,6.33,1604.0,34.597843,34.0
27.0,31.0,6.0,2.0,0.0,22.04,0.0,54.1,457.0,22.02,1821.0,40.978832,43.0
28.0,91.0,1.0,8.0,0.0,43.85,0.0,73.7,202.0,35.24,1129.0,28.583536,28.0
9.0,65.0,3.0,5.0,0.0,141.1,0.0,94.1,408.0,140.77,424.0,31.18707,30.0
17.0,7.0,4.0,6.0,0.0,23.84,0.0,92.9,443.0,24.37,1471.0,36.429504,37.0
11.0,1.0,3.0,4.0,0.0,111.48,0.0,62.9,106.0,132.74,1231.0,43.33828,41.0
15.0,48.0,2.0,6.0,0.0,26.17,0.0,89.7,402.0,25.93,1921.0,40.842247,41.0
28.0,5.0,0.0,7.0,0.0,136.78,0.0,98.4,186.0,146.06,1845.0,38.557236,37.0
18.0,74.0,3.0,7.0,0.0,90.18,0.0,99.4,393.0,91.32,1316.0,34.39812,42.0
10.0,26.0,1.0,4.0,0.0,98.35,0.0,81.1,121.0,93.75,428.0,38.79457,40.0
24.0,63.0,3.0,12.0,0.0,125.67,0.0,46.3,451.0,137.23,1279.0,43.084175,34.0
10.0,96.0,6.0,4.0,0.0,113.86,0.0,66.7,179.0,144.68,614.0,47.518078,54.0
10.0,2.0,0.0,10.0,0.0,99.94,0.0,85.0,255.0,87.75,888.0,29.348227,27.0
28.0,60.0,0.0,10.0,0.0,33.14,1.0,56.7,63.0,41.78,713.0,56.448368,59.0
23.0,23.0,3.0,4.0,0.0,58.76,0.0,69.5,309.0,74.75,1077.0,45.144398,47.0
14.0,19.0,5.0,7.0,0.0,140.64,0.0,94.9,389.0,124.58,1667.0,26.253794,25.0
2.0,74.0,3.0,6.0,0.0,15.93,1.0,100.0,286.0,20.07,1935.0,56.152107,59.0
26.0,49.0,6.0,6.0,0.0,36.03,0.0,80.7,336.0,38.14,127.0,27.957159,25.0
24.0,53.0,3.0,9.0,0.0,73.79,1.0,70.3,99.0,70.88,1171.0,56.30666,54.0
20.0,44.0,1.0,3.0,0.0,58.87,1.0,58.3,180.0,76.23,392.0,49.954475,54.0
10.0,70.0,0.0,7.0,0.0,110.77,0.0,105.0,48.0,117.02,1812.0,38.697887,32.0
28.0,84.0,2.0,11.0,0.0,126.18,1.0,66.0,395.0,153.4,219.0,57.59497,61.0
8.0,24.0,6.0,3.0,0.0,132.34,0.0,60.0,65.0,112.93,1494.0,30.728916,24.0
4.0,52.0,6.0,5.0,0.0,34.4,0.0,88.0,199.0,39.54,237.0,33.846077,33.0
20.0,11.0,4.0,4.0,0.0,24.42,1.0,69.1,243.0,26.19,422.0,45.208054,48.0
4.0,27.0,1.0,6.0,0.0,140.22,1.0,93.1,478.0,134.51,691.0,51.530693,50.0
3.0,74.0,4.0,6.0,0.0,29.14,0.0,98.4,74.0,33.55,890.0,38.586655,39.0
13.0,85.0,5.0,10.0,0.0,117.63,0.0,64.0,499.0,150.47,256.0,49.459663,42.0
5.0,1.0,5.0,2.0,0.0,53.96,1.0,58.8,169.0,62.48,859.0,59.15193,70.0
11.0,14.0,2.0,3.0,0.0,116.48,1.0,62.3,13.0,108.91,728.0,53.40618,56.0
11.0,2.0,5.0,2.0,0.0,10.34,0.0,57.3,259.0,9.4,757.0,29.908531,26.0
29.0,61.0,2.0,8.0,0.0,147.11,0.0,89.5,245.0,129.75,630.0,30.844738,32.0
12.0,20.0,5.0,8.0,0.0,128.26,1.0,103.2,317.0,117.06,833.0,51.691208,49.0
5.0,13.0,6.0,10.0,0.0,119.0,1.0,60.8,277.0,122.43,660.0,47.454514,56.0
11.0,22.0,4.0,11.0,0.0,49.22,1.0,63.9,258.0,51.05,704.0,53.50862,39.0
17.0,98.0,3.0,3.0,0.0,28.07,1.0,48.1,470.0,25.59,1875.0,60.8313,60.0
8.0,50.0,2.0,4.0,0.0,92.59,1.0,79.1,191.0,92.37,1859.0,60.24665,58.0
21.0,20.0,0.0,3.0,0.0,80.46,1.0,63.2,236.0,73.57,1168.0,49.89712,57.0
3.0,35.0,2.0,1.0,0.0,81.43,1.0,48.6,268.0,66.5,1956.0,58.413624,65.0
4.0,94.0,2.0,4.0,0.0,145.58,0.0,77.8,209.0,175.64,1747.0,56.404472,58.0
27.0,7.0,4.0,10.0,0.0,128.42,0.0,60.7,442.0,123.28,750.0,31.860964,30.0
21.0,67.0,4.0,7.0,1.0,22.45,1.0,89.1,426.0,26.21,1388.0,73.04163,68.0
30.0,64.0,1.0,11.0,0.0,145.99,1.0,61.5,57.0,181.47,751.0,67.97355,70.0
4.0,61.0,3.0,2.0,0.0,88.59,1.0,49.3,155.0,72.63,813.0,49.695145,44.0
10.0,67.0,4.0,10.0,0.0,113.35,1.0,74.6,400.0,102.42,1703.0,54.422253,47.0
15.0,92.0,4.0,10.0,0.0,15.82,1.0,64.0,473.0,13.89,1674.0,54.44904,56.0
10.0,62.0,2.0,1.0,0.0,110.65,0.0,40.6,15.0,102.73,397.0,31.479921,30.0
10.0,98.0,3.0,10.0,0.0,72.17,0.0,61.3,346.0,69.11,1850.0,41.53503,40.0
10.0,8.0,1.0,2.0,0.0,112.82,0.0,50.0,336.0,111.24,189.0,35.24394,39.0
18.0,33.0,3.0,2.0,0.0,15.43,1.0,51.8,190.0,15.45,1170.0,59.00415,56.0
20.0,32.0,2.0,12.0,0.0,20.76,1.0,44.2,354.0,19.24,221.0,48.662422,37.0
16.0,35.0,3.0,10.0,0.0,87.93,1.0,61.4,249.0,108.88,1032.0,53.36669,55.0
30.0,87.0,0.0,12.0,0.0,71.55,0.0,43.1,289.0,59.27,1321.0,30.920101,26.0
27.0,43.0,6.0,5.0,0.0,110.42,0.0,85.5,235.0,111.11,609.0,31.332882,33.0
25.0,44.0,5.0,8.0,0.0,24.33,0.0,97.3,419.0,23.59,1953.0,30.740494,30.0
18.0,81.0,4.0,11.0,0.0,22.8,1.0,59.0,271.0,19.41,1204.0,58.15647,52.0
6.0,7.0,0.0,1.0,0.0,148.23,0.0,37.2,326.0,176.47,557.0,54.18515,59.0
20.0,36.0,6.0,11.0,0.0,48.46,1.0,40.1,232.0,49.49,1504.0,47.174976,54.0
2.0,34.0,0.0,1.0,0.0,67.67,0.0,54.1,178.0,75.73,816.0,37.96309,43.0
30.0,63.0,4.0,7.0,0.0,32.75,0.0,102.8,239.0,26.5,799.0,34.373226,38.0
12.0,88.0,1.0,11.0,0.0,110.53,0.0,57.7,194.0,88.74,188.0,25.189966,25.0
6.0,53.0,0.0,8.0,0.0,47.41,1.0,87.2,21.0,55.68,1328.0,70.14741,76.0
21.0,12.0,6.0,3.0,0.0,98.33,1.0,66.9,225.0,88.16,557.0,45.533783,40.0
29.0,35.0,2.0,4.0,0.0,123.51,0.0,70.1,142.0,126.27,968.0,41.50517,40.0
21.0,98.0,5.0,7.0,1.0,101.28,0.0,114.9,373.0,109.2,1619.0,67.60086,65.0
17.0,95.0,3.0,12.0,1.0,109.55,1.0,57.5,342.0,136.29,1249.0,89.60425,93.0
14.0,26.0,5.0,6.0,0.0,46.58,0.0,103.8,484.0,40.21,154.0,34.980095,32.0
21.0,45.0,5.0,6.0,0.0,55.86,0.0,84.9,260.0,72.47,194.0,39.907574,43.0
28.0,62.0,5.0,2.0,0.0,114.61,1.0,49.4,426.0,135.08,687.0,59.35664,68.0
19.0,22.0,0.0,5.0,0.0,116.43,1.0,87.9,458.0,135.91,134.0,59.675945,57.0
16.0,94.0,1.0,12.0,0.0,102.55,0.0,55.3,19.0,103.69,1772.0,33.522358,31.0
21.0,42.0,2.0,6.0,0.0,119.75,0.0,87.0,439.0,119.95,756.0,33.658257,29.0
28.0,12.0,4.0,11.0,0.0,32.96,1.0,67.7,342.0,34.32,306.0,52.24325,54.0
25.0,18.0,3.0,12.0,1.0,113.19,0.0,49.9,479.0,104.76,931.0,56.469776,56.0
23.0,50.0,4.0,12.0,0.0,103.72,0.0,42.9,456.0,104.76,669.0,39.013927,37.0
13.0,62.0,6.0,1.0,0.0,108.78,1.0,53.9,478.0,92.36,683.0,48.563408,39.0
2.0,40.0,0.0,1.0,0.0,14.02,1.0,54.8,374.0,13.2,687.0,55.76448,61.0
6.0,11.0,5.0,2.0,0.0,19.56,1.0,43.1,129.0,23.84,1234.0,61.783672,64.0
5.0,32.0,0.0,1.0,0.0,70.33,0.0,59.2,264.0,87.44,107.0,39.59914,38.0
9.0,11.0,3.0,11.0,1.0,78.73,1.0,51.8,25.0,78.41,221.0,82.73639,72.0
14.0,91.0,0.0,5.0,0.0,31.52,1.0,89.0,489.0,29.39,1249.0,54.395977,50.0
1.0,87.0,2.0,5.0,0.0,62.11,1.0,73.4,498.0,79.64,1943.0,52.199024,65.0
3.0,19.0,4.0,10.0,0.0,110.86,1.0,76.8,225.0,104.92,1038.0,53.78061,40.0
17.0,72.0,0.0,4.0,0.0,31.65,1.0,81.0,54.0,36.3,1016.0,57.403946,61.0
24.0,35.0,6.0,7.0,0.0,8.7,1.0,92.9,85.0,10.8,52.0,49.40233,43.0
4.0,62.0,0.0,10.0,0.0,47.44,0.0,84.0,165.0,40.76,519.0,28.787775,30.0
17.0,35.0,1.0,11.0,1.0,87.02,0.0,67.7,358.0,100.14,703.0,66.979126,63.0
3.0,21.0,6.0,4.0,0.0,100.31,1.0,71.3,209.0,125.44,699.0,72.52269,64.0
4.0,34.0,1.0,7.0,0.0,61.17,0.0,90.5,69.0,69.87,1552.0,38.08726,36.0
19.0,9.0,6.0,9.0,0.0,93.34,1.0,75.9,178.0,91.63,1611.0,56.261215,58.0
29.0,31.0,4.0,7.0,1.0,82.77,0.0,91.3,375.0,83.82,1042.0,65.16003,77.0
7.0,49.0,5.0,8.0,0.0,44.46,1.0,101.7,353.0,47.75,565.0,62.942287,74.0
16.0,66.0,5.0,1.0,0.0,15.58,1.0,48.7,146.0,17.46,893.0,44.13804,50.0
3.0,57.0,3.0,11.0,1.0,54.21,1.0,52.9,139.0,58.44,565.0,81.8018,72.0
15.0,83.0,5.0,8.0,0.0,67.69,1.0,95.7,284.0,71.81,1247.0,54.61856,44.0
10.0,65.0,6.0,2.0,0.0,144.51,0.0,41.5,154.0,179.65,1375.0,52.769875,54.0
5.0,49.0,2.0,2.0,0.0,14.9,0.0,51.7,232.0,17.73,816.0,39.036488,46.0
12.0,4.0,3.0,8.0,0.0,126.15,0.0,97.4,100.0,160.7,1893.0,54.69283,58.0
6.0,35.0,0.0,5.0,0.0,76.01,1.0,89.1,170.0,68.59,563.0,60.99997,58.0
8.0,10.0,1.0,9.0,0.0,24.58,0.0,86.9,21.0,21.77,1024.0,40.51045,37.0
27.0,52.0,4.0,11.0,1.0,60.43,0.0,68.2,212.0,67.74,352.0,60.23511,67.0
8.0,81.0,0.0,6.0,0.0,124.35,1.0,96.0,132.0,159.07,1568.0,73.74322,82.0
3.0,79.0,0.0,5.0,0.0,123.56,0.0,73.6,347.0,117.46,1037.0,36.455006,33.0
28.0,51.0,4.0,4.0,0.0,132.46,0.0,74.9,47.0,129.54,754.0,28.672348,25.0
26.0,2.0,2.0,2.0,0.0,87.31,1.0,50.6,256.0,108.04,1729.0,58.87548,54.0
25.0,17.0,6.0,4.0,0.0,124.21,1.0,53.8,89.0,126.0,955.0,50.41844,44.0
28.0,8.0,6.0,4.0,0.0,118.43,1.0,46.8,191.0,139.24,1806.0,62.90528,60.0
6.0,58.0,4.0,8.0,0.0,12.03,0.0,90.9,498.0,11.41,1966.0,52.49506,62.0
2.0,11.0,0.0,2.0,0.0,97.1,1.0,56.2,371.0,114.23,1917.0,64.8842,61.0
21.0,46.0,5.0,9.0,0.0,86.67,1.0,95.9,326.0,94.1,1551.0,55.605907,52.0
7.0,56.0,1.0,8.0,0.0,145.29,1.0,102.6,364.0,173.19,298.0,64.92166,69.0
13.0,65.0,2.0,2.0,0.0,69.05,1.0,39.9,454.0,56.42,88.0,41.614708,58.0
17.0,42.0,1.0,5.0,0.0,43.19,0.0,82.5,66.0,51.25,711.0,35.2697,35.0
21.0,76.0,3.0,8.0,0.0,124.07,0.0,110.7,231.0,153.66,1323.0,49.152023,45.0
14.0,38.0,4.0,4.0,0.0,59.97,1.0,76.8,433.0,55.09,1852.0,57.60563,62.0
14.0,75.0,2.0,4.0,0.0,105.72,0.0,67.2,373.0,99.83,1134.0,31.454918,34.0
10.0,73.0,2.0,1.0,0.0,91.42,1.0,51.8,366.0,102.86,1790.0,65.15594,64.0
1.0,28.0,6.0,12.0,1.0,86.25,0.0,38.9,153.0,101.07,249.0,58.408043,55.0
18.0,7.0,1.0,2.0,0.0,48.35,1.0,46.0,155.0,48.17,1413.0,63.638927,59.0
9.0,37.0,4.0,5.0,0.0,66.81,1.0,88.5,292.0,66.04,1257.0,53.232117,63.0
19.0,68.0,4.0,2.0,0.0,118.24,0.0,57.3,92.0,131.24,302.0,38.82663,38.0
3.0,24.0,5.0,12.0,0.0,71.09,1.0,40.6,294.0,82.44,1207.0,61.864586,53.0
21.0,52.0,6.0,7.0,0.0,70.44,1.0,100.3,71.0,73.77,1066.0,56.274666,49.0
5.0,84.0,6.0,10.0,0.0,10.3,1.0,72.2,373.0,11.7,356.0,50.00872,59.0
18.0,1.0,6.0,4.0,0.0,89.12,0.0,66.9,469.0,81.95,1203.0,33.7096,33.0
14.0,3.0,3.0,12.0,0.0,134.62,1.0,39.9,481.0,152.04,624.0,58.73894,52.0
25.0,18.0,4.0,10.0,0.0,8.36,0.0,68.4,36.0,8.54,1833.0,32.083015,31.0
17.0,98.0,0.0,11.0,0.0,124.75,0.0,60.9,471.0,145.27,293.0,48.59481,45.0
2.0,37.0,4.0,9.0,0.0,67.35,0.0,79.0,398.0,83.82,718.0,47.104874,47.0
12.0,26.0,2.0,3.0,0.0,108.35,1.0,70.8,332.0,136.26,380.0,74.85303,80.0
21.0,41.0,0.0,4.0,0.0,19.68,0.0,68.3,218.0,22.2,1962.0,36.99467,41.0
2.0,12.0,3.0,2.0,0.0,143.34,0.0,57.5,352.0,166.82,1356.0,49.176834,47.0
22.0,53.0,3.0,5.0,0.0,57.52,0.0,86.4,331.0,60.91,456.0,44.68442,48.0
3.0,12.0,3.0,4.0,0.0,82.41,1.0,73.5,119.0,96.54,1162.0,63.940235,69.0
16.0,19.0,3.0,1.0,0.0,99.53,1.0,57.2,265.0,86.04,202.0,32.870773,28.0
30.0,12.0,2.0,3.0,0.0,12.79,1.0,56.7,102.0,11.2,602.0,52.43175,41.0
21.0,52.0,5.0,10.0,0.0,53.93,1.0,72.3,24.0,68.47,1337.0,64.04383,68.0
16.0,73.0,4.0,8.0,0.0,134.26,0.0,105.5,34.0,147.31,560.0,32.396366,29.0
21.0,30.0,3.0,6.0,0.0,122.39,1.0,93.1,178.0,137.99,1321.0,59.508545,59.0
23.0,69.0,6.0,4.0,0.0,28.69,0.0,86.7,369.0,28.89,598.0,38.08415,41.0
20.0,6.0,5.0,11.0,0.0,39.89,0.0,55.8,398.0,43.35,1221.0,32.692665,31.0
13.0,65.0,0.0,3.0,0.0,25.74,0.0,54.8,221.0,21.26,1010.0,32.101852,31.0
9.0,56.0,5.0,1.0,0.0,106.53,1.0,41.2,15.0,87.0,655.0,42.322002,52.0
4.0,24.0,5.0,4.0,0.0,61.01,0.0,83.5,379.0,74.19,1417.0,36.773994,37.0
1.0,50.0,1.0,10.0,0.0,62.53,1.0,70.5,240.0,53.18,509.0,37.665688,38.0
22.0,22.0,4.0,2.0,0.0,111.68,1.0,56.5,88.0,116.18,1594.0,61.271576,63.0
19.0,53.0,0.0,3.0,0.0,62.18,1.0,72.7,277.0,75.85,797.0,63.49165,72.0
21.0,81.0,5.0,12.0,0.0,96.76,1.0,58.9,344.0,115.46,1711.0,66.106384,71.0
23.0,71.0,3.0,10.0,0.0,40.21,0.0,81.2,92.0,32.22,1666.0,36.156918,35.0
29.0,18.0,6.0,3.0,0.0,118.53,0.0,57.8,372.0,101.1,712.0,28.373255,31.0
24.0,89.0,5.0,7.0,0.0,29.64,0.0,98.2,34.0,38.27,1769.0,40.81775,43.0
17.0,25.0,2.0,3.0,0.0,117.61,0.0,60.4,307.0,124.44,843.0,35.60765,38.0
5.0,36.0,5.0,5.0,0.0,130.3,1.0,78.6,270.0,135.88,927.0,60.059883,51.0
26.0,4.0,5.0,2.0,0.0,140.16,1.0,40.4,323.0,126.02,60.0,38.04756,39.0
5.0,29.0,5.0,11.0,1.0,62.52,0.0,45.4,217.0,79.64,379.0,63.080246,80.0
1.0,60.0,0.0,6.0,0.0,125.64,1.0,67.9,104.0,143.77,627.0,56.571373,58.0
12.0,12.0,2.0,5.0,0.0,75.68,0.0,94.0,402.0,79.58,1158.0,41.0073,43.0
22.0,99.0,5.0,12.0,0.0,125.9,1.0,60.7,36.0,108.79,409.0,48.242054,46.0
24.0,53.0,1.0,1.0,0.0,90.79,0.0,46.6,459.0,78.13,1422.0,28.159266,34.0
18.0,44.0,5.0,9.0,0.0,126.05,0.0,69.1,175.0,101.79,563.0,24.635519,15.0
20.0,57.0,1.0,4.0,0.0,17.89,0.0,66.1,441.0,18.72,1834.0,30.698256,32.0
29.0,80.0,1.0,3.0,0.0,5.63,1.0,47.5,97.0,4.87,134.0,56.78799,72.0
3.0,78.0,4.0,4.0,0.0,6.73,0.0,66.8,341.0,6.56,655.0,40.59091,42.0
22.0,8.0,3.0,2.0,0.0,21.28,0.0,53.2,47.0,19.92,629.0,43.83265,51.0
18.0,73.0,1.0,12.0,0.0,62.36,0.0,55.8,366.0,80.91,412.0,40.421345,49.0
30.0,12.0,5.0,3.0,0.0,30.34,1.0,60.3,251.0,27.07,873.0,52.1642,61.0
25.0,70.0,0.0,4.0,0.0,112.87,1.0,71.9,386.0,122.84,1231.0,53.89809,41.0
20.0,57.0,0.0,1.0,0.0,132.63,0.0,48.3,364.0,162.47,650.0,41.790836,41.0
14.0,46.0,6.0,1.0,0.0,126.77,1.0,60.1,99.0,163.81,1038.0,68.366356,73.0
24.0,78.0,2.0,6.0,0.0,74.1,0.0,95.8,256.0,87.98,443.0,37.91611,41.0
13.0,63.0,1.0,12.0,0.0,58.57,0.0,66.8,11.0,66.6,1446.0,45.65517,48.0
7.0,56.0,5.0,4.0,0.0,45.23,0.0,58.8,297.0,53.23,290.0,39.469555,36.0
6.0,91.0,4.0,1.0,0.0,147.33,0.0,41.4,455.0,132.65,815.0,37.924637,42.0
21.0,35.0,4.0,4.0,0.0,141.12,1.0,76.8,260.0,142.36,292.0,51.528297,66.0
23.0,19.0,2.0,5.0,0.0,31.71,1.0,89.3,285.0,32.06,684.0,50.71158,58.0
16.0,63.0,2.0,4.0,0.0,36.57,1.0,74.4,77.0,37.37,213.0,41.65071,44.0
2.0,77.0,3.0,4.0,0.0,22.55,1.0,77.6,364.0,25.18,409.0,57.130962,72.0
9.0,60.0,3.0,7.0,0.0,77.48,0.0,92.8,403.0,66.25,1260.0,32.799522,28.0
22.0,96.0,0.0,5.0,0.0,110.12,1.0,77.6,300.0,120.05,394.0,61.570534,74.0
19.0,27.0,4.0,7.0,0.0,83.99,1.0,115.8,485.0,97.33,759.0,63.77106,70.0
28.0,56.0,4.0,4.0,0.0,98.65,1.0,70.9,64.0,101.57,1368.0,54.27677,39.0
22.0,71.0,6.0,2.0,0.0,28.63,0.0,42.3,230.0,28.23,199.0,41.717415,38.0
4.0,80.0,3.0,1.0,0.0,16.75,0.0,36.4,237.0,18.03,954.0,36.741226,34.0
12.0,62.0,1.0,12.0,0.0,127.22,1.0,55.5,416.0,131.84,841.0,58.48623,44.0
8.0,4.0,5.0,1.0,0.0,20.95,1.0,39.6,123.0,17.98,208.0,58.12263,55.0
16.0,34.0,2.0,2.0,0.0,97.74,0.0,55.5,487.0,86.57,1465.0,22.27272,14.0
17.0,54.0,1.0,5.0,0.0,92.34,1.0,74.7,88.0,82.28,1315.0,48.19304,51.0
1.0,1.0,2.0,5.0,0.0,81.12,0.0,89.7,109.0,83.6,1476.0,31.903149,28.0
26.0,84.0,1.0,3.0,0.0,127.56,1.0,43.9,103.0,141.52,1017.0,55.981163,52.0
19.0,26.0,5.0,10.0,0.0,141.54,0.0,71.0,248.0,140.0,1837.0,38.964813,46.0
21.0,80.0,1.0,11.0,1.0,91.98,1.0,71.3,225.0,76.65,650.0,72.95262,66.0
26.0,61.0,3.0,1.0,0.0,59.17,0.0,54.8,428.0,47.66,627.0,22.915274,25.0
26.0,86.0,4.0,2.0,0.0,115.67,1.0,43.1,344.0,120.62,1466.0,50.35742,49.0
11.0,49.0,4.0,9.0,0.0,95.3,0.0,78.2,300.0,85.45,141.0,29.27108,28.0
21.0,92.0,5.0,3.0,0.0,143.83,0.0,59.1,53.0,185.86,1421.0,51.885002,46.0
8.0,85.0,2.0,7.0,1.0,146.8,1.0,75.2,167.0,187.94,916.0,100.50812,112.0
17.0,24.0,6.0,9.0,0.0,50.72,1.0,90.4,67.0,58.37,1964.0,56.416252,56.0
18.0,32.0,3.0,4.0,0.0,143.89,1.0,74.5,118.0,147.12,90.0,49.468822,51.0
30.0,58.0,5.0,1.0,0.0,117.61,0.0,41.0,455.0,106.16,1955.0,31.109203,34.0
21.0,74.0,6.0,5.0,0.0,28.9,1.0,83.1,207.0,25.55,181.0,47.255733,55.0
25.0,22.0,3.0,11.0,1.0,112.35,0.0,56.8,168.0,133.75,1962.0,67.60044,57.0
2.0,64.0,6.0,3.0,0.0,101.01,0.0,63.5,170.0,99.07,804.0,33.69468,31.0
10.0,56.0,6.0,10.0,0.0,82.0,1.0,53.2,146.0,98.95,1208.0,64.09537,71.0
13.0,7.0,1.0,1.0,0.0,74.49,1.0,54.5,224.0,77.88,1311.0,59.433395,51.0
20.0,45.0,1.0,6.0,0.0,24.23,1.0,100.7,275.0,25.33,1129.0,53.822525,51.0
20.0,93.0,2.0,12.0,0.0,140.77,1.0,45.7,389.0,166.01,585.0,68.566185,65.0
9.0,67.0,4.0,1.0,0.0,104.52,1.0,30.6,369.0,129.76,911.0,67.69228,61.0
14.0,6.0,5.0,4.0,0.0,146.68,1.0,67.5,131.0,155.05,1032.0,58.85301,70.0
25.0,60.0,1.0,5.0,0.0,113.78,1.0,84.9,327.0,129.85,933.0,57.9908,45.0
16.0,90.0,5.0,5.0,0.0,107.22,0.0,90.9,236.0,137.53,1594.0,40.37211,40.0
28.0,87.0,6.0,11.0,0.0,18.4,1.0,52.5,229.0,22.27,368.0,52.244072,64.0
26.0,43.0,5.0,7.0,0.0,122.46,1.0,86.2,126.0,144.53,1439.0,58.68678,44.0
13.0,8.0,1.0,8.0,0.0,93.81,0.0,97.2,448.0,77.29,1656.0,29.268396,26.0
22.0,15.0,1.0,3.0,0.0,87.61,0.0,66.9,410.0,84.39,1599.0,39.271103,43.0
7.0,7.0,5.0,4.0,0.0,113.51,1.0,74.5,194.0,146.12,169.0,70.357185,70.0
24.0,54.0,4.0,3.0,0.0,140.05,0.0,62.2,431.0,132.41,938.0,30.331783,29.0
4.0,93.0,5.0,6.0,0.0,14.08,1.0,87.1,317.0,15.16,285.0,52.850853,52.0
18.0,9.0,0.0,1.0,0.0,46.28,1.0,52.9,326.0,58.76,596.0,59.68602,71.0
24.0,60.0,1.0,11.0,0.0,82.16,1.0,58.4,149.0,78.69,1650.0,52.488735,50.0
27.0,90.0,4.0,11.0,1.0,57.32,1.0,58.9,209.0,64.99,1366.0,85.159454,87.0
11.0,57.0,5.0,7.0,0.0,8.27,1.0,87.3,191.0,10.06,649.0,54.99173,55.0
23.0,71.0,3.0,11.0,0.0,118.8,1.0,50.7,495.0,130.04,690.0,60.443737,69.0
25.0,54.0,2.0,3.0,0.0,100.55,0.0,68.4,472.0,127.01,496.0,44.127274,45.0
11.0,38.0,1.0,5.0,0.0,73.59,1.0,94.2,173.0,61.73,722.0,44.27827,35.0
23.0,66.0,3.0,9.0,0.0,37.91,1.0,70.4,162.0,31.09,1979.0,57.22785,59.0
24.0,1.0,6.0,7.0,1.0,32.54,1.0,94.1,170.0,41.37,736.0,74.62679,91.0
3.0,81.0,4.0,2.0,0.0,49.93,0.0,43.4,61.0,55.71,757.0,47.29356,45.0
2.0,49.0,6.0,4.0,0.0,97.86,1.0,57.9,381.0,121.57,1561.0,65.61452,79.0
4.0,55.0,6.0,6.0,0.0,142.77,0.0,84.5,146.0,116.69,467.0,19.436491,14.0
27.0,84.0,5.0,10.0,0.0,81.47,0.0,76.2,326.0,65.9,1371.0,31.349066,27.0
24.0,22.0,0.0,4.0,0.0,129.51,1.0,88.2,456.0,140.16,452.0,58.675316,44.0
15.0,84.0,0.0,5.0,0.0,71.48,0.0,89.8,71.0,86.0,384.0,39.53927,38.0
9.0,96.0,5.0,5.0,0.0,111.4,1.0,82.0,104.0,104.07,571.0,47.806522,37.0
21.0,61.0,1.0,6.0,0.0,134.87,1.0,84.5,40.0,119.96,916.0,47.588734,54.0
12.0,25.0,1.0,4.0,0.0,75.25,1.0,65.1,308.0,94.96,833.0,69.08816,71.0
11.0,43.0,1.0,2.0,0.0,35.41,1.0,43.8,345.0,45.15,483.0,55.487022,64.0
16.0,8.0,2.0,10.0,0.0,26.27,1.0,76.1,198.0,32.23,937.0,47.23487,46.0
13.0,67.0,0.0,6.0,0.0,122.64,0.0,80.0,172.0,114.48,959.0,29.203259,27.0
18.0,67.0,5.0,12.0,1.0,125.85,0.0,62.1,96.0,106.53,1319.0,54.25827,51.0
17.0,67.0,1.0,8.0,0.0,35.39,0.0,102.4,51.0,42.43,1651.0,39.906315,43.0
28.0,68.0,2.0,3.0,0.0,52.38,0.0,72.4,428.0,42.77,631.0,24.725658,26.0
4.0,64.0,1.0,9.0,0.0,20.62,0.0,75.5,314.0,21.03,834.0,36.738274,31.0
2.0,88.0,2.0,3.0,0.0,21.87,1.0,60.6,367.0,27.22,466.0,58.238777,56.0
29.0,41.0,2.0,4.0,0.0,138.69,0.0,69.4,88.0,163.82,739.0,46.150436,47.0
8.0,12.0,1.0,1.0,0.0,53.65,0.0,42.2,221.0,59.38,1830.0,41.673283,40.0
26.0,72.0,4.0,7.0,0.0,61.85,0.0,88.1,276.0,61.14,1331.0,28.751802,28.0
11.0,52.0,3.0,10.0,0.0,14.77,0.0,65.2,498.0,15.73,1442.0,35.39839,33.0
22.0,46.0,2.0,1.0,0.0,76.65,1.0,49.0,331.0,64.7,601.0,55.305283,54.0
10.0,43.0,6.0,11.0,0.0,137.47,1.0,45.7,486.0,142.41,1064.0,58.35469,60.0
14.0,39.0,6.0,5.0,0.0,65.16,0.0,78.0,473.0,61.3,1727.0,34.58684,36.0
30.0,9.0,4.0,1.0,0.0,65.45,0.0,38.5,115.0,78.02,179.0,37.604656,37.0
8.0,74.0,5.0,2.0,0.0,71.74,1.0,44.6,429.0,92.72,1653.0,64.549995,78.0
7.0,57.0,6.0,5.0,0.0,144.65,1.0,84.1,47.0,117.29,1793.0,50.53436,37.0
11.0,71.0,6.0,1.0,0.0,40.27,0.0,46.2,431.0,45.58,76.0,35.908966,32.0
27.0,86.0,3.0,5.0,0.0,102.36,0.0,96.5,462.0,116.87,1354.0,42.14975,39.0
5.0,2.0,1.0,2.0,0.0,101.3,1.0,44.0,254.0,95.6,1931.0,54.37112,61.0
15.0,10.0,4.0,7.0,0.0,34.63,1.0,97.9,99.0,30.3,969.0,56.385273,48.0
19.0,75.0,2.0,4.0,0.0,61.39,1.0,68.1,393.0,51.85,144.0,50.91,65.0
18.0,84.0,5.0,1.0,0.0,37.62,0.0,54.9,395.0,46.42,536.0,40.56721,37.0
2.0,50.0,0.0,4.0,0.0,46.76,1.0,77.1,126.0,57.97,743.0,62.078926,72.0
3.0,65.0,2.0,4.0,0.0,111.28,0.0,67.9,497.0,115.06,1384.0,40.720314,40.0
9.0,31.0,2.0,2.0,0.0,71.36,0.0,49.0,256.0,86.51,1316.0,43.255127,40.0
14.0,97.0,6.0,4.0,0.0,52.57,0.0,59.9,319.0,62.33,1877.0,43.100334,41.0
2.0,13.0,3.0,4.0,0.0,75.79,0.0,75.5,369.0,66.59,1091.0,28.586346,32.0
8.0,59.0,4.0,5.0,0.0,34.53,0.0,82.0,34.0,27.65,1908.0,40.15441,38.0
22.0,99.0,5.0,3.0,0.0,85.98,0.0,54.9,216.0,84.93,208.0,35.345375,41.0
16.0,8.0,2.0,3.0,0.0,47.02,1.0,72.1,205.0,37.66,1880.0,43.927017,38.0
3.0,51.0,0.0,12.0,0.0,40.14,0.0,57.5,108.0,32.31,1963.0,41.874023,42.0
8.0,68.0,6.0,10.0,0.0,57.45,0.0,73.9,449.0,48.06,928.0,34.935688,35.0
4.0,71.0,5.0,2.0,0.0,120.08,0.0,60.9,148.0,141.59,1886.0,51.093937,45.0
5.0,9.0,2.0,6.0,0.0,105.81,1.0,96.9,351.0,118.61,1551.0,63.15705,59.0
29.0,24.0,2.0,6.0,0.0,128.58,1.0,95.3,322.0,120.47,1215.0,52.783306,49.0
24.0,75.0,2.0,1.0,0.0,24.25,1.0,49.4,349.0,21.42,418.0,49.152588,60.0
2.0,18.0,6.0,8.0,0.0,98.83,0.0,85.9,446.0,124.91,1535.0,52.937054,56.0
18.0,63.0,5.0,10.0,0.0,46.7,1.0,76.3,212.0,43.3,1137.0,59.782288,71.0
2.0,24.0,4.0,2.0,0.0,49.62,1.0,55.1,255.0,52.23,1078.0,52.1861,54.0
26.0,95.0,5.0,5.0,0.0,45.79,0.0,90.5,372.0,47.98,1603.0,29.627247,23.0
28.0,72.0,2.0,3.0,0.0,108.56,0.0,52.3,218.0,112.88,1968.0,39.537243,34.0
24.0,37.0,2.0,9.0,0.0,91.98,1.0,69.1,256.0,87.57,912.0,53.70147,60.0
16.0,34.0,4.0,2.0,0.0,37.29,1.0,36.4,56.0,45.65,1887.0,50.399155,45.0
11.0,79.0,4.0,3.0,0.0,27.95,1.0,50.9,337.0,23.1,420.0,45.41527,33.0
6.0,40.0,6.0,7.0,1.0,121.76,0.0,94.8,473.0,145.29,788.0,69.97885,79.0
19.0,24.0,0.0,1.0,0.0,73.36,0.0,40.5,151.0,82.07,1384.0,38.157513,37.0
7.0,73.0,6.0,9.0,0.0,98.48,1.0,89.5,280.0,120.09,1372.0,68.041,74.0
25.0,23.0,1.0,10.0,0.0,36.07,0.0,73.7,218.0,45.93,255.0,30.775717,38.0
16.0,21.0,5.0,2.0,0.0,89.07,1.0,45.5,433.0,78.76,792.0,39.592785,31.0
16.0,89.0,2.0,2.0,0.0,11.29,0.0,36.2,425.0,11.46,718.0,25.070488,25.0
15.0,44.0,1.0,1.0,0.0,25.22,1.0,52.7,263.0,22.96,843.0,53.086075,41.0
28.0,14.0,5.0,1.0,0.0,104.6,0.0,56.7,163.0,105.91,871.0,31.953465,31.0
5.0,10.0,5.0,3.0,0.0,25.94,0.0,58.2,373.0,30.5,59.0,36.75014,38.0
14.0,66.0,6.0,11.0,0.0,18.6,0.0,59.1,371.0,17.01,463.0,32.61506,36.0
16.0,73.0,0.0,1.0,0.0,79.19,1.0,52.5,209.0,75.28,793.0,44.32871,38.0
26.0,14.0,3.0,1.0,0.0,59.25,0.0,60.3,250.0,62.03,723.0,25.28576,25.0
8.0,20.0,4.0,12.0,0.0,7.27,0.0,50.0,19.0,9.21,324.0,37.308052,40.0
4.0,21.0,4.0,9.0,0.0,39.56,0.0,84.5,47.0,47.22,1580.0,35.358505,33.0
11.0,57.0,0.0,5.0,0.0,125.85,0.0,98.5,179.0,109.99,648.0,22.410456,25.0
5.0,10.0,6.0,8.0,0.0,79.82,0.0,87.4,242.0,64.33,330.0,29.108007,26.0
7.0,5.0,5.0,1.0,0.0,139.36,1.0,51.3,435.0,121.81,935.0,50.082844,41.0
27.0,24.0,2.0,3.0,0.0,91.1,1.0,56.6,441.0,110.84,1034.0,58.512104,64.0
5.0,43.0,6.0,12.0,0.0,109.15,0.0,49.0,73.0,93.64,112.0,24.18494,25.0
20.0,64.0,1.0,1.0,0.0,90.93,1.0,43.9,280.0,86.06,1256.0,50.11485,44.0
23.0,83.0,5.0,4.0,0.0,129.55,1.0,68.2,343.0,114.55,1508.0,50.771656,42.0
10.0,21.0,5.0,5.0,0.0,64.32,1.0,82.3,267.0,57.52,1009.0,52.636295,47.0
23.0,61.0,5.0,9.0,0.0,8.73,1.0,80.6,482.0,7.32,956.0,64.15439,56.0
13.0,46.0,1.0,4.0,0.0,68.89,0.0,76.5,428.0,69.86,1772.0,34.492706,35.0
11.0,65.0,2.0,5.0,0.0,108.94,1.0,84.7,49.0,94.59,277.0,42.089836,45.0
1.0,86.0,2.0,5.0,0.0,102.27,1.0,94.7,318.0,117.92,560.0,55.48403,50.0
2.0,62.0,3.0,3.0,0.0,139.8,1.0,58.3,39.0,170.99,1616.0,69.45656,69.0
8.0,65.0,6.0,12.0,0.0,45.81,1.0,57.4,330.0,39.92,241.0,55.73931,56.0
16.0,49.0,6.0,7.0,0.0,6.3,0.0,110.3,11.0,6.59,1449.0,34.141685,32.0
12.0,57.0,5.0,2.0,0.0,65.4,0.0,42.9,100.0,70.28,886.0,40.07208,41.0
15.0,40.0,3.0,10.0,0.0,148.66,0.0,66.0,245.0,178.95,1005.0,51.01479,51.0
16.0,42.0,0.0,2.0,0.0,91.46,1.0,47.1,76.0,84.74,1313.0,43.266685,31.0
7.0,73.0,4.0,3.0,0.0,29.75,1.0,56.9,357.0,33.94,441.0,56.258934,64.0
15.0,33.0,5.0,3.0,0.0,7.99,1.0,64.2,61.0,9.39,1507.0,57.785316,61.0
5.0,26.0,4.0,6.0,0.0,7.85,0.0,93.0,331.0,8.97,1488.0,43.07828,42.0
4.0,52.0,5.0,7.0,0.0,52.41,1.0,93.5,327.0,66.54,1097.0,59.496452,64.0
4.0,87.0,0.0,11.0,0.0,5.82,1.0,55.3,69.0,7.39,1519.0,62.407043,65.0
2.0,31.0,0.0,1.0,0.0,60.3,1.0,44.1,240.0,75.76,327.0,65.793625,71.0
27.0,3.0,5.0,2.0,0.0,144.66,1.0,65.0,127.0,140.32,1421.0,53.31321,54.0
16.0,80.0,5.0,10.0,0.0,88.24,0.0,60.5,315.0,80.21,1119.0,25.338282,20.0
23.0,33.0,6.0,2.0,0.0,133.25,1.0,56.9,64.0,171.63,415.0,72.9255,76.0
22.0,69.0,5.0,11.0,0.0,33.5,0.0,52.4,311.0,40.25,91.0,44.235317,51.0
28.0,56.0,3.0,4.0,0.0,106.64,1.0,74.8,191.0,114.18,943.0,56.897606,47.0
7.0,21.0,2.0,8.0,0.0,82.65,0.0,84.3,155.0,104.28,772.0,48.33668,47.0
1.0,37.0,6.0,2.0,0.0,9.38,0.0,42.6,227.0,11.11,1496.0,31.87394,35.0
11.0,68.0,1.0,11.0,1.0,79.17,1.0,65.1,37.0,89.4,958.0,83.92888,99.0
21.0,53.0,3.0,6.0,0.0,106.99,0.0,84.8,222.0,136.68,1601.0,47.370773,52.0
30.0,53.0,6.0,7.0,1.0,12.89,0.0,97.4,58.0,15.77,841.0,58.75333,70.0
12.0,5.0,2.0,1.0,0.0,99.33,1.0,56.9,164.0,84.37,860.0,45.458073,42.0
24.0,19.0,0.0,7.0,0.0,8.11,1.0,95.3,242.0,8.56,1489.0,50.54995,57.0
23.0,2.0,3.0,4.0,0.0,95.64,1.0,63.8,94.0,87.31,694.0,52.367104,55.0
27.0,50.0,4.0,3.0,0.0,29.97,1.0,70.7,420.0,25.55,865.0,51.850952,62.0
4.0,4.0,6.0,3.0,0.0,125.98,1.0,78.1,193.0,151.4,1920.0,65.78008,70.0
3.0,11.0,1.0,9.0,0.0,63.74,0.0,70.9,345.0,60.96,1756.0,38.034256,41.0
17.0,45.0,5.0,7.0,1.0,7.55,1.0,97.5,396.0,9.67,1113.0,77.87857,94.0
3.0,85.0,1.0,8.0,0.0,110.75,1.0,83.1,33.0,136.9,214.0,69.91118,77.0
8.0,59.0,2.0,8.0,0.0,100.2,1.0,94.5,164.0,129.57,1965.0,75.15017,82.0
22.0,50.0,0.0,10.0,0.0,84.65,1.0,71.9,296.0,97.99,1133.0,66.498375,54.0
29.0,32.0,1.0,8.0,0.0,62.17,0.0,86.8,337.0,53.19,1233.0,39.271896,39.0
22.0,89.0,0.0,1.0,0.0,109.85,0.0,41.8,370.0,106.48,411.0,35.036274,40.0
2.0,91.0,5.0,4.0,0.0,7.09,1.0,63.3,174.0,5.78,1338.0,58.971657,56.0
16.0,17.0,6.0,4.0,0.0,54.65,0.0,63.5,37.0,58.31,286.0,20.585651,25.0
24.0,52.0,1.0,4.0,0.0,106.41,1.0,70.9,340.0,131.36,465.0,67.96601,58.0
21.0,98.0,4.0,6.0,0.0,114.67,1.0,85.9,114.0,92.3,475.0,43.5774,45.0
7.0,52.0,6.0,3.0,0.0,97.77,0.0,46.2,487.0,82.24,1467.0,32.517906,34.0
28.0,2.0,2.0,1.0,0.0,81.28,1.0,56.7,241.0,66.39,238.0,43.54518,40.0
14.0,19.0,0.0,9.0,0.0,97.25,1.0,71.0,419.0,95.49,427.0,47.446945,36.0
21.0,24.0,2.0,4.0,0.0,124.63,0.0,58.6,435.0,126.01,1007.0,31.355064,28.0
19.0,16.0,0.0,1.0,0.0,118.11,1.0,46.8,136.0,131.08,1705.0,66.04573,61.0
26.0,77.0,4.0,3.0,0.0,60.05,1.0,65.3,215.0,66.83,1863.0,55.133522,52.0
4.0,85.0,5.0,4.0,0.0,20.81,1.0,64.0,493.0,24.34,169.0,52.16568,46.0
4.0,71.0,5.0,2.0,0.0,119.2,0.0,48.4,318.0,116.82,1604.0,35.903206,32.0
25.0,76.0,6.0,9.0,0.0,95.39,1.0,85.7,449.0,78.42,627.0,41.60075,38.0
21.0,10.0,4.0,6.0,0.0,29.13,0.0,92.0,242.0,25.27,496.0,32.372887,32.0
5.0,52.0,4.0,1.0,0.0,40.83,0.0,49.1,395.0,51.43,1579.0,39.582115,42.0
1.0,58.0,0.0,4.0,0.0,72.38,0.0,60.7,133.0,85.29,751.0,37.877888,39.0
13.0,65.0,5.0,5.0,0.0,127.8,1.0,66.5,275.0,142.37,896.0,59.975075,57.0
2.0,83.0,4.0,9.0,0.0,95.98,0.0,91.4,226.0,115.21,165.0,40.847477,43.0
17.0,53.0,1.0,3.0,0.0,143.27,0.0,49.3,160.0,156.96,113.0,37.54136,41.0
6.0,80.0,6.0,11.0,1.0,141.86,1.0,58.0,135.0,118.54,1185.0,72.142166,66.0
17.0,31.0,5.0,12.0,0.0,89.58,1.0,60.0,212.0,82.75,1923.0,52.895638,50.0
24.0,9.0,3.0,7.0,0.0,34.42,1.0,93.2,155.0,37.93,638.0,54.956028,57.0
7.0,83.0,4.0,11.0,0.0,95.98,1.0,58.0,345.0,109.08,1127.0,63.9011,56.0
29.0,44.0,2.0,6.0,0.0,76.51,0.0,85.0,284.0,64.39,1603.0,36.736828,33.0
25.0,37.0,0.0,4.0,0.0,44.77,1.0,76.0,28.0,57.82,1112.0,53.17155,53.0
25.0,69.0,2.0,3.0,0.0,58.39,0.0,64.6,430.0,50.01,662.0,26.787546,25.0
7.0,23.0,0.0,4.0,0.0,38.88,0.0,71.9,279.0,34.04,176.0,34.673447,39.0
10.0,49.0,1.0,2.0,0.0,8.7,1.0,47.0,127.0,7.89,1035.0,61.072,58.0
27.0,90.0,3.0,8.0,0.0,66.53,0.0,82.8,326.0,66.11,792.0,36.15025,34.0
6.0,55.0,2.0,10.0,0.0,125.31,1.0,69.0,140.0,147.24,901.0,67.695404,68.0
4.0,68.0,4.0,8.0,0.0,17.76,1.0,90.8,359.0,21.12,381.0,47.96312,49.0
6.0,59.0,4.0,5.0,0.0,73.03,0.0,77.5,279.0,92.22,164.0,48.29893,52.0
4.0,51.0,6.0,4.0,0.0,114.04,0.0,65.1,379.0,106.21,1808.0,35.775723,30.0
4.0,68.0,3.0,5.0,0.0,21.1,0.0,78.9,403.0,21.0,88.0,30.500101,29.0
13.0,75.0,6.0,8.0,0.0,71.38,0.0,107.9,94.0,59.87,523.0,29.560984,29.0
10.0,48.0,2.0,12.0,0.0,45.71,1.0,49.6,112.0,37.6,85.0,56.98394,48.0
4.0,52.0,4.0,2.0,0.0,142.66,1.0,62.7,437.0,140.72,432.0,53.606968,40.0
26.0,91.0,2.0,12.0,0.0,28.49,1.0,35.3,452.0,34.28,583.0,47.871414,43.0
20.0,41.0,1.0,2.0,0.0,25.4,1.0,50.6,359.0,27.3,376.0,45.68448,38.0
10.0,86.0,5.0,5.0,0.0,29.6,1.0,82.9,302.0,34.57,378.0,55.538033,53.0
28.0,79.0,2.0,11.0,1.0,83.37,1.0,55.5,448.0,82.44,1230.0,82.93621,81.0
10.0,66.0,4.0,5.0,0.0,86.78,1.0,82.5,499.0,103.2,219.0,60.306328,77.0
26.0,70.0,4.0,6.0,0.0,88.19,0.0,85.9,73.0,87.6,470.0,23.31479,21.0
27.0,8.0,3.0,2.0,0.0,27.79,1.0,59.9,427.0,33.18,1579.0,62.951427,73.0
28.0,63.0,0.0,4.0,0.0,95.19,1.0,52.0,161.0,93.74,1250.0,56.02187,58.0
14.0,69.0,5.0,10.0,0.0,29.4,1.0,68.6,106.0,24.32,885.0,55.718906,57.0
24.0,47.0,5.0,9.0,0.0,50.97,1.0,84.4,487.0,60.98,950.0,62.396324,61.0
28.0,46.0,5.0,3.0,0.0,71.02,0.0,61.3,181.0,70.75,1416.0,33.373894,32.0
1.0,15.0,6.0,5.0,0.0,107.73,1.0,85.2,116.0,98.05,1577.0,47.31119,46.0
15.0,51.0,0.0,1.0,0.0,126.58,0.0,36.3,64.0,144.32,919.0,42.461582,41.0
20.0,45.0,2.0,4.0,0.0,28.19,1.0,85.4,272.0,26.47,746.0,49.83671,43.0
4.0,70.0,6.0,3.0,0.0,105.97,0.0,49.9,437.0,99.4,1104.0,28.931776,21.0
22.0,89.0,0.0,1.0,0.0,110.91,1.0,40.7,260.0,89.01,173.0,47.25956,53.0
21.0,2.0,3.0,10.0,0.0,63.11,1.0,78.9,205.0,73.17,1062.0,55.09747,49.0
7.0,74.0,0.0,11.0,0.0,65.3,0.0,53.2,256.0,53.03,1186.0,32.26157,32.0
22.0,14.0,5.0,10.0,0.0,92.24,1.0,68.3,83.0,108.97,740.0,66.3956,69.0
5.0,16.0,4.0,10.0,0.0,124.52,1.0,69.1,460.0,148.89,1751.0,66.94798,74.0
11.0,90.0,0.0,10.0,0.0,36.65,1.0,67.6,204.0,34.45,1402.0,53.856388,67.0
3.0,4.0,6.0,4.0,0.0,64.12,1.0,59.4,200.0,68.62,1539.0,70.65639,63.0
24.0,57.0,5.0,1.0,0.0,45.53,1.0,37.0,151.0,51.17,861.0,56.78807,54.0
12.0,43.0,3.0,11.0,0.0,120.16,0.0,58.9,289.0,122.71,1543.0,40.17788,39.0
5.0,50.0,6.0,5.0,0.0,22.32,1.0,92.8,184.0,18.0,1953.0,59.460865,50.0
20.0,75.0,2.0,1.0,0.0,115.98,0.0,55.4,12.0,119.88,1271.0,31.204786,32.0
6.0,39.0,1.0,6.0,0.0,30.09,0.0,87.2,262.0,26.58,720.0,41.631268,46.0
16.0,21.0,3.0,11.0,0.0,136.72,0.0,66.3,143.0,150.69,1686.0,36.89997,28.0
10.0,75.0,4.0,1.0,0.0,103.85,1.0,55.9,270.0,100.15,939.0,58.193974,54.0
4.0,1.0,2.0,4.0,0.0,73.12,1.0,69.6,269.0,70.52,582.0,53.322987,44.0
30.0,48.0,5.0,5.0,0.0,71.74,0.0,77.1,426.0,89.1,202.0,45.374355,40.0
6.0,62.0,5.0,11.0,1.0,41.12,1.0,57.7,38.0,34.48,919.0,82.45908,84.0
8.0,57.0,1.0,11.0,1.0,35.06,1.0,47.9,341.0,33.77,1073.0,84.16125,96.0
27.0,69.0,2.0,2.0,0.0,85.75,1.0,42.8,154.0,97.88,1277.0,59.343,55.0
22.0,55.0,6.0,12.0,1.0,21.02,0.0,50.0,306.0,23.66,1686.0,68.086914,62.0
2.0,70.0,0.0,1.0,0.0,90.86,1.0,44.5,421.0,77.13,1558.0,53.27446,47.0
13.0,26.0,3.0,1.0,0.0,106.86,1.0,48.6,363.0,113.52,1012.0,60.488884,62.0
6.0,89.0,6.0,2.0,0.0,49.5,1.0,58.4,439.0,57.4,1154.0,68.437675,80.0
9.0,25.0,4.0,6.0,0.0,53.32,0.0,86.8,426.0,61.84,1247.0,38.755028,42.0
6.0,57.0,1.0,5.0,0.0,108.66,1.0,68.1,416.0,135.7,938.0,75.43292,83.0
19.0,46.0,6.0,2.0,0.0,85.81,1.0,32.5,338.0,107.81,1082.0,59.958317,60.0
17.0,77.0,6.0,7.0,0.0,128.1,1.0,94.1,296.0,139.16,1161.0,65.23605,68.0
5.0,68.0,5.0,11.0,0.0,18.77,0.0,58.3,36.0,16.08,1542.0,39.548225,35.0
18.0,57.0,6.0,3.0,0.0,123.24,1.0,65.0,170.0,159.37,245.0,74.08136,74.0
4.0,59.0,6.0,1.0,0.0,8.65,1.0,61.2,129.0,10.88,1050.0,57.520924,57.0
9.0,74.0,2.0,2.0,0.0,115.09,0.0,49.8,330.0,103.51,1305.0,28.388056,19.0
3.0,48.0,1.0,4.0,0.0,111.88,0.0,71.1,277.0,122.82,1813.0,47.528175,54.0
8.0,12.0,2.0,8.0,0.0,66.43,0.0,92.6,438.0,78.84,111.0,41.252834,38.0
12.0,78.0,3.0,12.0,0.0,98.59,0.0,45.8,134.0,90.93,1853.0,40.459442,41.0
18.0,12.0,3.0,12.0,1.0,17.9,1.0,58.7,108.0,18.94,558.0,79.8422,99.0
7.0,49.0,2.0,5.0,0.0,138.5,0.0,90.5,56.0,152.02,615.0,45.280846,42.0
14.0,75.0,1.0,8.0,0.0,56.79,1.0,101.8,103.0,55.86,236.0,54.663918,55.0
4.0,59.0,6.0,12.0,1.0,5.95,1.0,55.5,236.0,6.86,1234.0,86.820786,85.0
26.0,35.0,6.0,2.0,0.0,10.1,0.0,45.4,293.0,8.35,1557.0,28.775875,33.0
30.0,59.0,6.0,2.0,0.0,136.18,0.0,37.0,427.0,171.16,753.0,51.404873,49.0
21.0,18.0,3.0,3.0,0.0,19.69,1.0,43.1,298.0,16.36,1932.0,56.757133,48.0
30.0,8.0,0.0,3.0,0.0,80.07,0.0,44.5,380.0,102.92,728.0,44.457092,49.0
27.0,87.0,0.0,4.0,0.0,108.99,0.0,80.4,481.0,120.66,230.0,38.187244,41.0
12.0,12.0,6.0,10.0,0.0,36.29,0.0,76.3,295.0,40.33,1584.0,41.275417,45.0
19.0,50.0,6.0,5.0,0.0,73.81,1.0,86.3,439.0,95.21,1776.0,68.36373,68.0
28.0,52.0,1.0,4.0,0.0,124.11,1.0,91.4,90.0,137.6,272.0,55.994453,52.0
26.0,10.0,3.0,2.0,0.0,19.61,0.0,49.8,283.0,17.2,1005.0,28.3076,24.0
8.0,21.0,0.0,5.0,0.0,11.75,0.0,72.8,438.0,13.64,101.0,35.1437,37.0
11.0,24.0,2.0,12.0,0.0,50.42,0.0,46.4,93.0,44.37,339.0,26.770859,19.0
12.0,84.0,5.0,11.0,1.0,49.29,0.0,44.4,30.0,41.13,566.0,60.40197,64.0
19.0,54.0,2.0,6.0,0.0,106.6,0.0,95.4,441.0,137.66,1967.0,50.20116,55.0
17.0,55.0,3.0,2.0,0.0,128.71,0.0,55.9,453.0,131.0,1862.0,37.25499,36.0
13.0,41.0,4.0,1.0,0.0,51.32,1.0,60.9,251.0,41.98,1672.0,51.256416,62.0
4.0,20.0,5.0,3.0,0.0,137.84,1.0,64.2,192.0,155.47,1699.0,61.1739,67.0
10.0,31.0,1.0,4.0,0.0,67.59,0.0,79.4,330.0,76.02,1203.0,43.45012,52.0
7.0,33.0,4.0,2.0,0.0,43.01,1.0,43.7,378.0,36.02,1754.0,60.423153,54.0
4.0,93.0,5.0,3.0,0.0,63.39,1.0,45.9,23.0,79.44,1222.0,60.614243,77.0
27.0,60.0,3.0,7.0,0.0,23.1,0.0,100.1,142.0,25.02,615.0,34.723553,32.0
30.0,30.0,4.0,2.0,0.0,145.41,1.0,52.5,364.0,150.04,1184.0,59.26321,63.0
13.0,78.0,6.0,10.0,0.0,76.48,0.0,62.0,405.0,63.79,1260.0,29.447252,24.0
25.0,62.0,6.0,1.0,0.0,128.12,1.0,47.0,222.0,151.44,1927.0,61.893158,50.0
6.0,38.0,1.0,5.0,0.0,59.63,0.0,91.6,362.0,61.36,1974.0,47.689293,53.0
19.0,22.0,5.0,2.0,0.0,84.32,1.0,43.1,42.0,73.88,217.0,43.06575,45.0
18.0,15.0,0.0,1.0,0.0,57.97,0.0,39.8,293.0,48.57,363.0,31.837366,25.0
20.0,80.0,5.0,7.0,1.0,90.37,0.0,88.0,462.0,90.79,174.0,53.009785,48.0
19.0,52.0,1.0,2.0,0.0,129.22,0.0,61.2,261.0,121.5,332.0,28.4719,24.0
30.0,63.0,6.0,2.0,0.0,70.77,1.0,57.0,397.0,66.48,1731.0,54.366814,57.0
24.0,83.0,6.0,5.0,0.0,148.85,1.0,88.5,237.0,180.06,498.0,68.66051,60.0
17.0,5.0,1.0,9.0,0.0,110.15,0.0,87.2,26.0,130.07,341.0,42.429153,42.0
29.0,66.0,1.0,1.0,0.0,51.04,0.0,46.2,490.0,47.1,376.0,36.88766,35.0
17.0,65.0,3.0,11.0,0.0,143.01,1.0,59.6,300.0,163.0,1080.0,68.13823,66.0
16.0,31.0,2.0,8.0,0.0,21.59,0.0,94.5,283.0,26.01,1428.0,31.583775,33.0
2.0,58.0,0.0,6.0,0.0,77.45,0.0,89.4,483.0,62.07,884.0,36.531136,33.0
26.0,7.0,5.0,10.0,0.0,68.72,0.0,67.9,322.0,89.31,1708.0,38.38713,39.0
6.0,29.0,2.0,5.0,0.0,71.35,0.0,81.0,294.0,78.28,73.0,45.10284,53.0
9.0,6.0,0.0,5.0,0.0,117.11,0.0,92.5,104.0,112.06,298.0,33.149147,29.0
5.0,19.0,1.0,1.0,0.0,125.93,1.0,42.5,80.0,161.05,1584.0,67.874054,65.0
5.0,47.0,1.0,4.0,0.0,41.85,0.0,62.0,483.0,52.92,683.0,42.06383,46.0
2.0,95.0,4.0,1.0,0.0,44.7,0.0,49.7,403.0,53.97,550.0,37.891518,35.0
29.0,10.0,1.0,11.0,0.0,119.36,1.0,55.8,468.0,130.79,581.0,59.802288,60.0
29.0,74.0,6.0,9.0,0.0,33.31,1.0,68.0,35.0,33.19,1634.0,61.67049,54.0
27.0,17.0,1.0,10.0,0.0,143.68,1.0,72.9,89.0,122.28,925.0,45.914627,46.0
18.0,12.0,0.0,9.0,0.0,137.15,0.0,81.9,107.0,170.1,796.0,52.202293,53.0
13.0,83.0,3.0,10.0,0.0,84.0,1.0,73.3,376.0,85.48,953.0,52.03219,53.0
26.0,20.0,5.0,3.0,0.0,72.23,1.0,52.8,132.0,88.71,791.0,52.147156,48.0
3.0,33.0,0.0,4.0,0.0,60.63,1.0,61.9,61.0,66.84,766.0,62.037308,67.0
17.0,7.0,6.0,2.0,0.0,111.15,0.0,44.2,311.0,118.49,1106.0,36.872406,42.0
20.0,33.0,2.0,1.0,0.0,23.5,0.0,40.7,258.0,27.34,907.0,27.26373,26.0
14.0,92.0,3.0,2.0,0.0,47.58,0.0,35.7,70.0,51.94,1828.0,36.30175,36.0
12.0,15.0,0.0,4.0,0.0,134.76,1.0,67.0,341.0,165.36,1677.0,75.211334,77.0
1.0,32.0,1.0,3.0,0.0,59.81,0.0,79.6,317.0,56.88,1074.0,30.16608,34.0
25.0,58.0,1.0,2.0,0.0,109.01,1.0,47.8,486.0,109.09,1560.0,56.552773,49.0
23.0,80.0,6.0,10.0,0.0,55.5,1.0,64.7,215.0,54.63,65.0,51.884495,66.0
18.0,63.0,6.0,8.0,0.0,111.04,1.0,89.2,26.0,114.26,1647.0,65.7328,62.0
4.0,3.0,0.0,4.0,0.0,145.25,1.0,66.1,388.0,176.76,1048.0,64.88527,74.0
14.0,36.0,0.0,5.0,0.0,49.95,1.0,95.4,388.0,48.84,1840.0,58.175182,55.0
29.0,27.0,5.0,2.0,0.0,38.06,1.0,46.1,336.0,34.42,1257.0,61.53958,60.0
7.0,6.0,5.0,2.0,0.0,59.47,0.0,42.3,411.0,48.59,109.0,32.147186,31.0
25.0,90.0,2.0,5.0,0.0,117.33,0.0,75.4,478.0,149.67,1914.0,48.025063,52.0
20.0,9.0,4.0,10.0,0.0,104.82,1.0,82.2,103.0,100.7,520.0,46.179443,42.0
20.0,87.0,1.0,9.0,0.0,54.71,1.0,86.6,236.0,51.99,1964.0,51.120285,47.0
9.0,65.0,3.0,11.0,0.0,40.21,1.0,45.9,434.0,36.59,417.0,54.9623,47.0
16.0,9.0,4.0,8.0,0.0,58.77,0.0,79.8,453.0,57.75,1001.0,23.48197,24.0
3.0,45.0,3.0,2.0,0.0,83.8,0.0,65.4,173.0,82.1,262.0,35.755882,47.0
19.0,51.0,6.0,7.0,0.0,82.4,0.0,107.0,254.0,67.55,265.0,26.222271,23.0
4.0,91.0,2.0,8.0,0.0,144.15,1.0,88.9,489.0,144.0,1831.0,55.603916,62.0
21.0,9.0,1.0,12.0,1.0,122.03,0.0,62.3,330.0,153.86,1207.0,70.80199,66.0
4.0,90.0,4.0,12.0,1.0,78.85,1.0,51.4,59.0,90.13,705.0,88.76337,87.0
13.0,86.0,6.0,4.0,0.0,91.19,1.0,68.0,431.0,79.61,812.0,46.91903,37.0
13.0,54.0,4.0,11.0,0.0,53.05,0.0,63.0,334.0,61.06,1612.0,40.60326,41.0
8.0,45.0,1.0,12.0,1.0,136.05,0.0,40.2,246.0,155.47,950.0,67.39783,90.0
6.0,93.0,5.0,2.0,0.0,135.72,1.0,41.7,354.0,158.72,959.0,75.67737,78.0
19.0,87.0,3.0,11.0,1.0,22.43,1.0,47.3,102.0,24.94,1888.0,89.34262,93.0
19.0,95.0,2.0,3.0,0.0,10.7,1.0,59.0,125.0,8.97,1177.0,52.955887,50.0
4.0,2.0,2.0,10.0,0.0,90.81,0.0,73.2,105.0,117.16,123.0,42.43677,37.0
1.0,45.0,4.0,4.0,0.0,138.71,1.0,79.5,95.0,150.62,559.0,49.712505,47.0
20.0,12.0,0.0,3.0,0.0,37.41,0.0,69.3,302.0,30.49,1240.0,25.010693,22.0
4.0,86.0,4.0,12.0,0.0,16.93,1.0,45.6,382.0,13.85,1312.0,53.48336,63.0
14.0,46.0,0.0,4.0,0.0,132.47,0.0,74.2,201.0,141.18,1620.0,39.2361,39.0
4.0,15.0,4.0,3.0,0.0,50.11,1.0,51.8,371.0,57.63,192.0,51.840977,60.0
6.0,53.0,0.0,6.0,0.0,37.77,1.0,91.2,464.0,44.63,357.0,65.41227,79.0
19.0,9.0,5.0,10.0,0.0,42.17,0.0,75.8,92.0,52.98,984.0,39.935074,42.0
30.0,29.0,6.0,5.0,0.0,85.44,0.0,93.8,104.0,73.38,1253.0,31.235199,29.0
17.0,96.0,5.0,11.0,1.0,143.07,1.0,55.4,157.0,162.97,1003.0,91.766815,71.0
3.0,2.0,1.0,1.0,0.0,136.78,1.0,38.5,249.0,156.76,1795.0,66.18443,80.0
29.0,68.0,0.0,4.0,0.0,32.44,0.0,71.1,25.0,41.48,1136.0,44.9255,49.0
15.0,97.0,1.0,8.0,0.0,91.74,1.0,83.3,384.0,93.92,1262.0,61.64409,53.0
9.0,6.0,5.0,1.0,0.0,79.14,0.0,44.3,223.0,72.18,724.0,28.870811,31.0
1.0,25.0,0.0,9.0,0.0,127.44,0.0,84.8,118.0,139.69,251.0,33.91406,33.0
14.0,80.0,6.0,9.0,0.0,46.2,0.0,93.3,399.0,57.19,878.0,39.649967,44.0
20.0,17.0,1.0,4.0,0.0,121.02,1.0,64.7,452.0,135.08,1939.0,58.32936,52.0
3.0,37.0,5.0,6.0,0.0,31.7,0.0,93.6,322.0,40.87,1303.0,45.369167,49.0
24.0,33.0,3.0,3.0,0.0,15.77,0.0,53.7,264.0,14.18,1558.0,34.60371,39.0
18.0,83.0,5.0,3.0,0.0,75.84,1.0,66.0,44.0,64.2,781.0,51.015087,59.0
10.0,48.0,0.0,12.0,0.0,132.0,1.0,52.7,239.0,134.18,1060.0,60.990704,52.0
8.0,35.0,2.0,4.0,0.0,37.4,1.0,78.6,374.0,46.41,790.0,63.738087,71.0
9.0,60.0,1.0,12.0,0.0,108.53,0.0,40.6,147.0,135.25,112.0,43.08354,40.0
16.0,19.0,6.0,8.0,0.0,113.04,0.0,98.0,419.0,134.0,1947.0,39.414448,25.0
24.0,78.0,4.0,8.0,0.0,99.98,1.0,91.3,11.0,119.14,639.0,62.776897,63.0
1.0,41.0,0.0,4.0,0.0,54.91,0.0,64.5,92.0,44.76,729.0,25.019901,22.0
19.0,92.0,4.0,1.0,0.0,8.44,0.0,47.7,148.0,9.08,1181.0,32.33908,33.0
7.0,90.0,1.0,1.0,0.0,37.17,0.0,43.4,191.0,46.69,890.0,42.47804,44.0
5.0,7.0,0.0,4.0,0.0,58.14,1.0,68.8,282.0,69.38,105.0,56.415283,60.0
27.0,38.0,4.0,6.0,0.0,53.05,1.0,96.0,487.0,65.05,1804.0,61.768417,66.0
16.0,79.0,1.0,4.0,0.0,12.72,1.0,72.6,135.0,10.38,1097.0,44.592575,35.0
6.0,90.0,3.0,8.0,0.0,43.02,1.0,89.8,472.0,51.41,1360.0,71.179016,73.0
1.0,57.0,1.0,6.0,0.0,104.72,0.0,95.2,300.0,124.74,1949.0,40.758587,42.0
11.0,5.0,0.0,4.0,0.0,38.96,1.0,71.2,61.0,31.98,403.0,47.700115,37.0
9.0,29.0,0.0,11.0,0.0,75.09,1.0,49.5,331.0,76.81,1637.0,60.038296,67.0
5.0,74.0,4.0,7.0,0.0,110.17,0.0,94.6,64.0,134.94,1799.0,49.19042,41.0
25.0,8.0,4.0,10.0,0.0,93.78,1.0,76.7,200.0,119.11,1923.0,65.484085,82.0
15.0,68.0,2.0,5.0,0.0,38.75,1.0,71.4,386.0,42.41,202.0,55.433575,51.0
28.0,30.0,6.0,5.0,0.0,30.84,1.0,93.3,487.0,37.23,170.0,51.009056,61.0
5.0,21.0,6.0,10.0,0.0,86.48,0.0,64.4,266.0,105.47,1621.0,43.203094,46.0
30.0,88.0,4.0,7.0,1.0,114.86,1.0,97.1,252.0,98.24,212.0,68.74989,69.0
15.0,95.0,6.0,2.0,0.0,22.24,0.0,48.7,62.0,27.89,1196.0,34.933193,35.0
19.0,15.0,5.0,1.0,0.0,144.26,1.0,55.1,446.0,126.1,769.0,40.591248,41.0
3.0,42.0,0.0,6.0,0.0,122.73,1.0,81.4,479.0,154.49,1383.0,73.41934,84.0
19.0,50.0,6.0,12.0,0.0,89.97,1.0,46.2,111.0,82.13,366.0,51.735718,54.0
8.0,15.0,3.0,3.0,0.0,138.32,0.0,55.9,339.0,131.36,225.0,32.09588,37.0
23.0,56.0,2.0,11.0,1.0,100.35,0.0,67.8,23.0,86.54,335.0,53.520424,54.0
7.0,52.0,1.0,10.0,0.0,130.15,0.0,75.0,142.0,150.77,568.0,44.39906,49.0
20.0,1.0,6.0,9.0,0.0,55.15,0.0,89.9,146.0,71.01,1449.0,36.404655,31.0
28.0,82.0,1.0,4.0,0.0,107.35,0.0,60.8,276.0,90.82,1099.0,24.996092,29.0
27.0,68.0,6.0,5.0,0.0,93.45,1.0,84.1,471.0,112.94,1016.0,63.89032,58.0
29.0,80.0,0.0,1.0,0.0,31.89,0.0,42.0,335.0,35.88,1941.0,47.9825,51.0
18.0,31.0,4.0,6.0,0.0,43.09,0.0,95.2,88.0,53.97,1409.0,46.230442,51.0
23.0,97.0,3.0,12.0,0.0,67.92,0.0,45.8,224.0,66.7,1384.0,40.082947,43.0
29.0,32.0,1.0,5.0,0.0,142.28,0.0,91.3,337.0,155.76,895.0,47.44854,53.0
12.0,84.0,0.0,1.0,0.0,54.73,0.0,50.1,12.0,52.13,774.0,38.072342,35.0
4.0,39.0,5.0,4.0,0.0,86.41,0.0,85.8,316.0,82.32,1032.0,29.922628,32.0
25.0,100.0,4.0,3.0,0.0,31.33,0.0,55.9,109.0,38.76,1405.0,34.963367,41.0
17.0,78.0,6.0,7.0,0.0,5.68,1.0,83.5,492.0,7.23,466.0,52.904552,64.0
25.0,54.0,5.0,6.0,0.0,147.64,1.0,102.2,103.0,120.41,1008.0,39.379757,45.0
15.0,11.0,6.0,4.0,0.0,114.99,1.0,80.9,478.0,97.94,1528.0,48.21677,52.0
2.0,84.0,1.0,3.0,0.0,149.77,1.0,64.7,326.0,178.06,187.0,72.85633,64.0
16.0,12.0,1.0,12.0,0.0,8.34,1.0,60.8,334.0,10.3,680.0,45.924755,39.0
20.0,68.0,0.0,5.0,0.0,58.75,1.0,87.3,391.0,50.1,1102.0,46.90856,40.0
25.0,57.0,4.0,5.0,0.0,23.44,0.0,88.3,311.0,30.2,1025.0,32.004303,33.0
26.0,19.0,4.0,4.0,0.0,137.83,0.0,64.9,280.0,140.76,1950.0,29.52038,25.0
15.0,51.0,2.0,5.0,0.0,144.74,0.0,81.2,408.0,162.99,584.0,43.22378,42.0
28.0,48.0,4.0,1.0,0.0,111.7,0.0,65.9,358.0,106.06,1499.0,32.949944,32.0
11.0,13.0,6.0,4.0,0.0,6.62,0.0,76.9,123.0,7.59,1823.0,32.50376,35.0
25.0,82.0,5.0,1.0,0.0,124.66,1.0,43.2,165.0,122.14,1444.0,52.555676,54.0
24.0,92.0,0.0,9.0,0.0,129.18,0.0,87.3,102.0,106.2,1844.0,25.938541,22.0
10.0,68.0,3.0,2.0,0.0,54.4,1.0,41.3,281.0,67.69,561.0,59.42115,61.0
22.0,93.0,0.0,10.0,0.0,71.75,1.0,67.7,449.0,72.03,176.0,59.375107,71.0
27.0,16.0,6.0,3.0,0.0,57.35,0.0,49.0,71.0,71.37,369.0,40.67371,39.0
24.0,39.0,3.0,6.0,0.0,53.21,1.0,90.4,467.0,50.42,158.0,45.80626,45.0
15.0,2.0,0.0,12.0,0.0,143.78,1.0,50.6,279.0,116.46,131.0,41.726803,29.0
18.0,16.0,0.0,4.0,0.0,54.28,0.0,57.6,344.0,54.84,1225.0,38.10976,38.0
5.0,24.0,5.0,5.0,0.0,109.86,1.0,86.2,46.0,139.11,1704.0,68.92635,54.0
12.0,68.0,0.0,11.0,0.0,31.76,0.0,73.4,484.0,35.51,1027.0,40.837685,41.0
30.0,65.0,4.0,4.0,0.0,83.11,1.0,76.2,154.0,85.58,549.0,51.77602,57.0
1.0,46.0,5.0,12.0,0.0,44.14,0.0,54.6,447.0,53.7,1205.0,35.124924,28.0
8.0,55.0,6.0,2.0,0.0,22.35,1.0,53.8,128.0,22.76,558.0,59.80149,47.0
28.0,83.0,2.0,8.0,0.0,89.35,0.0,77.8,194.0,89.25,299.0,28.627977,24.0
19.0,19.0,3.0,3.0,0.0,100.38,1.0,46.0,21.0,106.07,449.0,53.138725,49.0
15.0,14.0,0.0,4.0,0.0,136.99,1.0,66.0,183.0,163.99,817.0,63.996025,70.0
14.0,20.0,0.0,11.0,0.0,6.29,1.0,58.8,333.0,6.92,150.0,46.578327,49.0
9.0,92.0,0.0,1.0,0.0,82.75,0.0,58.7,302.0,104.29,168.0,43.473133,36.0
6.0,66.0,4.0,1.0,0.0,57.73,0.0,30.5,35.0,71.26,1932.0,51.35129,47.0
19.0,42.0,4.0,1.0,0.0,142.37,0.0,54.7,492.0,127.07,257.0,26.243633,20.0
23.0,65.0,6.0,4.0,0.0,38.99,0.0,49.7,61.0,37.73,137.0,35.41776,31.0
29.0,70.0,4.0,6.0,0.0,51.13,0.0,75.6,481.0,49.78,234.0,36.785496,32.0
12.0,51.0,2.0,2.0,0.0,29.61,1.0,51.0,15.0,38.11,415.0,59.314323,69.0
25.0,14.0,6.0,3.0,0.0,123.97,0.0,45.6,102.0,147.1,913.0,37.881226,36.0
19.0,26.0,1.0,11.0,0.0,43.76,1.0,64.7,490.0,56.05,489.0,66.41304,61.0
13.0,89.0,3.0,8.0,0.0,54.32,0.0,91.2,312.0,67.85,1941.0,41.360374,47.0
19.0,64.0,4.0,1.0,0.0,25.35,0.0,37.3,376.0,21.46,363.0,34.932266,35.0
16.0,61.0,3.0,1.0,0.0,62.6,0.0,47.3,440.0,51.18,1745.0,24.52891,24.0
10.0,33.0,3.0,12.0,1.0,37.19,0.0,51.0,263.0,33.8,615.0,64.67888,62.0
30.0,52.0,0.0,1.0,0.0,146.18,0.0,43.3,198.0,151.23,1347.0,36.82644,30.0
13.0,80.0,5.0,4.0,0.0,112.64,0.0,78.7,17.0,109.0,249.0,34.069187,30.0
10.0,57.0,3.0,4.0,0.0,84.1,0.0,62.1,304.0,88.28,1788.0,42.952847,41.0
17.0,9.0,4.0,11.0,0.0,105.27,0.0,64.3,113.0,106.77,550.0,33.724617,35.0
25.0,80.0,6.0,5.0,0.0,97.1,1.0,85.6,180.0,80.37,582.0,40.52368,33.0
24.0,71.0,5.0,4.0,0.0,102.69,1.0,61.8,327.0,85.17,1937.0,47.473007,49.0
11.0,42.0,0.0,3.0,0.0,99.24,1.0,72.7,426.0,116.18,416.0,57.0098,61.0
3.0,69.0,0.0,4.0,0.0,117.13,1.0,69.1,489.0,137.91,1057.0,68.47599,85.0
15.0,10.0,3.0,9.0,0.0,16.4,0.0,80.6,211.0,18.2,528.0,36.052727,38.0
22.0,14.0,1.0,5.0,0.0,52.92,0.0,79.9,307.0,67.6,853.0,46.54095,46.0
12.0,45.0,4.0,12.0,0.0,60.31,0.0,47.1,450.0,75.65,289.0,47.57978,45.0
22.0,16.0,2.0,3.0,0.0,39.78,1.0,47.6,235.0,48.24,616.0,64.85647,74.0
5.0,9.0,0.0,2.0,0.0,32.37,0.0,54.4,204.0,26.62,997.0,32.408802,29.0
7.0,73.0,1.0,12.0,0.0,86.86,1.0,42.8,277.0,106.93,57.0,60.141132,61.0
7.0,89.0,4.0,9.0,0.0,81.3,1.0,90.3,356.0,93.57,439.0,62.86929,49.0
5.0,62.0,3.0,7.0,0.0,140.96,0.0,91.9,449.0,151.34,331.0,39.15051,34.0
17.0,66.0,3.0,1.0,0.0,46.9,1.0,52.4,146.0,55.72,1263.0,58.00821,52.0
17.0,100.0,0.0,5.0,0.0,22.28,1.0,89.2,15.0,26.95,240.0,60.918663,52.0
27.0,11.0,3.0,1.0,0.0,107.71,1.0,54.8,107.0,90.92,245.0,40.95877,51.0
11.0,69.0,1.0,4.0,0.0,13.59,1.0,59.2,441.0,16.67,398.0,55.8135,62.0
1.0,38.0,2.0,8.0,0.0,74.52,0.0,82.5,85.0,79.4,931.0,31.475546,30.0
16.0,31.0,0.0,10.0,0.0,41.92,0.0,66.3,90.0,39.39,1639.0,28.371443,26.0
4.0,74.0,3.0,7.0,0.0,11.35,0.0,77.4,226.0,10.7,820.0,32.793816,26.0
10.0,36.0,2.0,5.0,0.0,95.56,0.0,91.7,41.0,87.86,1102.0,36.23737,38.0
24.0,63.0,4.0,10.0,0.0,70.54,1.0,81.9,376.0,66.83,572.0,48.646484,62.0
23.0,87.0,2.0,2.0,0.0,60.92,0.0,57.2,145.0,54.06,1798.0,36.914387,40.0
25.0,94.0,1.0,6.0,0.0,103.59,1.0,96.1,404.0,86.54,1467.0,43.136433,44.0
5.0,12.0,0.0,1.0,0.0,26.7,0.0,53.4,154.0,33.06,164.0,34.700752,35.0
3.0,30.0,1.0,1.0,0.0,90.33,0.0,27.7,208.0,76.51,361.0,29.773207,33.0
3.0,92.0,4.0,2.0,0.0,102.17,1.0,55.4,491.0,107.76,354.0,58.66624,55.0
4.0,90.0,5.0,9.0,0.0,32.38,1.0,86.9,321.0,27.67,1728.0,54.97612,50.0
7.0,9.0,1.0,4.0,0.0,115.26,0.0,73.3,447.0,111.5,1323.0,38.6357,44.0
8.0,41.0,2.0,6.0,0.0,8.86,0.0,88.9,330.0,11.29,699.0,39.688847,41.0
21.0,9.0,1.0,3.0,0.0,80.76,1.0,61.7,260.0,64.91,1242.0,45.517673,46.0
27.0,89.0,0.0,10.0,0.0,19.0,0.0,83.7,116.0,16.31,450.0,35.80131,34.0
13.0,95.0,4.0,8.0,0.0,19.39,1.0,100.5,295.0,17.59,864.0,53.473236,47.0
22.0,7.0,0.0,6.0,0.0,111.45,0.0,75.6,241.0,142.72,321.0,46.354626,56.0
16.0,68.0,6.0,1.0,0.0,104.0,1.0,48.9,196.0,92.54,795.0,46.72365,44.0
19.0,4.0,1.0,9.0,0.0,35.7,1.0,82.9,382.0,42.31,741.0,55.220135,57.0
3.0,100.0,1.0,5.0,0.0,20.77,1.0,97.9,369.0,26.0,340.0,60.65883,57.0
22.0,66.0,3.0,2.0,0.0,149.07,1.0,45.4,351.0,174.87,746.0,74.15342,63.0
26.0,48.0,6.0,10.0,0.0,129.48,1.0,77.9,116.0,154.46,76.0,55.832386,57.0
16.0,100.0,0.0,8.0,0.0,102.86,1.0,103.3,121.0,122.79,228.0,49.37702,55.0
20.0,52.0,1.0,3.0,0.0,72.19,0.0,49.3,235.0,77.34,1883.0,32.722355,34.0
1.0,94.0,2.0,9.0,0.0,47.4,1.0,85.7,396.0,44.71,805.0,55.21872,49.0
15.0,8.0,0.0,12.0,0.0,71.93,1.0,46.4,216.0,68.1,760.0,59.29666,59.0
11.0,80.0,0.0,4.0,0.0,108.01,1.0,65.7,231.0,109.29,720.0,58.869072,58.0
16.0,9.0,6.0,3.0,0.0,9.81,0.0,57.1,188.0,10.5,420.0,24.853363,20.0
20.0,35.0,5.0,7.0,1.0,56.79,0.0,100.4,191.0,62.46,1331.0,60.212082,67.0
6.0,35.0,3.0,2.0,0.0,68.92,1.0,54.7,133.0,82.42,673.0,69.30887,65.0
24.0,59.0,2.0,9.0,0.0,73.88,1.0,84.3,24.0,75.76,252.0,56.844845,54.0
17.0,39.0,3.0,1.0,0.0,44.97,0.0,44.9,137.0,53.68,1318.0,38.71968,38.0
12.0,54.0,6.0,10.0,0.0,29.06,0.0,78.9,275.0,25.54,1895.0,39.519863,39.0
1.0,43.0,2.0,3.0,0.0,68.4,1.0,49.2,79.0,68.82,302.0,47.39194,50.0
17.0,30.0,1.0,4.0,0.0,134.23,1.0,61.0,486.0,157.11,1235.0,64.977394,71.0
10.0,73.0,2.0,1.0,0.0,140.46,1.0,53.9,292.0,174.03,1517.0,73.76603,82.0
7.0,66.0,1.0,4.0,0.0,17.43,0.0,60.2,378.0,22.57,416.0,39.249207,37.0
19.0,81.0,6.0,4.0,0.0,122.05,1.0,72.1,493.0,128.31,1877.0,62.82861,58.0
25.0,27.0,6.0,1.0,0.0,138.74,0.0,40.6,460.0,134.19,1642.0,30.919273,32.0
16.0,95.0,6.0,9.0,0.0,136.7,1.0,80.4,475.0,163.62,529.0,58.218357,43.0
14.0,72.0,5.0,11.0,0.0,41.71,1.0,42.9,146.0,42.55,576.0,54.08488,59.0
22.0,17.0,6.0,5.0,0.0,58.58,1.0,85.1,262.0,59.59,180.0,63.36232,50.0
6.0,43.0,6.0,5.0,0.0,100.85,0.0,90.5,107.0,124.48,1382.0,54.519165,56.0
27.0,30.0,3.0,5.0,0.0,35.34,0.0,82.4,258.0,44.0,1254.0,38.155853,39.0
5.0,19.0,0.0,4.0,0.0,109.98,1.0,72.9,33.0,107.22,1842.0,57.94536,59.0
7.0,89.0,5.0,2.0,0.0,102.63,0.0,50.9,299.0,114.55,816.0,44.580914,42.0
5.0,13.0,1.0,9.0,0.0,149.37,0.0,68.3,438.0,147.2,1693.0,37.16007,27.0
8.0,1.0,4.0,5.0,0.0,45.07,1.0,88.5,121.0,36.94,1394.0,56.65481,57.0
8.0,86.0,4.0,8.0,0.0,33.46,1.0,100.8,149.0,42.45,766.0,62.268787,57.0
17.0,14.0,0.0,3.0,0.0,88.56,1.0,59.7,478.0,101.65,391.0,56.990166,52.0
5.0,85.0,4.0,11.0,0.0,135.5,0.0,70.3,256.0,144.93,830.0,40.45959,39.0
9.0,85.0,2.0,3.0,0.0,19.14,1.0,54.9,19.0,17.68,1995.0,51.740715,60.0
25.0,97.0,6.0,2.0,0.0,21.48,1.0,55.0,239.0,25.02,742.0,53.579742,52.0
25.0,27.0,3.0,1.0,0.0,59.61,0.0,48.3,12.0,54.13,473.0,28.971695,25.0
8.0,3.0,0.0,4.0,0.0,121.76,0.0,69.7,320.0,116.23,1478.0,38.451206,35.0
30.0,19.0,6.0,3.0,0.0,137.71,0.0,58.1,437.0,167.96,1922.0,49.45681,41.0
27.0,21.0,4.0,4.0,0.0,14.34,0.0,64.2,388.0,16.81,1869.0,37.747627,32.0
28.0,69.0,6.0,8.0,0.0,143.46,0.0,91.7,148.0,151.04,109.0,36.863045,36.0
11.0,46.0,0.0,5.0,0.0,133.72,0.0,87.6,460.0,135.56,1784.0,36.97751,34.0
8.0,40.0,0.0,4.0,0.0,73.87,1.0,68.6,405.0,85.48,1566.0,67.201294,66.0
30.0,8.0,3.0,8.0,0.0,120.67,0.0,93.8,311.0,141.77,89.0,38.248787,42.0
19.0,1.0,1.0,12.0,1.0,94.25,1.0,48.0,336.0,105.66,1517.0,88.78307,84.0
23.0,34.0,0.0,11.0,0.0,10.02,0.0,39.0,279.0,8.61,1262.0,37.705475,31.0
18.0,62.0,3.0,8.0,0.0,55.29,1.0,84.9,159.0,59.92,1427.0,63.621536,64.0
3.0,79.0,4.0,5.0,0.0,36.52,0.0,71.1,27.0,38.62,957.0,39.84711,41.0
13.0,1.0,1.0,11.0,1.0,61.22,0.0,54.3,463.0,69.84,1675.0,63.9931,76.0
16.0,81.0,5.0,9.0,0.0,94.49,0.0,84.5,179.0,107.84,1478.0,37.384346,35.0
22.0,49.0,5.0,4.0,0.0,100.71,0.0,75.0,371.0,123.18,1720.0,51.721222,59.0
17.0,27.0,6.0,3.0,0.0,129.85,0.0,58.1,469.0,148.19,140.0,41.486637,40.0
28.0,39.0,2.0,12.0,1.0,136.75,0.0,53.6,122.0,140.0,1989.0,65.040375,58.0
19.0,39.0,2.0,11.0,1.0,65.08,1.0,54.3,332.0,74.3,1275.0,80.353424,104.0
24.0,63.0,0.0,4.0,0.0,140.33,1.0,71.2,386.0,128.58,1199.0,46.901466,53.0
8.0,37.0,3.0,5.0,0.0,45.68,1.0,82.0,275.0,53.43,726.0,64.7554,52.0
13.0,5.0,3.0,2.0,0.0,124.83,0.0,46.7,278.0,148.26,1925.0,47.07886,49.0
30.0,62.0,6.0,1.0,0.0,20.66,1.0,28.5,53.0,23.99,755.0,48.619144,50.0
7.0,63.0,0.0,12.0,0.0,134.99,0.0,59.6,227.0,142.63,1568.0,42.952213,48.0
21.0,41.0,4.0,2.0,0.0,147.27,0.0,42.4,189.0,161.97,200.0,39.47392,37.0
4.0,96.0,3.0,4.0,0.0,26.45,0.0,81.6,405.0,22.34,947.0,31.525785,34.0
24.0,37.0,0.0,9.0,0.0,78.07,1.0,88.8,21.0,95.15,1920.0,64.54373,73.0
1.0,88.0,3.0,9.0,0.0,108.29,0.0,79.7,435.0,132.74,775.0,39.124626,45.0
4.0,54.0,3.0,10.0,0.0,137.77,0.0,66.1,43.0,165.07,1523.0,48.97143,47.0
23.0,41.0,0.0,3.0,0.0,101.09,1.0,67.8,211.0,103.29,1455.0,57.50952,67.0
18.0,22.0,0.0,10.0,0.0,83.92,0.0,77.2,254.0,95.69,429.0,38.64216,43.0
29.0,75.0,3.0,4.0,0.0,66.52,0.0,79.2,57.0,55.46,1948.0,40.10622,44.0
8.0,91.0,2.0,9.0,0.0,62.74,1.0,90.6,299.0,81.05,1654.0,69.36548,74.0
23.0,75.0,0.0,5.0,0.0,67.22,1.0,95.0,435.0,77.77,1034.0,60.036327,69.0
7.0,99.0,3.0,12.0,0.0,86.67,1.0,62.4,81.0,78.24,606.0,59.50921,57.0
10.0,17.0,1.0,4.0,0.0,40.13,1.0,70.6,167.0,39.97,51.0,52.36965,51.0
28.0,80.0,4.0,5.0,0.0,82.34,0.0,82.2,485.0,94.47,1216.0,41.473904,44.0
26.0,100.0,2.0,11.0,0.0,42.1,0.0,54.2,146.0,35.45,352.0,30.796217,21.0
12.0,41.0,4.0,7.0,0.0,118.42,1.0,95.7,257.0,131.02,1605.0,66.90062,59.0
1.0,18.0,6.0,12.0,0.0,63.88,0.0,44.3,294.0,78.38,596.0,33.86037,36.0
11.0,25.0,0.0,3.0,0.0,81.28,0.0,45.2,219.0,75.82,1340.0,31.590588,33.0
19.0,90.0,0.0,1.0,0.0,19.69,1.0,53.2,29.0,20.37,1045.0,54.091835,67.0
1.0,61.0,3.0,1.0,0.0,120.86,1.0,45.2,175.0,124.73,1579.0,53.110706,61.0
4.0,99.0,5.0,9.0,0.0,118.77,0.0,81.5,116.0,121.84,1743.0,37.699493,36.0
6.0,75.0,2.0,3.0,0.0,12.39,0.0,54.4,494.0,15.66,237.0,45.544094,46.0
1.0,21.0,2.0,4.0,0.0,83.38,0.0,70.8,176.0,82.75,876.0,27.706255,20.0
11.0,3.0,6.0,1.0,0.0,132.82,0.0,40.1,272.0,151.57,478.0,39.921463,37.0
16.0,19.0,2.0,6.0,0.0,28.07,0.0,86.5,80.0,34.49,392.0,23.506712,25.0
21.0,19.0,4.0,1.0,0.0,94.91,0.0,43.1,346.0,80.22,146.0,23.205194,20.0
21.0,31.0,2.0,4.0,0.0,13.49,1.0,67.1,86.0,12.83,761.0,54.558994,55.0
2.0,82.0,2.0,1.0,0.0,21.68,1.0,46.4,80.0,27.17,797.0,61.08101,58.0
24.0,26.0,1.0,1.0,0.0,125.39,1.0,49.4,180.0,131.49,1351.0,60.84382,57.0
28.0,57.0,4.0,9.0,0.0,75.68,1.0,84.0,480.0,84.69,813.0,53.7178,63.0
10.0,90.0,0.0,1.0,0.0,64.28,1.0,30.0,470.0,61.28,885.0,53.50406,61.0
29.0,6.0,6.0,9.0,0.0,15.34,0.0,75.8,10.0,15.03,1865.0,43.488544,40.0
1.0,31.0,3.0,1.0,0.0,136.72,0.0,38.8,436.0,167.55,1545.0,47.15424,48.0
5.0,12.0,2.0,7.0,0.0,29.04,1.0,101.2,401.0,35.13,398.0,50.94717,54.0
23.0,6.0,5.0,1.0,0.0,126.52,0.0,51.1,135.0,124.29,1696.0,34.127243,33.0
2.0,28.0,1.0,1.0,0.0,65.07,1.0,52.1,432.0,70.39,959.0,60.742725,54.0
2.0,69.0,2.0,12.0,0.0,149.97,0.0,56.3,362.0,135.19,1436.0,36.149403,39.0
14.0,70.0,3.0,7.0,1.0,66.91,1.0,109.1,338.0,78.64,1069.0,85.64491,71.0
28.0,19.0,6.0,12.0,1.0,37.85,0.0,44.8,122.0,47.69,1617.0,57.719997,69.0
8.0,17.0,0.0,12.0,0.0,124.65,1.0,57.0,59.0,158.4,283.0,74.63822,77.0
27.0,31.0,6.0,2.0,0.0,128.03,0.0,54.3,163.0,166.42,1350.0,53.840244,61.0
19.0,72.0,2.0,1.0,0.0,70.03,0.0,36.8,170.0,56.37,1294.0,31.961422,29.0
2.0,60.0,1.0,10.0,0.0,125.8,0.0,76.0,296.0,155.33,739.0,49.596737,49.0
18.0,32.0,3.0,10.0,0.0,76.81,0.0,63.6,88.0,73.68,844.0,36.72291,32.0
23.0,35.0,3.0,1.0,0.0,92.89,1.0,45.3,204.0,87.78,961.0,56.956505,58.0
16.0,82.0,4.0,9.0,0.0,100.03,1.0,80.6,195.0,120.82,1037.0,54.769775,59.0
9.0,98.0,3.0,1.0,0.0,65.34,0.0,53.8,160.0,61.21,636.0,32.2819,36.0
29.0,71.0,0.0,3.0,0.0,7.58,0.0,57.6,355.0,6.6,237.0,38.97668,37.0
10.0,31.0,4.0,7.0,0.0,106.42,1.0,92.5,475.0,96.68,1058.0,54.60937,65.0
25.0,21.0,3.0,6.0,0.0,29.41,0.0,98.0,247.0,33.33,267.0,26.468613,25.0
30.0,82.0,0.0,4.0,0.0,125.79,0.0,62.3,333.0,134.67,777.0,37.530743,31.0
21.0,83.0,4.0,4.0,0.0,41.5,0.0,75.1,53.0,44.21,944.0,32.36357,34.0
7.0,65.0,5.0,2.0,0.0,45.0,0.0,52.1,407.0,48.6,579.0,38.155037,43.0
19.0,89.0,6.0,9.0,0.0,95.59,1.0,91.6,350.0,94.58,388.0,55.658905,46.0
20.0,82.0,5.0,4.0,0.0,106.04,0.0,63.5,105.0,113.68,284.0,31.945808,36.0
27.0,4.0,6.0,5.0,0.0,139.25,1.0,76.6,59.0,170.41,691.0,71.04281,69.0
4.0,38.0,2.0,5.0,0.0,136.68,1.0,74.8,418.0,120.04,343.0,43.83482,43.0
30.0,68.0,2.0,5.0,0.0,106.26,1.0,75.4,169.0,120.31,240.0,56.63887,55.0
1.0,96.0,0.0,9.0,0.0,95.85,0.0,68.8,196.0,111.52,814.0,37.032074,35.0
4.0,48.0,2.0,6.0,0.0,43.56,1.0,95.4,464.0,56.54,1151.0,56.717453,49.0
26.0,46.0,0.0,4.0,0.0,132.32,1.0,41.1,395.0,152.76,300.0,57.847908,47.0
30.0,96.0,0.0,4.0,0.0,21.44,0.0,76.5,255.0,26.81,1794.0,37.68734,41.0
13.0,96.0,5.0,9.0,0.0,40.33,1.0,82.9,430.0,47.89,1998.0,59.909386,56.0
8.0,25.0,5.0,7.0,0.0,103.52,1.0,98.7,220.0,84.35,1136.0,52.138252,59.0
14.0,80.0,3.0,4.0,0.0,143.8,1.0,86.8,405.0,141.36,1882.0,56.17827,56.0
1.0,82.0,5.0,4.0,0.0,108.2,0.0,68.7,177.0,91.09,1069.0,23.24264,26.0
15.0,33.0,0.0,2.0,0.0,117.69,1.0,42.4,277.0,138.55,1907.0,65.46684,70.0
23.0,98.0,2.0,2.0,0.0,8.86,0.0,53.3,243.0,9.35,1576.0,41.6628,45.0
6.0,97.0,2.0,5.0,0.0,35.13,0.0,88.1,75.0,45.48,1652.0,58.295876,56.0
20.0,20.0,2.0,10.0,0.0,61.18,0.0,59.4,220.0,78.77,1260.0,31.712496,36.0
7.0,8.0,0.0,11.0,0.0,22.84,1.0,74.4,86.0,29.34,1976.0,63.807434,78.0
19.0,70.0,2.0,4.0,0.0,48.95,0.0,75.3,32.0,47.78,1832.0,33.54666,33.0
1.0,89.0,5.0,4.0,0.0,108.29,1.0,81.1,180.0,102.28,1973.0,45.227856,50.0
13.0,70.0,0.0,1.0,0.0,140.76,1.0,48.0,168.0,140.63,540.0,46.081417,40.0
4.0,68.0,0.0,3.0,0.0,56.58,1.0,56.1,162.0,47.7,1849.0,53.571846,51.0
16.0,37.0,2.0,9.0,0.0,59.21,1.0,88.0,240.0,47.81,934.0,42.52092,32.0
4.0,81.0,1.0,1.0,0.0,15.8,1.0,45.3,377.0,15.14,318.0,47.28868,51.0
1.0,14.0,0.0,7.0,0.0,66.1,1.0,77.6,446.0,79.25,403.0,56.458603,47.0
4.0,49.0,6.0,11.0,1.0,51.27,0.0,52.5,268.0,44.59,1542.0,61.13568,56.0
5.0,31.0,1.0,9.0,0.0,58.45,0.0,83.8,191.0,72.53,1423.0,48.53349,56.0
10.0,48.0,3.0,3.0,0.0,13.46,1.0,71.8,70.0,17.18,1850.0,61.594074,60.0
7.0,46.0,1.0,1.0,0.0,143.36,1.0,40.5,353.0,120.24,1671.0,40.45664,47.0
10.0,42.0,3.0,4.0,0.0,37.72,1.0,76.1,401.0,41.02,1350.0,56.382095,61.0
1.0,45.0,2.0,5.0,0.0,22.81,1.0,67.7,258.0,27.91,579.0,52.759686,59.0
24.0,84.0,3.0,6.0,0.0,49.76,1.0,104.8,204.0,53.63,1917.0,56.510036,60.0
1.0,70.0,5.0,1.0,0.0,60.02,0.0,38.4,158.0,57.98,285.0,23.192497,18.0
4.0,9.0,1.0,5.0,0.0,20.94,1.0,95.3,72.0,24.18,1833.0,54.67105,64.0
7.0,27.0,5.0,7.0,0.0,49.46,1.0,99.3,136.0,63.17,456.0,60.362064,57.0
19.0,57.0,4.0,8.0,0.0,120.36,1.0,90.1,195.0,153.67,1532.0,74.30832,84.0
28.0,83.0,4.0,9.0,0.0,15.33,0.0,81.9,314.0,18.15,429.0,26.913366,29.0
23.0,25.0,3.0,12.0,0.0,95.21,0.0,40.7,246.0,88.11,235.0,31.22652,28.0
16.0,45.0,6.0,3.0,0.0,18.18,0.0,61.6,185.0,19.6,272.0,26.131214,22.0
23.0,78.0,3.0,2.0,0.0,62.39,1.0,60.7,489.0,78.53,892.0,60.784847,68.0
22.0,10.0,4.0,3.0,0.0,13.57,0.0,57.9,416.0,11.2,412.0,40.924538,42.0
30.0,8.0,4.0,3.0,0.0,106.95,1.0,54.1,69.0,137.72,439.0,64.29965,78.0
2.0,19.0,3.0,1.0,0.0,147.58,1.0,39.7,410.0,166.37,1963.0,63.86237,63.0
15.0,71.0,1.0,10.0,0.0,102.91,0.0,53.8,346.0,121.24,1483.0,44.17141,48.0
24.0,4.0,1.0,8.0,0.0,119.31,1.0,81.6,176.0,137.98,1397.0,60.493824,59.0
8.0,43.0,6.0,11.0,0.0,97.79,0.0,62.5,303.0,95.54,1403.0,35.97432,40.0
5.0,99.0,0.0,5.0,0.0,64.77,1.0,79.1,327.0,69.83,450.0,52.143734,51.0
16.0,14.0,3.0,3.0,0.0,120.12,0.0,55.2,343.0,139.76,1577.0,36.344265,35.0
9.0,75.0,4.0,3.0,0.0,8.94,0.0,54.0,66.0,11.35,221.0,33.859325,36.0
14.0,4.0,6.0,4.0,0.0,69.26,1.0,62.8,109.0,56.61,919.0,49.02296,47.0
28.0,97.0,5.0,10.0,0.0,18.08,1.0,77.1,385.0,15.16,464.0,47.48766,55.0
14.0,67.0,6.0,1.0,0.0,149.8,1.0,40.7,37.0,120.52,1525.0,45.054043,29.0
27.0,76.0,4.0,3.0,0.0,98.19,0.0,72.8,290.0,97.25,1323.0,35.360558,37.0
2.0,82.0,3.0,10.0,0.0,10.74,1.0,71.0,477.0,9.49,1929.0,61.393333,68.0
16.0,98.0,6.0,4.0,0.0,107.97,0.0,67.7,443.0,113.88,959.0,30.87552,26.0
11.0,95.0,2.0,5.0,0.0,32.89,0.0,91.2,194.0,32.96,1440.0,33.060326,30.0
15.0,76.0,2.0,11.0,0.0,5.68,0.0,65.7,18.0,5.16,1370.0,40.41278,31.0
14.0,92.0,0.0,5.0,0.0,112.64,0.0,71.8,80.0,108.88,273.0,31.811596,25.0
14.0,24.0,1.0,9.0,0.0,82.06,1.0,90.5,13.0,95.99,335.0,54.450916,61.0
18.0,18.0,0.0,11.0,0.0,97.81,0.0,52.9,462.0,80.75,242.0,24.722702,28.0
16.0,13.0,3.0,1.0,0.0,121.08,1.0,46.7,121.0,145.54,678.0,52.991714,44.0
27.0,72.0,3.0,4.0,0.0,147.94,0.0,73.7,89.0,129.88,209.0,22.191061,29.0
21.0,16.0,5.0,12.0,0.0,66.29,1.0,57.4,62.0,57.33,1050.0,51.497658,43.0
25.0,68.0,1.0,5.0,0.0,32.59,0.0,83.9,472.0,31.33,479.0,25.85652,23.0
23.0,77.0,1.0,2.0,0.0,19.13,1.0,53.7,63.0,22.56,400.0,55.45126,64.0
13.0,40.0,0.0,11.0,0.0,126.63,1.0,68.4,443.0,122.34,1494.0,53.502956,51.0
1.0,91.0,4.0,2.0,0.0,90.86,0.0,56.1,457.0,116.28,187.0,40.049103,39.0
17.0,28.0,0.0,2.0,0.0,36.3,1.0,55.5,47.0,30.84,138.0,52.022663,44.0
2.0,39.0,5.0,7.0,0.0,7.43,1.0,84.4,445.0,6.94,768.0,55.73525,65.0
20.0,75.0,6.0,7.0,0.0,144.38,1.0,98.7,499.0,175.09,154.0,61.633007,57.0
1.0,100.0,2.0,2.0,0.0,117.0,0.0,37.6,421.0,134.61,86.0,37.68675,33.0
14.0,41.0,5.0,8.0,0.0,118.23,1.0,87.2,366.0,153.51,1737.0,68.5945,74.0
30.0,79.0,0.0,5.0,0.0,10.92,1.0,93.2,235.0,11.2,1502.0,54.50245,58.0
9.0,93.0,6.0,9.0,0.0,31.9,0.0,74.9,390.0,25.97,678.0,32.319202,25.0
28.0,42.0,2.0,2.0,0.0,58.89,0.0,47.9,354.0,53.77,344.0,24.90246,24.0
17.0,22.0,0.0,4.0,0.0,90.19,1.0,64.4,470.0,77.83,311.0,44.38582,43.0
6.0,47.0,5.0,8.0,0.0,55.62,1.0,81.8,94.0,70.11,129.0,65.13746,78.0
1.0,32.0,1.0,5.0,0.0,106.0,1.0,93.8,262.0,93.46,491.0,44.138638,46.0
24.0,51.0,0.0,2.0,0.0,109.33,1.0,53.8,322.0,96.85,1476.0,45.702374,61.0
20.0,20.0,3.0,9.0,0.0,35.44,1.0,94.7,118.0,31.84,694.0,45.56334,47.0
7.0,50.0,4.0,4.0,0.0,7.88,1.0,66.7,362.0,9.76,1468.0,63.516636,63.0
9.0,35.0,0.0,9.0,0.0,139.35,1.0,84.0,401.0,143.91,1841.0,54.47252,63.0
12.0,69.0,0.0,2.0,0.0,121.95,0.0,54.0,300.0,128.38,61.0,38.40913,46.0
12.0,90.0,4.0,3.0,0.0,23.46,1.0,63.1,429.0,22.71,762.0,56.904976,60.0
18.0,20.0,2.0,5.0,0.0,124.44,0.0,87.4,342.0,118.26,496.0,31.406425,24.0
14.0,97.0,4.0,11.0,0.0,129.25,0.0,55.2,334.0,138.21,1354.0,43.525726,44.0
21.0,40.0,1.0,7.0,0.0,104.59,0.0,104.0,28.0,92.78,1329.0,30.8766,29.0
28.0,73.0,1.0,10.0,0.0,39.94,0.0,68.6,247.0,51.26,876.0,33.838455,37.0
23.0,69.0,2.0,1.0,0.0,57.36,0.0,47.6,145.0,65.68,1967.0,42.546974,45.0
9.0,93.0,2.0,7.0,0.0,46.39,0.0,87.8,189.0,49.37,472.0,36.3211,27.0
6.0,69.0,5.0,8.0,0.0,97.25,1.0,96.7,224.0,103.4,690.0,65.695145,80.0
29.0,58.0,2.0,12.0,0.0,149.19,1.0,45.5,247.0,172.29,1142.0,77.30702,77.0
15.0,35.0,5.0,4.0,0.0,62.18,0.0,55.7,483.0,68.16,964.0,38.124817,40.0
18.0,30.0,5.0,11.0,0.0,24.73,1.0,71.1,402.0,27.99,279.0,57.44644,60.0
27.0,69.0,2.0,2.0,0.0,138.64,0.0,45.3,376.0,162.67,310.0,45.859264,48.0
17.0,7.0,5.0,5.0,0.0,74.22,1.0,92.8,47.0,73.5,626.0,54.48561,51.0
28.0,78.0,6.0,6.0,0.0,134.89,0.0,94.1,32.0,124.05,1973.0,34.880905,27.0
21.0,86.0,5.0,11.0,0.0,108.5,0.0,57.2,145.0,112.44,303.0,32.8165,32.0
6.0,38.0,6.0,6.0,0.0,5.42,0.0,92.9,318.0,6.08,537.0,45.150455,49.0
6.0,6.0,4.0,6.0,0.0,87.97,1.0,69.5,317.0,97.14,1619.0,70.12679,64.0
1.0,75.0,2.0,2.0,0.0,70.42,1.0,44.5,172.0,88.77,1013.0,59.992653,64.0
16.0,50.0,3.0,1.0,0.0,22.04,0.0,53.7,452.0,19.36,1155.0,24.62217,22.0
7.0,39.0,4.0,2.0,0.0,94.65,0.0,50.6,310.0,104.28,1775.0,47.677727,45.0
22.0,33.0,4.0,8.0,0.0,8.13,0.0,94.7,11.0,9.7,1370.0,42.991814,46.0
15.0,38.0,5.0,1.0,0.0,41.77,0.0,54.5,328.0,43.87,1985.0,40.51078,43.0
4.0,19.0,4.0,4.0,0.0,21.35,1.0,70.1,40.0,17.68,1750.0,47.871464,58.0
5.0,34.0,5.0,5.0,0.0,30.44,1.0,86.8,308.0,24.36,1991.0,55.93557,63.0
30.0,52.0,5.0,11.0,0.0,29.44,1.0,55.1,411.0,24.58,176.0,44.680714,51.0
11.0,92.0,1.0,4.0,0.0,11.1,0.0,72.5,244.0,10.66,180.0,29.546,20.0
10.0,19.0,4.0,5.0,0.0,52.63,0.0,75.3,479.0,57.91,68.0,34.14691,35.0
26.0,12.0,0.0,10.0,0.0,104.67,1.0,59.8,370.0,117.33,1929.0,51.435177,62.0
25.0,35.0,6.0,11.0,0.0,133.26,0.0,55.6,361.0,131.48,739.0,29.752539,25.0
1.0,63.0,2.0,4.0,0.0,40.09,0.0,63.5,255.0,48.52,870.0,35.909496,39.0
16.0,21.0,5.0,3.0,0.0,69.34,1.0,52.1,298.0,70.78,1380.0,50.322357,41.0
26.0,12.0,4.0,3.0,0.0,36.27,0.0,45.5,197.0,46.05,322.0,27.20708,28.0
22.0,73.0,2.0,2.0,0.0,51.16,1.0,53.5,275.0,43.31,1038.0,56.200592,52.0
26.0,9.0,5.0,7.0,0.0,79.92,0.0,83.2,412.0,70.02,643.0,20.62609,23.0
26.0,100.0,4.0,12.0,0.0,109.2,0.0,46.3,121.0,105.2,527.0,29.427711,21.0
12.0,76.0,5.0,10.0,0.0,39.45,0.0,59.0,83.0,43.1,1698.0,41.025345,40.0
24.0,69.0,3.0,2.0,0.0,68.12,0.0,43.9,116.0,60.33,965.0,32.41264,30.0
29.0,12.0,4.0,5.0,0.0,128.09,1.0,64.7,159.0,160.77,519.0,69.28327,84.0
24.0,6.0,5.0,1.0,0.0,13.13,0.0,33.4,103.0,15.52,1352.0,34.081764,27.0
7.0,64.0,3.0,4.0,0.0,75.19,0.0,61.4,498.0,60.78,1709.0,38.44538,34.0
10.0,1.0,0.0,12.0,0.0,8.7,0.0,46.0,337.0,10.25,1236.0,41.5567,40.0
19.0,98.0,6.0,8.0,0.0,114.07,1.0,86.2,314.0,109.38,1971.0,57.430717,68.0
30.0,94.0,4.0,9.0,0.0,66.88,1.0,76.4,324.0,66.62,1338.0,52.955902,53.0
2.0,51.0,0.0,4.0,0.0,5.38,1.0,56.8,99.0,4.95,112.0,53.036472,57.0
5.0,3.0,1.0,11.0,1.0,147.32,0.0,58.9,147.0,163.19,446.0,63.242043,70.0
27.0,74.0,2.0,9.0,0.0,140.48,1.0,80.0,237.0,136.27,290.0,48.264133,57.0
12.0,75.0,3.0,2.0,0.0,21.89,0.0,53.4,121.0,22.17,1909.0,42.11728,43.0
18.0,52.0,2.0,6.0,0.0,51.76,1.0,87.8,372.0,57.88,387.0,58.520332,55.0
8.0,78.0,5.0,4.0,0.0,145.51,0.0,69.0,296.0,117.48,1732.0,25.204067,24.0
14.0,89.0,4.0,2.0,0.0,104.39,0.0,52.3,174.0,116.99,928.0,43.252647,44.0
29.0,90.0,4.0,3.0,0.0,37.72,1.0,57.6,147.0,39.96,714.0,59.190887,68.0
23.0,22.0,4.0,5.0,0.0,102.39,0.0,80.7,452.0,104.99,363.0,38.307762,35.0
22.0,97.0,4.0,3.0,0.0,94.64,1.0,58.2,94.0,105.95,1581.0,71.761536,77.0
15.0,61.0,4.0,8.0,0.0,123.73,0.0,106.9,280.0,126.88,206.0,39.644104,37.0
18.0,82.0,1.0,9.0,0.0,140.0,0.0,91.6,427.0,124.18,1024.0,30.859457,34.0
1.0,22.0,0.0,6.0,0.0,44.75,0.0,98.8,470.0,55.01,763.0,31.000824,30.0
21.0,92.0,6.0,10.0,0.0,49.95,0.0,75.6,30.0,50.33,732.0,30.784494,31.0
22.0,49.0,3.0,5.0,0.0,50.6,1.0,87.9,154.0,42.34,1155.0,59.909775,60.0
13.0,84.0,4.0,3.0,0.0,116.98,1.0,53.0,46.0,140.29,903.0,66.2835,64.0
2.0,18.0,1.0,2.0,0.0,22.66,0.0,57.6,455.0,20.75,168.0,33.692017,35.0
1.0,12.0,2.0,3.0,0.0,59.53,0.0,49.0,40.0,50.57,523.0,23.655268,19.0
13.0,44.0,1.0,12.0,0.0,63.05,0.0,55.3,444.0,65.85,282.0,32.59086,30.0
25.0,43.0,6.0,11.0,0.0,66.39,0.0,50.6,270.0,60.45,1538.0,27.331955,25.0
20.0,44.0,3.0,7.0,0.0,79.15,1.0,96.7,241.0,69.98,1385.0,45.95452,46.0
2.0,90.0,0.0,5.0,0.0,131.95,0.0,91.2,490.0,129.36,409.0,36.553764,37.0
23.0,64.0,0.0,3.0,0.0,64.88,0.0,66.0,89.0,61.34,103.0,32.486282,41.0
12.0,42.0,4.0,8.0,0.0,136.98,1.0,89.4,66.0,127.85,331.0,52.210052,55.0
7.0,79.0,4.0,5.0,0.0,140.21,0.0,78.6,118.0,157.42,999.0,44.731606,44.0
26.0,64.0,2.0,9.0,0.0,29.92,1.0,67.7,355.0,34.86,1820.0,50.986263,50.0
10.0,32.0,5.0,10.0,0.0,131.35,1.0,66.5,332.0,140.37,1569.0,66.35034,68.0
3.0,98.0,6.0,4.0,0.0,140.26,1.0,73.8,462.0,144.61,493.0,62.14417,54.0
25.0,16.0,2.0,12.0,1.0,136.13,1.0,45.2,136.0,128.2,80.0,64.33762,78.0
3.0,46.0,6.0,12.0,0.0,18.2,0.0,49.0,48.0,21.34,1174.0,44.55973,46.0
6.0,46.0,5.0,3.0,0.0,76.1,0.0,58.6,340.0,62.11,1395.0,35.003304,41.0
5.0,78.0,6.0,4.0,0.0,124.74,0.0,72.5,423.0,132.96,1511.0,43.39771,40.0
11.0,81.0,1.0,6.0,0.0,22.13,0.0,101.7,396.0,23.49,1872.0,37.74843,33.0
5.0,43.0,1.0,4.0,0.0,92.06,0.0,61.6,366.0,83.27,1798.0,32.519035,32.0
18.0,30.0,4.0,2.0,0.0,29.08,0.0,61.3,37.0,28.37,1048.0,38.760513,37.0
5.0,4.0,5.0,2.0,0.0,70.83,0.0,45.0,395.0,59.67,290.0,30.385803,28.0
15.0,69.0,1.0,1.0,0.0,98.14,0.0,59.7,36.0,85.52,622.0,27.892473,28.0
2.0,84.0,1.0,1.0,0.0,64.66,0.0,44.8,99.0,62.56,1004.0,37.39137,34.0
26.0,72.0,2.0,3.0,0.0,8.99,1.0,59.2,307.0,10.91,1942.0,52.514668,64.0
2.0,27.0,3.0,3.0,0.0,22.95,1.0,58.0,215.0,27.3,1996.0,64.21149,70.0
16.0,49.0,6.0,11.0,0.0,40.84,1.0,61.8,298.0,45.33,627.0,52.713158,40.0
25.0,65.0,6.0,6.0,0.0,143.16,0.0,91.9,347.0,134.5,1508.0,25.299414,23.0
1.0,66.0,4.0,1.0,0.0,78.01,1.0,36.5,280.0,69.04,683.0,43.04503,57.0
24.0,38.0,0.0,5.0,0.0,102.46,1.0,88.0,75.0,112.98,316.0,55.368633,62.0
27.0,67.0,0.0,9.0,0.0,40.42,1.0,85.8,364.0,44.16,457.0,56.360596,57.0
2.0,57.0,2.0,4.0,0.0,9.46,1.0,63.7,424.0,8.6,1119.0,58.307526,72.0
10.0,43.0,2.0,3.0,0.0,105.22,1.0,55.1,321.0,109.92,699.0,55.378105,58.0
14.0,15.0,3.0,9.0,0.0,149.49,0.0,76.9,115.0,133.5,1896.0,31.830523,22.0
14.0,16.0,0.0,1.0,0.0,102.15,1.0,47.8,80.0,106.88,745.0,54.965393,52.0
4.0,91.0,2.0,4.0,0.0,109.4,0.0,67.0,193.0,134.23,1644.0,50.075855,50.0
15.0,46.0,2.0,5.0,0.0,128.3,0.0,80.4,220.0,156.4,1418.0,47.460876,44.0
25.0,88.0,6.0,1.0,0.0,130.42,0.0,41.5,278.0,114.4,504.0,26.374395,22.0
24.0,51.0,4.0,1.0,0.0,117.98,0.0,39.8,288.0,152.59,1705.0,51.780506,58.0
8.0,85.0,2.0,11.0,1.0,134.09,1.0,56.0,217.0,108.98,1432.0,73.14967,89.0
1.0,49.0,1.0,7.0,0.0,6.91,0.0,105.1,192.0,5.95,1376.0,33.142967,33.0
16.0,94.0,2.0,12.0,0.0,11.32,1.0,53.1,55.0,14.48,1891.0,49.025177,56.0
28.0,8.0,6.0,5.0,0.0,82.72,1.0,68.2,397.0,91.46,1889.0,63.609737,58.0
7.0,30.0,1.0,2.0,0.0,18.15,1.0,32.0,460.0,22.26,1439.0,58.782578,54.0
16.0,13.0,5.0,4.0,0.0,149.63,0.0,93.4,219.0,165.8,239.0,35.938515,22.0
21.0,97.0,4.0,5.0,0.0,128.95,1.0,82.7,218.0,112.08,1660.0,51.220562,45.0
21.0,91.0,2.0,2.0,0.0,20.06,1.0,66.7,181.0,19.72,340.0,51.5506,45.0
6.0,74.0,0.0,5.0,0.0,147.31,1.0,79.2,361.0,171.75,995.0,68.76935,81.0
15.0,56.0,3.0,4.0,0.0,50.19,1.0,64.3,254.0,53.67,470.0,52.322517,46.0
19.0,26.0,5.0,9.0,0.0,93.87,0.0,83.3,329.0,80.2,784.0,32.054993,32.0
22.0,61.0,0.0,11.0,0.0,17.26,1.0,75.6,37.0,16.16,839.0,63.00438,73.0
2.0,34.0,2.0,6.0,0.0,75.63,0.0,85.1,110.0,98.01,283.0,42.73047,40.0
28.0,60.0,2.0,2.0,0.0,49.75,1.0,37.5,393.0,64.25,1429.0,59.110054,57.0
4.0,6.0,1.0,4.0,0.0,40.44,0.0,74.0,80.0,35.57,206.0,31.424786,26.0
4.0,80.0,1.0,10.0,0.0,75.62,1.0,67.0,340.0,68.16,762.0,46.039055,52.0
4.0,53.0,5.0,4.0,0.0,143.67,0.0,70.3,359.0,137.98,243.0,31.591253,25.0
7.0,80.0,3.0,9.0,0.0,88.15,0.0,75.0,40.0,73.43,66.0,28.073256,32.0
16.0,65.0,2.0,3.0,0.0,24.04,1.0,59.1,400.0,28.04,1665.0,48.200996,38.0
11.0,70.0,5.0,10.0,0.0,20.26,0.0,55.9,72.0,21.18,172.0,26.552666,22.0
2.0,100.0,0.0,3.0,0.0,111.6,0.0,55.7,352.0,123.37,297.0,40.493427,42.0
25.0,49.0,6.0,1.0,0.0,77.26,0.0,34.1,298.0,65.38,742.0,25.364511,27.0
6.0,36.0,4.0,3.0,0.0,22.51,1.0,47.6,277.0,26.57,1621.0,68.324486,66.0
15.0,21.0,1.0,1.0,0.0,27.14,1.0,51.5,481.0,32.69,151.0,50.84297,43.0
6.0,60.0,6.0,9.0,0.0,133.6,1.0,96.3,486.0,159.43,1651.0,77.76639,75.0
14.0,13.0,3.0,8.0,0.0,15.87,1.0,94.4,484.0,15.47,1853.0,54.96821,59.0
24.0,97.0,2.0,12.0,0.0,147.49,1.0,43.3,329.0,124.41,1615.0,48.267704,52.0
6.0,64.0,3.0,7.0,1.0,84.16,0.0,76.7,448.0,91.39,715.0,67.63663,62.0
15.0,64.0,0.0,10.0,0.0,127.57,0.0,73.2,273.0,155.34,263.0,44.04177,45.0
12.0,19.0,1.0,3.0,0.0,52.21,1.0,60.1,14.0,46.33,426.0,55.65937,47.0
17.0,39.0,3.0,4.0,0.0,17.33,0.0,54.4,413.0,20.06,1551.0,37.308746,36.0
3.0,6.0,2.0,4.0,0.0,45.5,0.0,78.0,147.0,45.73,661.0,39.447342,38.0
18.0,69.0,1.0,1.0,0.0,115.31,0.0,48.1,313.0,113.95,139.0,35.40928,37.0
21.0,76.0,1.0,2.0,0.0,102.9,1.0,56.9,134.0,119.33,1771.0,61.04186,56.0
11.0,16.0,3.0,6.0,0.0,52.82,1.0,106.0,149.0,66.74,1234.0,58.63514,62.0
13.0,73.0,2.0,11.0,0.0,54.65,0.0,59.5,201.0,51.69,1378.0,32.43926,31.0
3.0,56.0,6.0,12.0,0.0,84.6,0.0,51.6,88.0,93.5,371.0,43.2922,37.0
15.0,93.0,4.0,5.0,0.0,91.17,0.0,83.1,486.0,76.43,1200.0,33.12684,31.0
21.0,97.0,3.0,10.0,0.0,137.33,0.0,70.2,115.0,150.51,933.0,37.580547,37.0
18.0,93.0,6.0,7.0,0.0,120.33,0.0,95.9,244.0,121.84,1232.0,37.748016,46.0
17.0,40.0,3.0,9.0,0.0,127.56,1.0,87.4,367.0,163.87,1448.0,69.40836,72.0
22.0,14.0,3.0,11.0,0.0,115.44,0.0,61.5,269.0,120.18,1203.0,42.568756,44.0
21.0,84.0,4.0,12.0,1.0,118.59,1.0,50.7,290.0,133.6,762.0,82.561295,76.0
5.0,63.0,0.0,5.0,0.0,70.02,0.0,89.5,269.0,59.3,729.0,32.1889,32.0
9.0,97.0,5.0,6.0,0.0,50.95,1.0,82.2,220.0,61.82,1227.0,60.30803,57.0
27.0,38.0,4.0,7.0,0.0,89.16,1.0,100.7,223.0,111.73,1354.0,67.67746,75.0
29.0,95.0,4.0,10.0,0.0,40.34,1.0,64.9,379.0,52.44,635.0,60.22039,54.0
16.0,93.0,4.0,7.0,0.0,61.06,1.0,95.2,380.0,53.88,1679.0,48.98732,30.0
26.0,13.0,6.0,12.0,0.0,61.4,0.0,45.1,150.0,65.85,1854.0,35.311092,29.0
12.0,41.0,4.0,5.0,0.0,20.74,0.0,82.5,433.0,18.49,68.0,36.58853,32.0
10.0,79.0,1.0,2.0,0.0,26.74,0.0,47.1,385.0,31.5,758.0,37.2194,34.0
13.0,67.0,2.0,2.0,0.0,25.25,1.0,58.7,259.0,21.46,510.0,50.639896,57.0
2.0,46.0,4.0,10.0,0.0,82.69,1.0,85.2,127.0,86.75,1964.0,59.06857,60.0
10.0,10.0,1.0,7.0,1.0,106.34,0.0,100.3,236.0,125.83,754.0,66.37204,87.0
8.0,67.0,5.0,9.0,0.0,117.76,1.0,73.7,260.0,133.44,205.0,65.17773,59.0
9.0,62.0,3.0,12.0,0.0,37.02,1.0,50.6,455.0,29.93,1588.0,52.60828,39.0
11.0,74.0,0.0,3.0,0.0,64.45,1.0,51.0,253.0,58.52,1032.0,45.312668,38.0
13.0,87.0,1.0,5.0,0.0,149.62,1.0,91.9,411.0,173.83,237.0,63.29444,65.0
27.0,23.0,0.0,1.0,0.0,125.61,1.0,46.9,315.0,146.16,123.0,53.09394,68.0
24.0,26.0,4.0,5.0,0.0,6.72,1.0,69.1,44.0,8.41,449.0,56.802025,65.0
28.0,62.0,6.0,10.0,0.0,108.55,1.0,83.2,390.0,131.79,173.0,60.237595,53.0
1.0,10.0,1.0,5.0,0.0,142.15,0.0,90.0,384.0,115.42,299.0,18.031694,12.0
13.0,17.0,3.0,3.0,0.0,37.62,1.0,52.8,209.0,37.1,1761.0,53.23387,58.0
18.0,60.0,2.0,11.0,0.0,93.46,1.0,60.2,34.0,118.36,464.0,67.71062,64.0
29.0,24.0,2.0,6.0,0.0,129.76,0.0,85.7,391.0,106.54,791.0,24.396412,23.0
22.0,81.0,6.0,8.0,0.0,140.3,0.0,98.9,252.0,119.8,1418.0,31.314713,33.0
19.0,79.0,0.0,1.0,0.0,135.4,0.0,43.6,440.0,139.28,1644.0,40.03566,30.0
17.0,12.0,4.0,5.0,0.0,126.95,1.0,88.0,199.0,124.11,736.0,51.28449,51.0
3.0,30.0,1.0,2.0,0.0,122.96,1.0,51.6,456.0,124.3,989.0,59.022358,63.0
9.0,59.0,5.0,2.0,0.0,123.59,1.0,49.4,339.0,110.86,977.0,47.623707,44.0
3.0,62.0,2.0,12.0,0.0,105.3,1.0,49.7,77.0,96.09,845.0,54.401848,65.0
21.0,16.0,4.0,11.0,1.0,6.81,0.0,46.8,210.0,5.47,1328.0,56.611526,64.0
24.0,30.0,2.0,6.0,0.0,106.55,0.0,91.9,135.0,110.05,470.0,33.804344,34.0
11.0,76.0,2.0,11.0,1.0,33.17,1.0,47.1,263.0,35.65,1804.0,84.52997,98.0
30.0,13.0,5.0,3.0,0.0,15.99,0.0,72.0,52.0,19.76,802.0,30.326693,29.0
14.0,35.0,4.0,1.0,0.0,122.22,0.0,42.0,472.0,150.44,1461.0,48.27017,48.0
5.0,28.0,6.0,3.0,0.0,48.83,1.0,47.6,358.0,44.06,51.0,53.14058,53.0
19.0,27.0,4.0,6.0,0.0,90.73,0.0,102.0,189.0,117.39,456.0,44.374233,50.0
25.0,29.0,3.0,11.0,0.0,30.58,1.0,49.5,220.0,36.85,506.0,53.329353,49.0
18.0,68.0,3.0,2.0,0.0,97.6,1.0,36.0,69.0,124.64,594.0,66.25271,77.0
10.0,76.0,3.0,8.0,0.0,81.22,0.0,91.3,462.0,82.37,1231.0,40.085407,42.0
18.0,23.0,4.0,4.0,0.0,131.65,0.0,70.3,138.0,149.19,744.0,44.9113,42.0
27.0,68.0,0.0,6.0,0.0,13.37,0.0,78.9,109.0,10.84,847.0,35.909847,40.0
15.0,6.0,1.0,6.0,0.0,90.72,1.0,105.2,418.0,91.29,859.0,56.61708,62.0
2.0,76.0,4.0,11.0,0.0,77.59,1.0,50.3,476.0,62.52,291.0,51.45433,50.0
25.0,17.0,2.0,11.0,0.0,137.1,0.0,57.3,272.0,114.18,1193.0,20.935263,15.0
29.0,66.0,3.0,6.0,0.0,71.92,1.0,88.8,110.0,83.98,61.0,60.265396,57.0
10.0,48.0,5.0,5.0,0.0,143.61,0.0,90.1,305.0,172.36,369.0,49.06356,57.0
1.0,36.0,1.0,2.0,0.0,5.68,1.0,52.0,387.0,6.68,138.0,47.039425,45.0
7.0,30.0,3.0,6.0,0.0,37.37,1.0,96.9,105.0,46.27,1834.0,65.31435,66.0
17.0,23.0,2.0,2.0,0.0,41.55,0.0,28.1,454.0,44.46,341.0,35.130653,36.0
11.0,41.0,3.0,3.0,0.0,15.35,1.0,67.1,12.0,15.24,301.0,51.071663,55.0
16.0,41.0,1.0,7.0,0.0,135.21,1.0,83.4,318.0,141.03,148.0,50.106277,45.0
25.0,31.0,3.0,5.0,0.0,134.41,0.0,78.4,95.0,151.87,398.0,35.296173,39.0
29.0,7.0,3.0,4.0,0.0,30.18,0.0,70.4,73.0,28.45,303.0,42.537033,44.0
16.0,70.0,3.0,10.0,0.0,96.55,0.0,68.0,436.0,111.95,1035.0,33.19513,28.0
1.0,46.0,5.0,3.0,0.0,9.84,1.0,52.7,482.0,8.86,883.0,46.47167,39.0
9.0,68.0,4.0,12.0,0.0,94.06,0.0,60.5,496.0,81.32,1077.0,29.121136,22.0
11.0,93.0,3.0,2.0,0.0,49.96,1.0,47.5,100.0,42.52,68.0,50.927044,49.0
24.0,73.0,5.0,2.0,0.0,99.85,0.0,54.8,428.0,118.44,1452.0,42.2759,40.0
6.0,41.0,2.0,4.0,0.0,125.26,0.0,86.3,191.0,150.17,1930.0,55.971188,61.0
29.0,78.0,3.0,1.0,0.0,132.12,0.0,38.9,194.0,134.87,377.0,42.497517,45.0
23.0,29.0,2.0,4.0,0.0,143.31,1.0,63.5,292.0,120.27,122.0,45.61117,47.0
21.0,52.0,6.0,1.0,0.0,92.52,1.0,39.6,186.0,111.15,1382.0,64.74686,64.0
22.0,51.0,0.0,10.0,0.0,121.41,1.0,61.6,201.0,132.0,1033.0,62.36412,66.0
2.0,56.0,6.0,10.0,0.0,53.17,1.0,82.5,365.0,50.2,1256.0,55.64569,56.0
6.0,70.0,6.0,3.0,0.0,13.4,1.0,60.1,297.0,15.47,1892.0,64.59294,52.0
25.0,72.0,4.0,3.0,0.0,135.05,1.0,54.5,420.0,115.85,1414.0,40.869385,48.0
15.0,15.0,2.0,10.0,0.0,37.45,0.0,61.6,499.0,35.15,1408.0,34.73912,33.0
29.0,53.0,4.0,4.0,0.0,140.03,1.0,58.9,425.0,151.43,1622.0,61.85825,80.0
27.0,21.0,1.0,1.0,0.0,72.69,1.0,52.7,215.0,93.92,580.0,66.29203,66.0
8.0,84.0,1.0,4.0,0.0,42.36,1.0,78.7,189.0,39.62,1106.0,56.266094,54.0
25.0,96.0,4.0,12.0,0.0,30.91,1.0,50.1,223.0,33.89,276.0,48.14252,47.0
19.0,67.0,5.0,2.0,0.0,105.5,1.0,57.8,307.0,107.64,84.0,54.605362,57.0
18.0,73.0,1.0,3.0,0.0,50.93,0.0,40.7,211.0,55.66,1710.0,43.211887,42.0
30.0,69.0,5.0,2.0,0.0,139.84,0.0,58.9,371.0,144.66,104.0,32.552258,41.0
21.0,62.0,3.0,12.0,0.0,95.43,1.0,55.5,407.0,106.13,1824.0,63.378098,61.0
17.0,9.0,3.0,3.0,0.0,85.25,1.0,57.4,251.0,88.59,780.0,53.80728,53.0
12.0,55.0,3.0,2.0,0.0,24.94,0.0,65.0,155.0,23.23,484.0,37.39521,38.0
27.0,100.0,4.0,3.0,0.0,30.98,1.0,57.4,251.0,31.3,1697.0,61.520275,68.0
16.0,12.0,3.0,2.0,0.0,133.46,1.0,35.7,276.0,113.46,1862.0,40.586765,41.0
15.0,71.0,1.0,7.0,0.0,42.67,0.0,105.9,359.0,41.81,1253.0,36.329678,38.0
16.0,62.0,3.0,3.0,0.0,141.0,1.0,52.3,388.0,147.84,1304.0,49.29254,49.0
9.0,96.0,5.0,8.0,0.0,116.42,0.0,84.4,237.0,135.14,408.0,41.891655,44.0
6.0,6.0,1.0,9.0,0.0,68.61,0.0,71.0,89.0,63.17,1136.0,43.915005,45.0
5.0,49.0,5.0,7.0,0.0,8.4,0.0,92.1,484.0,9.53,988.0,40.40685,42.0
21.0,28.0,3.0,11.0,1.0,13.01,1.0,70.3,132.0,14.58,1121.0,82.84812,86.0
30.0,40.0,5.0,5.0,0.0,141.51,1.0,73.0,371.0,115.2,175.0,38.080215,33.0
14.0,44.0,0.0,9.0,0.0,9.77,1.0,77.3,219.0,10.48,187.0,54.081455,59.0
4.0,77.0,4.0,3.0,0.0,20.66,1.0,56.4,65.0,19.32,1334.0,55.02588,59.0
23.0,46.0,1.0,8.0,0.0,23.7,1.0,96.6,149.0,26.05,1922.0,55.947243,48.0
9.0,10.0,2.0,8.0,0.0,84.92,1.0,94.8,223.0,77.65,868.0,49.166836,60.0
28.0,42.0,3.0,4.0,0.0,68.51,0.0,85.1,112.0,59.56,247.0,22.80425,20.0
14.0,97.0,6.0,10.0,0.0,53.48,0.0,78.4,48.0,60.87,1255.0,38.98194,42.0
8.0,23.0,3.0,3.0,0.0,106.17,0.0,48.7,412.0,106.14,1659.0,40.40661,42.0
29.0,46.0,1.0,3.0,0.0,96.46,0.0,52.6,107.0,101.75,1831.0,44.114243,43.0
23.0,76.0,4.0,6.0,0.0,72.66,1.0,88.5,307.0,78.61,819.0,56.35579,68.0
13.0,8.0,1.0,2.0,0.0,98.38,0.0,44.6,70.0,95.23,1397.0,34.53035,39.0
2.0,69.0,0.0,5.0,0.0,6.6,1.0,90.7,481.0,5.62,1992.0,58.61795,62.0
30.0,8.0,1.0,3.0,0.0,120.27,0.0,42.9,219.0,117.32,1431.0,33.82615,34.0
5.0,36.0,2.0,3.0,0.0,149.83,1.0,77.9,307.0,127.96,155.0,42.94525,40.0
22.0,77.0,0.0,2.0,0.0,22.66,0.0,56.9,482.0,21.96,322.0,44.092133,45.0
22.0,55.0,3.0,2.0,0.0,47.08,0.0,54.0,143.0,50.65,499.0,42.020527,45.0
2.0,89.0,5.0,3.0,0.0,19.55,1.0,42.5,357.0,17.34,1794.0,58.412354,69.0
5.0,46.0,6.0,1.0,0.0,105.93,0.0,51.3,349.0,120.45,1880.0,42.946823,40.0
29.0,41.0,2.0,1.0,0.0,7.93,1.0,42.8,251.0,8.55,239.0,58.953743,59.0
14.0,31.0,1.0,4.0,0.0,131.52,0.0,77.9,453.0,162.29,1284.0,52.4435,53.0
7.0,98.0,0.0,9.0,0.0,10.63,1.0,84.2,366.0,9.53,447.0,65.69062,58.0
7.0,87.0,4.0,12.0,0.0,113.01,1.0,53.4,94.0,132.32,496.0,66.58016,75.0
29.0,62.0,6.0,6.0,0.0,141.18,0.0,96.3,240.0,123.61,152.0,28.442495,34.0
29.0,49.0,1.0,2.0,0.0,38.53,1.0,59.2,62.0,34.8,1837.0,59.639797,59.0
6.0,35.0,3.0,3.0,0.0,142.6,1.0,61.6,311.0,154.47,399.0,66.483635,69.0
2.0,12.0,3.0,7.0,1.0,71.31,1.0,102.8,411.0,60.24,334.0,81.73187,85.0
4.0,78.0,0.0,3.0,0.0,81.26,0.0,52.5,306.0,77.54,943.0,32.349667,33.0
23.0,86.0,6.0,5.0,0.0,95.89,1.0,74.4,270.0,113.79,1263.0,65.49163,62.0
29.0,64.0,1.0,1.0,0.0,124.76,0.0,57.8,159.0,102.77,688.0,31.672676,30.0
17.0,53.0,0.0,4.0,0.0,126.55,1.0,79.7,447.0,141.51,825.0,65.22261,61.0
6.0,91.0,4.0,3.0,0.0,69.03,0.0,57.2,428.0,57.03,1020.0,39.3733,35.0
4.0,93.0,0.0,11.0,1.0,122.8,1.0,64.4,18.0,110.76,1979.0,71.955444,94.0
15.0,30.0,4.0,8.0,0.0,77.96,0.0,76.6,154.0,65.8,324.0,25.668295,20.0
8.0,38.0,1.0,6.0,0.0,124.28,0.0,94.1,328.0,138.33,923.0,45.66115,50.0
15.0,56.0,0.0,1.0,0.0,99.39,1.0,51.8,54.0,125.25,1533.0,66.14006,59.0
1.0,5.0,3.0,4.0,0.0,51.78,1.0,74.5,295.0,60.32,1624.0,53.833416,42.0
18.0,13.0,1.0,7.0,1.0,22.59,1.0,94.4,314.0,27.5,696.0,77.98253,97.0
15.0,18.0,1.0,5.0,0.0,76.41,0.0,72.6,253.0,94.34,1798.0,45.34272,46.0
16.0,70.0,1.0,10.0,0.0,28.43,1.0,85.3,396.0,36.73,1653.0,45.244736,38.0
3.0,45.0,6.0,7.0,1.0,106.93,1.0,90.4,174.0,126.03,1206.0,97.908585,109.0
25.0,6.0,1.0,8.0,0.0,63.75,1.0,103.3,178.0,62.82,1218.0,51.32205,46.0
24.0,62.0,1.0,4.0,0.0,53.53,0.0,66.8,397.0,50.97,1771.0,33.612522,40.0
3.0,54.0,6.0,4.0,0.0,6.67,0.0,62.2,337.0,6.12,1357.0,39.969185,44.0
10.0,86.0,1.0,5.0,0.0,61.08,1.0,84.6,365.0,49.82,512.0,51.921253,39.0
6.0,69.0,1.0,11.0,0.0,59.47,1.0,58.0,343.0,49.19,834.0,62.41279,56.0
7.0,60.0,3.0,11.0,0.0,54.87,0.0,52.6,195.0,68.84,790.0,43.613216,40.0
30.0,59.0,6.0,4.0,0.0,51.8,0.0,64.1,323.0,60.08,1612.0,40.156548,42.0
3.0,30.0,2.0,10.0,0.0,129.23,0.0,80.9,205.0,163.66,1349.0,61.166195,58.0
11.0,92.0,4.0,3.0,0.0,91.57,1.0,51.5,449.0,93.34,1731.0,56.27143,49.0
5.0,90.0,2.0,4.0,0.0,30.65,0.0,67.4,211.0,28.37,1980.0,39.739307,35.0
14.0,93.0,0.0,5.0,0.0,95.82,0.0,63.9,24.0,77.06,1687.0,29.288404,32.0
10.0,2.0,0.0,12.0,0.0,77.3,0.0,48.6,192.0,99.85,1011.0,43.49067,42.0
29.0,93.0,2.0,10.0,0.0,33.2,0.0,74.4,305.0,36.1,238.0,42.0852,45.0
16.0,48.0,5.0,10.0,0.0,113.96,1.0,72.4,221.0,145.77,336.0,62.922832,59.0
16.0,13.0,4.0,5.0,0.0,87.94,0.0,77.4,234.0,78.74,1699.0,20.61795,14.0
5.0,64.0,2.0,9.0,0.0,86.98,1.0,72.1,229.0,107.49,1475.0,68.25323,71.0
30.0,50.0,3.0,5.0,0.0,85.88,1.0,74.5,195.0,93.43,1715.0,58.143932,51.0
24.0,9.0,4.0,5.0,0.0,128.32,1.0,84.4,151.0,144.78,123.0,56.059105,57.0
23.0,70.0,2.0,12.0,0.0,124.92,0.0,57.7,440.0,103.87,304.0,23.059675,15.0
18.0,36.0,4.0,2.0,0.0,62.1,1.0,54.7,136.0,52.29,1336.0,56.096157,53.0
7.0,44.0,4.0,10.0,0.0,17.15,1.0,75.1,30.0,21.66,297.0,58.920288,61.0
30.0,84.0,0.0,1.0,0.0,64.36,0.0,47.8,352.0,64.85,848.0,30.55734,26.0
3.0,50.0,3.0,4.0,0.0,98.5,1.0,80.1,73.0,118.51,1323.0,65.322945,73.0
2.0,65.0,1.0,4.0,0.0,54.19,1.0,77.6,379.0,61.05,1217.0,59.378838,55.0
7.0,23.0,4.0,2.0,0.0,55.58,1.0,57.8,98.0,70.65,1255.0,67.016685,71.0
8.0,24.0,4.0,11.0,0.0,90.79,1.0,53.4,127.0,89.79,1740.0,59.336773,65.0
26.0,11.0,4.0,3.0,0.0,85.12,0.0,54.1,59.0,92.99,722.0,29.838106,24.0
6.0,68.0,2.0,4.0,0.0,130.73,0.0,91.3,289.0,113.9,1327.0,37.675865,33.0
23.0,55.0,0.0,1.0,0.0,47.02,1.0,39.0,484.0,37.83,1345.0,53.10971,50.0
28.0,29.0,2.0,5.0,0.0,147.67,1.0,73.3,212.0,129.64,639.0,46.15704,61.0
3.0,75.0,6.0,3.0,0.0,118.42,1.0,60.2,42.0,152.19,579.0,80.254684,82.0
25.0,65.0,6.0,9.0,0.0,90.32,1.0,71.7,306.0,102.52,826.0,54.994774,51.0
4.0,20.0,4.0,2.0,0.0,50.63,0.0,58.0,472.0,51.86,1085.0,32.028313,32.0
4.0,5.0,5.0,9.0,0.0,40.09,0.0,88.4,206.0,36.37,1462.0,34.14981,37.0
15.0,12.0,4.0,7.0,0.0,65.38,1.0,79.3,484.0,80.49,1130.0,65.67607,77.0
6.0,31.0,1.0,3.0,0.0,58.62,1.0,57.4,50.0,61.7,192.0,70.40847,78.0
20.0,56.0,2.0,10.0,0.0,148.8,0.0,70.4,24.0,173.56,234.0,37.37869,33.0
14.0,38.0,5.0,8.0,0.0,105.06,1.0,111.9,286.0,116.63,1350.0,61.211212,63.0
28.0,72.0,2.0,1.0,0.0,77.28,1.0,35.2,176.0,65.14,550.0,43.31035,40.0
12.0,13.0,5.0,9.0,0.0,6.38,0.0,74.3,444.0,6.36,1951.0,38.427723,40.0
28.0,9.0,6.0,1.0,0.0,17.7,1.0,38.2,134.0,20.27,814.0,53.64723,41.0
18.0,82.0,5.0,6.0,0.0,41.34,0.0,101.2,292.0,48.84,245.0,42.742367,44.0
25.0,47.0,1.0,3.0,0.0,28.79,1.0,56.5,140.0,36.27,1305.0,54.310234,53.0
12.0,69.0,4.0,9.0,0.0,29.23,0.0,73.1,58.0,34.82,1645.0,43.17288,50.0
3.0,78.0,6.0,12.0,0.0,44.82,1.0,40.1,145.0,40.1,1666.0,62.232315,66.0
21.0,44.0,4.0,9.0,0.0,29.99,0.0,77.0,228.0,29.81,1544.0,33.441505,29.0
8.0,17.0,0.0,3.0,0.0,136.22,1.0,61.0,203.0,170.28,1937.0,72.52579,78.0
16.0,4.0,0.0,1.0,0.0,15.22,1.0,56.4,437.0,15.96,1730.0,47.82554,56.0
20.0,50.0,2.0,11.0,1.0,12.23,1.0,54.7,317.0,15.29,112.0,73.31938,63.0
9.0,64.0,2.0,1.0,0.0,129.45,0.0,45.6,387.0,145.08,868.0,42.254555,35.0
29.0,90.0,4.0,3.0,0.0,144.32,1.0,58.5,396.0,176.58,1675.0,74.36872,82.0
16.0,82.0,1.0,9.0,0.0,87.61,1.0,75.7,136.0,85.11,295.0,42.704136,42.0
7.0,8.0,3.0,1.0,0.0,48.36,1.0,34.3,184.0,58.37,73.0,67.99136,72.0
4.0,68.0,0.0,4.0,0.0,64.84,1.0,79.1,72.0,53.64,1556.0,49.700302,49.0
17.0,73.0,6.0,8.0,0.0,6.89,0.0,89.6,16.0,7.97,1135.0,32.985413,29.0
11.0,62.0,0.0,1.0,0.0,53.29,0.0,42.9,258.0,47.66,168.0,25.531763,27.0
4.0,16.0,2.0,10.0,0.0,122.32,1.0,77.6,263.0,118.06,1803.0,54.04804,48.0
17.0,68.0,3.0,4.0,0.0,74.6,1.0,81.7,333.0,73.16,328.0,53.760506,43.0
8.0,31.0,4.0,6.0,0.0,27.44,0.0,105.6,484.0,27.46,1102.0,41.994072,42.0
29.0,6.0,6.0,4.0,0.0,83.42,0.0,64.9,340.0,68.63,1478.0,35.511528,38.0
25.0,32.0,0.0,4.0,0.0,67.89,0.0,74.1,38.0,69.38,789.0,31.758862,26.0
6.0,8.0,6.0,6.0,0.0,71.07,0.0,80.5,372.0,83.78,292.0,48.752316,54.0
18.0,34.0,1.0,1.0,0.0,47.52,0.0,33.8,427.0,47.93,669.0,31.840174,36.0
19.0,72.0,6.0,4.0,0.0,100.81,1.0,79.2,30.0,85.52,1855.0,51.480145,47.0
9.0,90.0,6.0,4.0,0.0,45.16,1.0,62.9,476.0,53.6,1231.0,53.32856,53.0
10.0,54.0,4.0,9.0,0.0,146.34,1.0,74.2,431.0,155.18,419.0,62.690285,57.0
12.0,98.0,1.0,1.0,0.0,108.47,1.0,37.9,216.0,99.69,1274.0,55.280594,68.0
29.0,28.0,6.0,7.0,0.0,68.34,0.0,92.4,17.0,74.29,1528.0,44.169308,48.0
15.0,79.0,6.0,7.0,1.0,120.14,1.0,91.3,140.0,140.15,363.0,80.77748,97.0
19.0,50.0,3.0,4.0,0.0,122.36,0.0,77.4,479.0,159.04,296.0,53.980076,49.0
30.0,14.0,2.0,2.0,0.0,125.4,1.0,35.8,378.0,105.99,312.0,41.612823,28.0
14.0,99.0,3.0,9.0,0.0,145.05,1.0,94.4,270.0,133.2,1561.0,50.519848,50.0
20.0,74.0,2.0,10.0,0.0,41.39,1.0,76.3,149.0,49.58,1164.0,49.064182,60.0
27.0,65.0,2.0,11.0,0.0,47.9,1.0,67.0,109.0,46.95,249.0,57.4161,57.0
5.0,28.0,2.0,4.0,0.0,85.67,1.0,70.1,340.0,73.3,1771.0,53.119923,41.0
22.0,95.0,2.0,8.0,0.0,67.87,0.0,96.2,235.0,66.92,757.0,37.164085,39.0
21.0,53.0,2.0,3.0,0.0,23.44,1.0,57.5,37.0,22.23,958.0,54.725216,52.0
3.0,79.0,4.0,3.0,0.0,117.76,1.0,66.9,222.0,123.19,1209.0,62.104897,68.0
5.0,13.0,4.0,10.0,0.0,47.28,1.0,73.3,451.0,43.73,269.0,53.02953,53.0
29.0,63.0,6.0,12.0,0.0,85.54,1.0,56.9,374.0,110.68,636.0,71.09635,72.0
10.0,91.0,5.0,12.0,1.0,35.3,1.0,46.4,422.0,43.99,1419.0,90.01091,91.0
30.0,57.0,6.0,10.0,0.0,71.99,1.0,64.2,101.0,77.54,579.0,54.49715,52.0
23.0,48.0,1.0,4.0,0.0,28.23,1.0,68.3,495.0,27.82,531.0,55.45333,59.0
8.0,97.0,5.0,10.0,0.0,98.87,1.0,70.3,109.0,118.6,1485.0,69.02326,72.0
17.0,24.0,4.0,3.0,0.0,30.25,1.0,33.3,483.0,38.09,401.0,49.8762,48.0
10.0,94.0,0.0,4.0,0.0,122.36,1.0,84.2,448.0,140.98,895.0,66.81817,69.0
22.0,16.0,0.0,12.0,0.0,126.52,1.0,37.9,422.0,146.39,1524.0,61.367992,67.0
4.0,20.0,0.0,1.0,0.0,52.18,0.0,43.2,316.0,62.67,1505.0,35.52079,38.0
1.0,3.0,6.0,9.0,0.0,51.12,1.0,70.2,326.0,65.33,522.0,50.952877,61.0
28.0,76.0,2.0,9.0,0.0,92.81,0.0,66.1,12.0,93.36,944.0,30.37688,25.0
23.0,26.0,5.0,3.0,0.0,92.56,1.0,58.3,276.0,90.2,1686.0,59.751804,75.0
28.0,34.0,5.0,2.0,0.0,16.55,0.0,55.2,213.0,14.25,600.0,28.795082,25.0
6.0,54.0,5.0,5.0,0.0,105.6,1.0,80.3,424.0,108.94,1209.0,57.853577,58.0
27.0,85.0,4.0,2.0,0.0,148.78,0.0,33.2,162.0,133.36,1359.0,32.03495,31.0
20.0,31.0,5.0,12.0,0.0,29.55,0.0,52.8,235.0,36.29,1683.0,34.117928,35.0
14.0,5.0,1.0,1.0,0.0,33.19,1.0,35.5,97.0,29.75,779.0,49.424313,51.0
6.0,49.0,3.0,4.0,0.0,105.28,1.0,57.6,418.0,123.28,733.0,70.635544,81.0
2.0,49.0,2.0,5.0,0.0,52.43,0.0,75.3,287.0,52.48,675.0,41.122433,45.0
12.0,75.0,0.0,4.0,0.0,102.3,1.0,59.3,31.0,103.52,553.0,60.026527,66.0
10.0,37.0,1.0,7.0,1.0,140.98,0.0,91.2,120.0,134.55,1968.0,59.68341,57.0
16.0,76.0,0.0,7.0,1.0,100.17,1.0,85.8,63.0,99.52,803.0,74.52557,78.0
4.0,56.0,1.0,4.0,0.0,38.39,1.0,70.6,22.0,49.01,701.0,50.878284,48.0
21.0,81.0,0.0,3.0,0.0,51.3,1.0,54.6,363.0,54.81,1443.0,55.988136,60.0
12.0,4.0,4.0,8.0,0.0,84.45,1.0,79.0,67.0,101.72,1143.0,64.33467,66.0
10.0,90.0,3.0,10.0,0.0,101.73,1.0,66.5,315.0,106.9,613.0,60.373276,67.0
12.0,2.0,0.0,5.0,0.0,87.06,0.0,77.0,61.0,76.61,1941.0,31.286856,35.0
9.0,46.0,0.0,2.0,0.0,29.63,0.0,43.5,307.0,25.95,1964.0,35.282024,31.0
7.0,78.0,5.0,9.0,0.0,56.52,1.0,69.3,391.0,47.36,1353.0,56.868927,48.0
2.0,83.0,4.0,3.0,0.0,55.73,1.0,57.4,448.0,53.52,1721.0,58.753563,64.0
4.0,82.0,1.0,2.0,0.0,148.1,1.0,46.9,134.0,139.88,1618.0,50.972343,54.0
11.0,75.0,1.0,9.0,0.0,65.22,0.0,106.8,210.0,63.14,1082.0,34.600105,32.0
12.0,13.0,3.0,4.0,0.0,90.66,1.0,70.8,469.0,92.24,246.0,56.505524,50.0
22.0,34.0,0.0,10.0,0.0,116.04,1.0,66.7,355.0,104.75,1545.0,51.932446,48.0
10.0,86.0,1.0,2.0,0.0,73.81,1.0,56.6,424.0,70.03,1139.0,55.856327,62.0
17.0,11.0,3.0,4.0,0.0,55.63,0.0,68.3,118.0,67.03,1432.0,39.92869,43.0
10.0,6.0,4.0,3.0,0.0,93.58,0.0,58.6,43.0,76.89,611.0,29.92297,28.0
7.0,30.0,5.0,9.0,0.0,103.57,1.0,74.9,128.0,111.79,1703.0,66.76614,64.0
1.0,6.0,4.0,5.0,0.0,49.2,0.0,74.4,403.0,57.34,958.0,33.870274,31.0
8.0,14.0,3.0,1.0,0.0,15.52,0.0,35.6,456.0,17.29,1751.0,40.78934,49.0
27.0,74.0,4.0,2.0,0.0,81.05,1.0,66.7,95.0,75.13,851.0,51.54021,50.0
18.0,62.0,3.0,5.0,0.0,66.0,1.0,85.6,339.0,61.39,813.0,53.27652,47.0
2.0,14.0,1.0,4.0,0.0,22.5,1.0,67.8,398.0,26.62,825.0,56.679527,49.0
14.0,48.0,5.0,4.0,0.0,12.04,0.0,85.2,469.0,13.38,1141.0,35.766098,30.0
25.0,21.0,0.0,4.0,0.0,31.99,0.0,62.6,48.0,33.7,155.0,24.312263,21.0
12.0,31.0,6.0,4.0,0.0,85.65,1.0,75.8,48.0,88.34,685.0,60.660275,58.0
25.0,20.0,2.0,2.0,0.0,7.61,0.0,45.9,410.0,8.44,1217.0,28.081034,26.0
10.0,60.0,1.0,6.0,0.0,35.27,1.0,96.4,316.0,28.23,1317.0,53.301422,49.0
11.0,23.0,4.0,3.0,0.0,51.07,0.0,53.2,24.0,44.22,330.0,27.820393,27.0
10.0,22.0,2.0,2.0,0.0,55.3,1.0,56.0,421.0,58.58,1353.0,56.881058,64.0
16.0,67.0,3.0,3.0,0.0,74.86,0.0,47.6,444.0,90.18,236.0,31.6044,29.0
4.0,44.0,1.0,10.0,0.0,121.98,1.0,81.3,341.0,155.59,118.0,67.50818,60.0
26.0,74.0,5.0,1.0,0.0,91.85,1.0,55.7,69.0,100.95,448.0,51.32088,40.0
6.0,67.0,4.0,1.0,0.0,63.38,1.0,41.8,452.0,57.96,1964.0,62.7519,72.0
12.0,92.0,0.0,12.0,1.0,62.73,0.0,45.6,391.0,73.04,1584.0,67.17097,70.0
15.0,45.0,4.0,3.0,0.0,19.93,1.0,44.4,127.0,21.26,1438.0,56.513264,64.0
5.0,85.0,2.0,8.0,0.0,122.03,1.0,90.3,323.0,123.96,1088.0,52.865215,54.0
26.0,32.0,1.0,3.0,0.0,128.87,1.0,62.1,175.0,123.92,1602.0,42.748867,35.0
11.0,55.0,0.0,12.0,0.0,81.45,0.0,34.2,480.0,74.44,578.0,31.954752,25.0
16.0,24.0,2.0,2.0,0.0,11.13,1.0,53.2,396.0,13.94,904.0,39.376266,45.0
10.0,76.0,6.0,11.0,1.0,54.36,0.0,56.3,200.0,68.68,321.0,63.929543,62.0
13.0,92.0,2.0,2.0,0.0,104.22,0.0,39.5,255.0,106.09,1884.0,37.620106,31.0
23.0,83.0,0.0,11.0,0.0,105.9,1.0,61.8,486.0,137.27,581.0,70.38768,81.0
7.0,66.0,4.0,10.0,0.0,57.42,1.0,56.2,272.0,48.3,765.0,57.092274,49.0
18.0,11.0,0.0,3.0,0.0,130.03,0.0,52.5,440.0,164.97,1815.0,51.397484,55.0
4.0,53.0,3.0,10.0,0.0,33.86,1.0,68.3,159.0,39.42,607.0,54.32067,52.0
7.0,28.0,6.0,2.0,0.0,7.44,1.0,46.9,92.0,8.74,407.0,59.51467,60.0
29.0,56.0,6.0,11.0,0.0,33.4,1.0,52.4,58.0,29.09,732.0,51.97884,53.0
24.0,21.0,1.0,1.0,0.0,121.0,1.0,56.0,201.0,109.26,1282.0,44.24258,48.0
25.0,40.0,0.0,4.0,0.0,53.21,0.0,77.9,331.0,65.88,159.0,31.99653,35.0
1.0,97.0,2.0,10.0,0.0,146.63,0.0,84.6,127.0,177.37,1800.0,51.629192,44.0
8.0,41.0,0.0,7.0,1.0,108.53,0.0,96.2,294.0,135.11,345.0,70.49823,87.0
19.0,47.0,4.0,7.0,0.0,9.15,0.0,93.1,141.0,10.31,1759.0,40.310436,43.0
6.0,61.0,6.0,7.0,1.0,37.42,1.0,98.5,37.0,32.16,1832.0,95.4644,92.0
1.0,66.0,4.0,9.0,0.0,33.28,1.0,68.4,416.0,41.44,1508.0,53.985054,56.0
12.0,47.0,4.0,3.0,0.0,42.77,0.0,62.3,245.0,55.16,387.0,46.69705,42.0
2.0,72.0,3.0,1.0,0.0,34.0,0.0,45.4,113.0,28.15,1373.0,37.779675,38.0
16.0,45.0,5.0,2.0,0.0,52.89,1.0,46.0,335.0,61.21,643.0,53.492832,42.0
28.0,75.0,2.0,7.0,1.0,28.99,0.0,92.5,293.0,36.92,1609.0,59.420677,74.0
27.0,13.0,0.0,12.0,1.0,104.32,1.0,28.4,159.0,113.54,1962.0,82.24333,81.0
8.0,9.0,1.0,9.0,0.0,122.42,0.0,100.8,42.0,99.07,920.0,30.02128,26.0
22.0,62.0,2.0,11.0,0.0,137.82,0.0,51.6,88.0,116.41,333.0,30.662212,30.0
22.0,53.0,6.0,8.0,0.0,87.47,1.0,85.9,449.0,100.63,247.0,61.50301,76.0
4.0,18.0,1.0,4.0,0.0,22.7,1.0,65.0,270.0,20.57,1854.0,49.53462,52.0
19.0,60.0,5.0,1.0,0.0,35.46,1.0,38.8,198.0,30.58,173.0,54.04662,57.0
12.0,60.0,2.0,1.0,0.0,51.9,0.0,48.7,293.0,60.38,865.0,43.224396,47.0
8.0,93.0,4.0,4.0,0.0,101.54,1.0,64.0,291.0,99.99,161.0,52.882015,53.0
11.0,45.0,6.0,10.0,0.0,35.9,1.0,58.6,202.0,37.53,1892.0,60.956356,51.0
7.0,88.0,3.0,11.0,0.0,52.28,1.0,69.1,404.0,60.19,913.0,66.692505,58.0
1.0,51.0,3.0,1.0,0.0,6.69,0.0,53.4,142.0,6.39,79.0,23.397367,26.0
11.0,6.0,4.0,3.0,0.0,46.22,0.0,50.6,154.0,48.78,754.0,32.780727,29.0
7.0,16.0,1.0,12.0,0.0,74.44,0.0,46.9,376.0,86.05,622.0,43.81786,46.0
21.0,98.0,5.0,6.0,0.0,88.77,1.0,86.4,213.0,99.79,1558.0,61.94809,58.0
15.0,85.0,4.0,11.0,0.0,110.36,1.0,55.7,406.0,106.74,1512.0,51.470474,49.0
7.0,84.0,5.0,3.0,0.0,8.51,0.0,69.0,31.0,11.03,453.0,36.799187,42.0
21.0,35.0,3.0,5.0,0.0,126.73,0.0,98.7,266.0,145.37,1572.0,43.09503,41.0
9.0,12.0,4.0,4.0,0.0,145.37,0.0,71.0,54.0,137.27,1346.0,29.685408,30.0
6.0,89.0,4.0,4.0,0.0,113.02,0.0,57.9,420.0,94.34,472.0,36.102383,36.0
15.0,8.0,6.0,12.0,0.0,68.95,1.0,53.2,57.0,68.69,781.0,59.37321,62.0
19.0,69.0,0.0,3.0,0.0,149.94,0.0,42.6,435.0,151.74,574.0,35.44513,40.0
11.0,27.0,5.0,2.0,0.0,105.61,1.0,61.9,190.0,107.17,1233.0,58.097553,56.0
1.0,33.0,6.0,10.0,0.0,38.45,1.0,71.0,193.0,33.64,783.0,47.942734,31.0
15.0,83.0,6.0,9.0,0.0,46.52,1.0,68.6,478.0,50.01,1168.0,56.953075,52.0
16.0,3.0,2.0,9.0,0.0,12.12,0.0,87.0,209.0,15.04,1216.0,21.457956,23.0
18.0,71.0,3.0,9.0,0.0,144.11,0.0,69.8,30.0,121.02,777.0,23.499739,25.0
18.0,11.0,5.0,8.0,0.0,25.3,1.0,87.8,20.0,32.08,751.0,57.17,54.0
24.0,87.0,4.0,10.0,0.0,127.94,1.0,76.1,321.0,139.24,337.0,59.904205,54.0
22.0,66.0,0.0,3.0,0.0,101.64,0.0,54.1,200.0,113.5,1132.0,46.255455,47.0
10.0,65.0,5.0,1.0,0.0,130.3,1.0,49.5,241.0,143.6,552.0,56.14186,69.0
7.0,61.0,5.0,6.0,0.0,71.74,1.0,82.6,454.0,89.62,814.0,68.0533,71.0
20.0,74.0,0.0,8.0,0.0,37.4,1.0,92.9,364.0,45.27,355.0,48.548355,38.0
5.0,65.0,4.0,3.0,0.0,44.6,0.0,57.3,361.0,41.39,1489.0,36.17742,34.0
14.0,97.0,5.0,12.0,0.0,149.31,0.0,56.0,299.0,193.21,402.0,52.165936,54.0
15.0,49.0,4.0,3.0,0.0,45.66,0.0,46.5,312.0,42.07,1099.0,36.123184,40.0
2.0,48.0,1.0,8.0,0.0,70.36,1.0,96.8,210.0,67.84,1391.0,61.31118,70.0
14.0,84.0,2.0,1.0,0.0,24.61,0.0,44.9,385.0,24.69,469.0,30.823483,35.0
2.0,98.0,3.0,5.0,0.0,16.51,1.0,78.1,137.0,13.72,552.0,61.432487,53.0
27.0,79.0,6.0,5.0,0.0,19.42,1.0,73.8,270.0,19.55,1961.0,61.229816,64.0
29.0,81.0,0.0,6.0,0.0,112.82,1.0,97.7,47.0,111.39,249.0,58.840157,69.0
15.0,65.0,0.0,12.0,0.0,13.72,1.0,44.4,309.0,14.46,1250.0,51.354637,61.0
7.0,46.0,2.0,4.0,0.0,122.25,1.0,78.7,12.0,115.21,1693.0,57.737083,40.0
6.0,67.0,6.0,4.0,0.0,139.56,0.0,63.8,343.0,166.47,1882.0,55.02533,60.0
19.0,62.0,1.0,6.0,0.0,40.79,1.0,103.2,164.0,36.2,1852.0,55.428253,55.0
19.0,74.0,5.0,3.0,0.0,134.1,0.0,65.2,27.0,132.57,993.0,34.627323,28.0
18.0,67.0,1.0,7.0,1.0,27.86,0.0,93.1,106.0,24.59,332.0,61.876125,67.0
4.0,76.0,3.0,9.0,0.0,99.65,0.0,75.3,122.0,89.58,895.0,26.955994,28.0
7.0,99.0,6.0,4.0,0.0,45.63,1.0,79.8,259.0,38.6,835.0,56.434395,61.0
17.0,27.0,0.0,1.0,0.0,88.49,1.0,45.9,365.0,110.32,1937.0,68.20749,56.0
25.0,81.0,5.0,1.0,0.0,140.88,0.0,32.1,440.0,171.14,109.0,39.246876,40.0
29.0,13.0,3.0,1.0,0.0,130.21,0.0,47.4,95.0,168.9,443.0,51.29535,50.0
2.0,62.0,0.0,5.0,0.0,147.02,0.0,97.1,323.0,177.35,1348.0,53.880707,49.0
23.0,76.0,5.0,4.0,0.0,111.3,1.0,68.4,197.0,142.95,552.0,64.96716,75.0
14.0,49.0,0.0,6.0,0.0,40.89,1.0,86.1,433.0,36.81,708.0,51.30299,58.0
24.0,58.0,4.0,6.0,0.0,80.67,1.0,96.7,367.0,104.6,1823.0,67.50371,64.0
26.0,26.0,1.0,10.0,0.0,123.68,0.0,66.5,482.0,118.46,829.0,26.173601,31.0
14.0,47.0,0.0,4.0,0.0,85.67,0.0,80.3,157.0,100.96,1861.0,46.673878,42.0
4.0,9.0,6.0,1.0,0.0,95.42,1.0,51.8,30.0,94.56,1675.0,56.1248,64.0
3.0,1.0,2.0,12.0,1.0,131.63,1.0,51.5,262.0,133.24,1646.0,83.3538,86.0
12.0,44.0,0.0,4.0,0.0,44.14,1.0,70.9,443.0,52.96,562.0,61.45028,66.0
21.0,16.0,5.0,2.0,0.0,61.72,0.0,41.5,181.0,80.06,1613.0,39.243023,43.0
22.0,10.0,1.0,3.0,0.0,7.95,0.0,56.5,246.0,6.58,1902.0,46.44316,45.0
9.0,15.0,0.0,1.0,0.0,95.76,0.0,48.1,368.0,78.04,1390.0,26.526377,27.0
30.0,34.0,4.0,1.0,0.0,37.21,1.0,36.2,388.0,46.47,561.0,51.924294,40.0
2.0,25.0,3.0,7.0,0.0,65.48,0.0,104.2,407.0,74.69,225.0,42.291737,41.0
6.0,82.0,6.0,6.0,0.0,111.35,0.0,101.4,365.0,124.86,382.0,46.488064,54.0
22.0,7.0,6.0,10.0,0.0,42.71,0.0,58.5,150.0,36.69,1539.0,41.154816,40.0
24.0,17.0,4.0,2.0,0.0,78.62,0.0,43.7,102.0,93.68,856.0,39.072647,36.0
7.0,88.0,0.0,2.0,0.0,119.61,1.0,45.7,480.0,130.84,1778.0,66.07127,65.0
14.0,60.0,4.0,4.0,0.0,80.85,1.0,68.9,281.0,75.74,1985.0,55.122223,57.0
11.0,44.0,2.0,2.0,0.0,16.57,0.0,47.0,246.0,17.13,649.0,29.469566,27.0
25.0,65.0,4.0,11.0,0.0,106.88,1.0,54.3,177.0,86.87,1990.0,41.465652,31.0
17.0,96.0,1.0,1.0,0.0,32.75,1.0,31.9,489.0,29.22,1543.0,54.743492,43.0
30.0,43.0,1.0,4.0,0.0,37.07,1.0,60.3,393.0,47.59,1604.0,53.930027,64.0
23.0,44.0,0.0,10.0,0.0,72.35,0.0,67.9,198.0,85.02,1552.0,41.938812,36.0
1.0,49.0,2.0,6.0,0.0,108.89,1.0,102.6,328.0,90.98,153.0,36.900635,51.0
17.0,96.0,3.0,4.0,0.0,91.0,1.0,60.3,90.0,111.46,293.0,61.692608,66.0
17.0,37.0,2.0,3.0,0.0,8.24,1.0,53.8,95.0,9.74,257.0,52.967922,61.0
27.0,18.0,3.0,11.0,0.0,9.9,0.0,62.4,214.0,8.62,1859.0,40.063408,41.0
27.0,67.0,1.0,3.0,0.0,22.72,0.0,49.3,425.0,24.56,1580.0,38.075607,38.0
6.0,92.0,5.0,9.0,0.0,148.71,0.0,90.2,349.0,139.33,900.0,35.301163,37.0
16.0,80.0,3.0,6.0,0.0,130.35,1.0,94.3,389.0,111.22,97.0,40.393654,37.0
25.0,36.0,3.0,1.0,0.0,98.02,1.0,54.9,169.0,108.94,1947.0,58.223225,62.0
1.0,38.0,2.0,11.0,0.0,17.56,0.0,56.4,385.0,15.63,365.0,31.49483,30.0
13.0,74.0,1.0,3.0,0.0,16.85,1.0,72.6,76.0,20.67,529.0,49.199154,37.0
16.0,92.0,1.0,11.0,0.0,46.3,1.0,68.6,383.0,56.29,646.0,49.014782,50.0
10.0,32.0,6.0,12.0,0.0,126.89,1.0,45.2,212.0,105.66,645.0,42.98276,35.0
7.0,80.0,0.0,8.0,0.0,129.56,0.0,84.7,348.0,154.41,809.0,51.085552,56.0
27.0,99.0,2.0,1.0,0.0,122.19,1.0,52.4,209.0,154.91,1038.0,66.34537,68.0
13.0,4.0,5.0,4.0,0.0,113.77,1.0,57.7,63.0,112.12,1943.0,53.377995,54.0
21.0,59.0,6.0,2.0,0.0,144.07,1.0,54.3,21.0,130.6,186.0,49.50806,52.0
28.0,52.0,4.0,3.0,0.0,131.99,1.0,54.8,197.0,116.67,1275.0,45.065575,35.0
27.0,57.0,0.0,1.0,0.0,50.03,0.0,38.4,249.0,53.13,1604.0,40.176712,40.0
11.0,35.0,2.0,10.0,0.0,118.47,1.0,76.9,456.0,120.93,433.0,53.599403,44.0
20.0,77.0,6.0,7.0,1.0,102.07,1.0,112.0,33.0,123.08,1623.0,86.84447,111.0
19.0,29.0,2.0,1.0,0.0,51.77,1.0,48.9,152.0,47.37,1873.0,62.31581,70.0
12.0,54.0,6.0,8.0,0.0,37.13,1.0,94.4,298.0,38.66,417.0,59.649498,68.0
15.0,73.0,1.0,3.0,0.0,63.27,1.0,62.0,200.0,68.27,1289.0,56.280926,67.0
2.0,93.0,4.0,9.0,0.0,96.91,0.0,86.4,238.0,120.31,508.0,49.23588,51.0
14.0,56.0,1.0,2.0,0.0,12.73,1.0,45.4,203.0,11.24,1132.0,50.628582,52.0
1.0,4.0,2.0,8.0,0.0,114.42,0.0,95.2,342.0,132.57,1157.0,39.354755,43.0
29.0,9.0,0.0,6.0,0.0,103.04,0.0,85.6,331.0,93.05,1597.0,38.96393,37.0
3.0,81.0,0.0,1.0,0.0,133.62,0.0,43.8,414.0,170.55,1848.0,54.706688,61.0
3.0,96.0,3.0,6.0,0.0,27.58,0.0,79.7,318.0,22.22,1002.0,38.87849,35.0
29.0,46.0,0.0,11.0,0.0,130.13,1.0,57.6,489.0,160.2,431.0,65.36667,73.0
24.0,9.0,5.0,9.0,0.0,92.93,1.0,87.8,433.0,118.22,1497.0,64.80096,63.0
21.0,21.0,6.0,2.0,0.0,146.57,0.0,46.4,477.0,168.35,1136.0,43.780273,40.0
12.0,81.0,3.0,9.0,0.0,139.15,0.0,88.1,404.0,114.01,825.0,23.961626,25.0
3.0,16.0,0.0,12.0,0.0,16.76,1.0,42.7,486.0,17.95,1086.0,60.36605,53.0
8.0,80.0,2.0,11.0,0.0,86.41,1.0,51.5,496.0,111.56,846.0,67.175186,79.0
23.0,39.0,6.0,11.0,1.0,105.01,0.0,61.6,466.0,135.62,1584.0,80.60008,74.0
14.0,15.0,5.0,3.0,0.0,59.42,1.0,53.9,493.0,56.78,1679.0,53.0014,47.0
3.0,21.0,4.0,7.0,0.0,107.69,0.0,88.9,62.0,90.28,1078.0,32.746113,29.0
6.0,17.0,6.0,2.0,0.0,29.2,0.0,51.7,138.0,26.05,1860.0,45.526043,46.0
15.0,68.0,5.0,9.0,0.0,127.93,1.0,71.1,296.0,114.24,1564.0,46.734486,48.0
26.0,43.0,4.0,5.0,0.0,134.48,1.0,90.2,116.0,119.57,363.0,35.141457,31.0
25.0,78.0,0.0,3.0,0.0,39.61,0.0,61.1,92.0,42.09,1710.0,32.732674,27.0
5.0,71.0,1.0,6.0,0.0,45.78,0.0,87.3,393.0,44.32,1319.0,35.232777,31.0
2.0,99.0,6.0,11.0,0.0,141.24,0.0,63.6,404.0,114.11,901.0,27.346062,20.0
24.0,24.0,5.0,7.0,0.0,98.47,1.0,101.9,342.0,117.75,379.0,56.57365,65.0
17.0,63.0,6.0,7.0,0.0,131.51,0.0,87.1,372.0,138.27,1297.0,43.010277,41.0
25.0,3.0,4.0,2.0,0.0,67.3,1.0,32.6,24.0,62.77,1073.0,45.09484,55.0
28.0,48.0,0.0,11.0,1.0,35.81,0.0,62.7,74.0,43.41,764.0,61.113007,60.0
25.0,94.0,1.0,12.0,0.0,10.38,0.0,42.6,124.0,13.08,1194.0,31.650297,39.0
11.0,28.0,0.0,11.0,1.0,67.1,0.0,58.6,235.0,80.76,1887.0,65.433586,65.0
17.0,72.0,4.0,10.0,0.0,148.2,1.0,66.9,353.0,176.63,604.0,70.0544,59.0
25.0,96.0,1.0,1.0,0.0,131.36,0.0,42.1,173.0,144.24,1413.0,41.23676,31.0
3.0,13.0,2.0,5.0,0.0,70.34,0.0,82.3,122.0,86.95,1591.0,44.600006,46.0
14.0,67.0,5.0,3.0,0.0,66.0,1.0,60.6,424.0,67.0,173.0,52.0669,46.0
16.0,17.0,2.0,5.0,0.0,117.08,0.0,87.8,156.0,120.69,1927.0,31.054893,25.0
30.0,85.0,5.0,4.0,0.0,119.68,1.0,76.5,202.0,149.0,1415.0,63.627693,59.0
30.0,20.0,3.0,10.0,0.0,65.17,0.0,70.4,221.0,54.72,527.0,25.354301,21.0
1.0,27.0,6.0,2.0,0.0,117.51,1.0,51.0,323.0,103.72,131.0,40.981,50.0
2.0,51.0,2.0,5.0,0.0,86.01,0.0,66.9,336.0,106.0,471.0,44.069195,47.0
22.0,3.0,0.0,4.0,0.0,133.4,1.0,62.0,108.0,121.34,464.0,49.15303,62.0
25.0,14.0,3.0,2.0,0.0,93.86,0.0,52.8,489.0,89.28,1110.0,26.725685,31.0
9.0,79.0,3.0,4.0,0.0,135.61,1.0,66.8,190.0,171.88,1921.0,73.60019,75.0
26.0,100.0,6.0,12.0,0.0,112.77,1.0,48.8,264.0,114.08,1399.0,50.96962,46.0
25.0,60.0,0.0,5.0,0.0,29.05,0.0,86.0,29.0,31.27,898.0,29.091454,31.0
8.0,91.0,2.0,2.0,0.0,130.27,0.0,34.4,263.0,123.84,1082.0,37.85865,35.0
27.0,36.0,5.0,11.0,0.0,99.44,1.0,53.5,49.0,90.26,824.0,46.508465,41.0
30.0,78.0,0.0,5.0,0.0,95.08,0.0,78.8,381.0,85.74,906.0,25.321674,24.0
7.0,97.0,5.0,12.0,0.0,148.45,1.0,42.1,93.0,158.07,1532.0,65.14755,67.0
29.0,50.0,4.0,1.0,0.0,83.68,0.0,49.5,329.0,71.51,636.0,30.474619,32.0
15.0,42.0,2.0,1.0,0.0,51.07,1.0,35.4,435.0,64.36,1681.0,56.894215,62.0
4.0,55.0,6.0,10.0,0.0,12.49,0.0,80.0,344.0,11.34,944.0,30.801443,40.0
9.0,54.0,4.0,5.0,0.0,91.32,0.0,99.4,128.0,109.35,344.0,41.142513,35.0
26.0,18.0,4.0,1.0,0.0,56.31,1.0,51.1,118.0,53.53,55.0,42.010117,46.0
19.0,72.0,5.0,10.0,0.0,78.28,1.0,65.8,113.0,72.14,1013.0,53.920948,49.0
24.0,50.0,6.0,4.0,0.0,59.57,1.0,68.1,296.0,71.21,135.0,53.38374,60.0
3.0,93.0,3.0,2.0,0.0,127.4,0.0,59.5,203.0,112.71,1400.0,35.20285,36.0
17.0,87.0,4.0,5.0,0.0,148.6,0.0,85.1,194.0,179.21,215.0,46.680187,54.0
9.0,42.0,1.0,2.0,0.0,35.2,1.0,60.5,160.0,45.6,1424.0,52.197044,65.0
30.0,13.0,4.0,12.0,1.0,51.28,0.0,35.8,462.0,58.54,1863.0,67.329605,71.0
20.0,39.0,0.0,1.0,0.0,94.77,0.0,47.4,488.0,85.93,813.0,24.12728,26.0
11.0,62.0,2.0,6.0,0.0,63.68,1.0,74.8,433.0,72.06,1816.0,59.863853,62.0
2.0,51.0,1.0,8.0,0.0,35.11,1.0,94.5,489.0,44.82,648.0,59.03776,52.0
2.0,53.0,4.0,10.0,0.0,124.88,0.0,78.1,434.0,123.59,1170.0,38.034863,45.0
2.0,10.0,3.0,5.0,0.0,129.36,0.0,65.8,119.0,119.96,833.0,34.613598,37.0
6.0,28.0,0.0,4.0,0.0,59.67,0.0,76.6,444.0,58.82,1042.0,43.871964,44.0
21.0,70.0,5.0,12.0,0.0,20.22,0.0,43.6,489.0,16.45,1154.0,28.711285,23.0
6.0,82.0,4.0,10.0,0.0,90.62,0.0,75.3,303.0,82.08,888.0,42.65489,48.0
5.0,93.0,2.0,3.0,0.0,83.62,0.0,42.2,425.0,90.27,321.0,42.02393,41.0
3.0,19.0,6.0,4.0,0.0,13.84,1.0,73.4,452.0,11.3,133.0,57.127937,47.0
4.0,2.0,4.0,9.0,0.0,86.6,1.0,76.8,188.0,97.0,799.0,55.267746,63.0
28.0,81.0,3.0,2.0,0.0,117.25,1.0,50.2,382.0,151.18,1753.0,70.41387,68.0
4.0,73.0,6.0,4.0,0.0,141.67,1.0,52.7,444.0,167.3,782.0,65.615074,65.0
27.0,78.0,6.0,2.0,0.0,145.15,1.0,40.9,239.0,122.41,1151.0,46.58817,54.0
5.0,60.0,0.0,2.0,0.0,85.67,1.0,61.2,77.0,91.79,489.0,55.95623,67.0
9.0,52.0,2.0,10.0,0.0,6.12,1.0,63.9,49.0,7.59,1315.0,52.821453,59.0
15.0,29.0,1.0,4.0,0.0,57.53,0.0,71.3,282.0,71.46,703.0,44.45044,46.0
17.0,66.0,2.0,11.0,0.0,81.77,1.0,58.2,81.0,87.01,358.0,55.936493,49.0
23.0,52.0,6.0,3.0,0.0,38.9,0.0,48.9,364.0,32.52,563.0,32.831024,28.0
1.0,55.0,2.0,3.0,0.0,142.5,0.0,51.0,370.0,131.03,1430.0,25.949392,22.0
24.0,34.0,1.0,6.0,0.0,148.93,1.0,78.1,235.0,160.81,1403.0,57.233856,56.0
10.0,11.0,2.0,11.0,1.0,21.26,1.0,54.5,392.0,26.76,261.0,84.95088,80.0
2.0,65.0,1.0,5.0,0.0,104.86,1.0,88.3,393.0,90.39,149.0,45.56071,42.0
14.0,15.0,0.0,7.0,0.0,138.75,1.0,97.1,412.0,125.79,1978.0,51.140293,50.0
25.0,4.0,1.0,1.0,0.0,6.16,1.0,36.8,175.0,6.36,827.0,53.15598,61.0
3.0,73.0,3.0,1.0,0.0,69.47,0.0,56.4,418.0,88.15,225.0,44.491302,44.0
15.0,22.0,6.0,9.0,0.0,89.09,0.0,77.2,155.0,101.22,1359.0,43.473537,40.0
2.0,65.0,1.0,7.0,0.0,129.54,0.0,95.5,496.0,168.26,141.0,48.60942,50.0
27.0,97.0,1.0,4.0,0.0,97.1,1.0,85.0,486.0,94.51,776.0,56.610714,53.0
1.0,72.0,6.0,12.0,0.0,86.09,0.0,57.7,59.0,106.41,493.0,39.015755,44.0
10.0,5.0,1.0,3.0,0.0,97.35,1.0,48.0,414.0,101.6,800.0,55.949856,52.0
16.0,70.0,5.0,3.0,0.0,115.73,0.0,69.6,358.0,109.81,1063.0,21.358213,15.0
26.0,4.0,0.0,4.0,0.0,128.99,1.0,84.9,243.0,140.86,870.0,56.17402,52.0
22.0,45.0,3.0,3.0,0.0,48.82,1.0,61.2,303.0,41.75,185.0,62.572784,69.0
24.0,96.0,0.0,7.0,0.0,121.41,1.0,102.5,124.0,136.9,1471.0,57.636127,52.0
26.0,62.0,3.0,3.0,0.0,41.79,0.0,69.4,467.0,42.86,635.0,23.56925,22.0
12.0,11.0,4.0,4.0,0.0,109.42,0.0,74.3,178.0,100.75,905.0,29.511522,30.0
14.0,62.0,0.0,11.0,0.0,117.14,0.0,47.6,11.0,146.82,255.0,45.457355,40.0
12.0,54.0,0.0,3.0,0.0,56.17,1.0,74.2,436.0,45.43,1882.0,60.366173,47.0
16.0,6.0,3.0,2.0,0.0,103.3,1.0,49.5,308.0,127.59,1911.0,57.925472,64.0
18.0,43.0,1.0,3.0,0.0,81.41,1.0,61.2,62.0,99.12,1258.0,63.57594,68.0
29.0,92.0,3.0,7.0,0.0,52.62,0.0,90.3,19.0,52.3,1377.0,41.42252,39.0
8.0,80.0,1.0,9.0,0.0,73.45,0.0,70.3,269.0,71.19,1014.0,38.162464,42.0
30.0,7.0,3.0,8.0,0.0,117.93,0.0,89.1,293.0,151.21,111.0,48.669064,48.0
5.0,73.0,3.0,4.0,0.0,86.8,0.0,79.6,20.0,108.5,1862.0,51.859814,45.0
11.0,63.0,0.0,1.0,0.0,59.86,1.0,49.4,72.0,52.4,509.0,51.486877,50.0
2.0,30.0,1.0,1.0,0.0,28.28,0.0,49.2,270.0,33.82,1866.0,42.878662,45.0
11.0,78.0,0.0,2.0,0.0,69.69,0.0,54.2,356.0,63.57,1183.0,29.551058,29.0
9.0,97.0,0.0,4.0,0.0,67.33,0.0,80.3,17.0,76.43,554.0,36.34375,37.0
22.0,50.0,5.0,5.0,0.0,73.77,0.0,83.4,321.0,65.31,1571.0,38.91139,42.0
10.0,90.0,1.0,2.0,0.0,26.14,1.0,48.7,221.0,27.65,1056.0,59.887756,67.0
20.0,48.0,4.0,12.0,0.0,51.92,1.0,47.3,278.0,67.49,842.0,57.275978,53.0
4.0,15.0,2.0,3.0,0.0,41.84,1.0,63.8,198.0,45.54,88.0,52.38162,51.0
7.0,74.0,5.0,9.0,0.0,44.85,0.0,79.5,336.0,55.72,465.0,40.21302,35.0
27.0,43.0,6.0,9.0,0.0,83.74,1.0,80.3,340.0,82.64,1290.0,52.013134,46.0
30.0,33.0,0.0,3.0,0.0,59.02,1.0,59.0,154.0,76.29,1929.0,58.899094,50.0
28.0,90.0,3.0,3.0,0.0,65.27,0.0,58.2,164.0,79.41,462.0,38.781452,39.0
6.0,83.0,0.0,6.0,0.0,57.89,0.0,89.5,441.0,51.87,1244.0,40.336044,37.0
3.0,40.0,4.0,4.0,0.0,125.31,0.0,69.4,412.0,151.02,1867.0,52.495262,53.0
28.0,99.0,3.0,12.0,0.0,96.14,1.0,54.2,71.0,86.12,642.0,45.03759,41.0
23.0,48.0,6.0,8.0,0.0,142.24,0.0,84.0,170.0,155.93,200.0,43.80489,43.0
9.0,99.0,6.0,3.0,0.0,85.8,1.0,57.9,386.0,77.21,686.0,42.82747,34.0
2.0,76.0,5.0,9.0,0.0,11.61,1.0,84.0,142.0,10.89,126.0,53.734943,59.0
30.0,5.0,3.0,3.0,0.0,75.55,0.0,50.5,190.0,71.26,763.0,28.257408,31.0
19.0,54.0,1.0,3.0,0.0,87.18,0.0,52.6,188.0,108.56,537.0,42.016083,42.0
8.0,78.0,5.0,6.0,0.0,107.61,1.0,103.2,189.0,132.77,1539.0,69.90742,87.0
24.0,90.0,6.0,4.0,0.0,62.62,0.0,81.8,264.0,77.33,677.0,41.55102,44.0
15.0,50.0,6.0,1.0,0.0,105.73,0.0,45.2,225.0,93.43,148.0,29.65489,28.0
26.0,99.0,3.0,12.0,1.0,149.59,1.0,42.5,362.0,168.49,1338.0,91.23737,78.0
20.0,13.0,5.0,12.0,0.0,47.7,0.0,39.3,491.0,51.72,243.0,27.078901,16.0
30.0,50.0,1.0,3.0,0.0,113.41,0.0,68.2,269.0,147.16,1702.0,48.56186,51.0
6.0,20.0,0.0,2.0,0.0,73.63,0.0,41.1,435.0,70.91,718.0,39.33893,41.0
19.0,59.0,0.0,2.0,0.0,98.97,0.0,50.2,253.0,89.9,1530.0,33.02744,33.0
8.0,50.0,5.0,12.0,1.0,92.74,0.0,48.3,357.0,91.12,935.0,58.84878,58.0
26.0,18.0,6.0,10.0,0.0,93.95,1.0,75.4,279.0,91.5,973.0,46.641315,55.0
24.0,27.0,6.0,3.0,0.0,19.77,0.0,57.1,194.0,16.91,125.0,31.120453,34.0
30.0,19.0,2.0,2.0,0.0,22.64,0.0,63.9,23.0,19.95,183.0,27.898998,23.0
21.0,42.0,6.0,3.0,0.0,101.82,1.0,42.2,298.0,102.48,132.0,52.886135,53.0
27.0,74.0,5.0,1.0,0.0,135.76,1.0,41.6,161.0,140.2,1422.0,57.368988,51.0
4.0,45.0,0.0,6.0,0.0,127.02,0.0,97.9,199.0,145.5,405.0,39.25685,49.0
27.0,16.0,0.0,11.0,1.0,66.85,1.0,67.8,193.0,85.2,1537.0,87.35724,89.0
24.0,40.0,0.0,9.0,0.0,118.3,0.0,84.9,483.0,96.77,1348.0,25.831894,21.0
30.0,10.0,6.0,1.0,0.0,52.47,0.0,49.3,194.0,49.99,94.0,30.132786,28.0
9.0,43.0,2.0,4.0,0.0,88.51,0.0,66.2,206.0,113.48,764.0,41.66561,41.0
24.0,51.0,4.0,7.0,1.0,78.48,1.0,86.8,395.0,91.13,316.0,83.11799,89.0
28.0,97.0,0.0,1.0,0.0,33.42,0.0,48.9,437.0,41.95,322.0,35.854675,38.0
1.0,77.0,5.0,8.0,0.0,90.99,0.0,92.9,452.0,76.08,1914.0,27.673784,26.0
4.0,36.0,2.0,3.0,0.0,28.84,1.0,49.3,27.0,30.85,792.0,53.938705,61.0
27.0,94.0,4.0,9.0,0.0,131.19,1.0,85.7,409.0,141.63,611.0,57.344402,62.0
21.0,82.0,0.0,3.0,0.0,30.32,1.0,40.1,200.0,38.1,194.0,56.16306,61.0
15.0,91.0,1.0,5.0,0.0,52.84,0.0,76.7,67.0,67.8,1572.0,43.439713,44.0
2.0,56.0,6.0,1.0,0.0,83.39,1.0,47.6,157.0,76.91,716.0,52.55669,51.0
20.0,18.0,2.0,3.0,0.0,43.9,1.0,51.6,271.0,48.14,729.0,45.726276,42.0
12.0,13.0,0.0,10.0,0.0,25.5,1.0,76.8,466.0,32.32,964.0,63.76285,71.0
16.0,92.0,3.0,11.0,1.0,12.64,0.0,59.1,127.0,10.54,1318.0,55.45081,39.0
2.0,59.0,6.0,11.0,1.0,149.59,0.0,67.1,17.0,187.62,272.0,74.221146,89.0
4.0,37.0,2.0,3.0,0.0,42.6,0.0,68.4,345.0,34.59,1744.0,35.269386,37.0
4.0,74.0,6.0,11.0,0.0,118.75,0.0,41.4,11.0,121.95,1079.0,38.338913,26.0
5.0,3.0,4.0,6.0,0.0,106.72,1.0,84.1,315.0,121.22,1885.0,66.2453,69.0
23.0,28.0,2.0,10.0,0.0,123.96,0.0,72.2,200.0,108.26,1367.0,28.159286,30.0
15.0,22.0,1.0,11.0,0.0,115.75,1.0,49.6,350.0,119.47,1489.0,54.633995,56.0
16.0,76.0,6.0,8.0,0.0,141.51,0.0,82.4,198.0,130.68,1665.0,23.583858,16.0
25.0,24.0,6.0,2.0,0.0,79.08,1.0,44.3,117.0,81.8,1089.0,45.75952,44.0
22.0,7.0,2.0,2.0,0.0,78.93,0.0,39.9,137.0,81.12,1074.0,40.44602,39.0
23.0,17.0,2.0,12.0,0.0,54.03,1.0,55.8,486.0,60.47,1002.0,62.655846,64.0
13.0,90.0,5.0,1.0,0.0,74.08,1.0,39.2,142.0,88.5,389.0,61.91362,68.0
14.0,11.0,6.0,8.0,0.0,27.13,0.0,76.2,87.0,25.23,1359.0,31.606504,30.0
11.0,41.0,6.0,3.0,0.0,147.9,1.0,53.9,371.0,140.23,1562.0,52.623566,47.0
26.0,87.0,2.0,11.0,1.0,101.36,0.0,61.1,182.0,100.0,1045.0,59.49889,63.0
21.0,67.0,4.0,6.0,0.0,90.62,1.0,74.6,18.0,86.31,1381.0,56.934902,43.0
30.0,27.0,5.0,4.0,0.0,99.8,1.0,66.8,105.0,81.11,1980.0,48.785393,45.0
30.0,15.0,1.0,3.0,0.0,122.07,0.0,55.7,414.0,148.84,1768.0,48.48984,40.0
4.0,75.0,6.0,11.0,1.0,28.95,1.0,59.4,58.0,36.66,349.0,79.62503,86.0
14.0,77.0,2.0,4.0,0.0,25.0,0.0,66.5,400.0,26.03,1835.0,38.552017,43.0
10.0,6.0,4.0,2.0,0.0,104.59,0.0,46.2,168.0,109.34,1787.0,40.338863,41.0
25.0,15.0,6.0,4.0,0.0,30.87,1.0,67.3,193.0,37.85,1445.0,50.910686,50.0
4.0,48.0,5.0,11.0,0.0,57.69,1.0,58.7,375.0,55.11,1037.0,51.154053,48.0
3.0,92.0,4.0,3.0,0.0,127.67,0.0,57.4,297.0,117.8,477.0,32.72967,27.0
11.0,15.0,5.0,8.0,0.0,35.2,0.0,109.4,380.0,45.25,998.0,37.19298,32.0
2.0,71.0,4.0,1.0,0.0,117.77,1.0,41.2,10.0,118.99,1273.0,54.249577,66.0
10.0,54.0,0.0,2.0,0.0,113.43,0.0,37.7,48.0,128.99,548.0,43.431713,42.0
4.0,24.0,6.0,6.0,0.0,101.84,0.0,96.1,377.0,128.75,1436.0,43.23226,42.0
29.0,3.0,6.0,6.0,0.0,118.66,1.0,94.1,449.0,122.23,281.0,57.14653,59.0
1.0,43.0,5.0,3.0,0.0,43.11,1.0,58.4,369.0,52.85,1529.0,54.603577,39.0
22.0,6.0,6.0,11.0,0.0,99.36,0.0,54.2,171.0,91.56,460.0,37.332283,37.0
11.0,3.0,2.0,9.0,0.0,87.12,1.0,86.9,204.0,98.05,1106.0,51.72003,67.0
20.0,52.0,4.0,8.0,0.0,6.14,1.0,104.0,199.0,6.38,1390.0,50.865585,30.0
23.0,72.0,2.0,5.0,0.0,99.18,1.0,70.4,17.0,114.83,569.0,63.16833,75.0
29.0,57.0,5.0,12.0,0.0,139.83,1.0,41.7,391.0,150.26,1098.0,59.781757,67.0
14.0,21.0,4.0,11.0,0.0,5.75,0.0,44.5,202.0,5.19,628.0,33.38759,29.0
22.0,58.0,2.0,2.0,0.0,86.3,1.0,46.2,182.0,94.66,1125.0,66.69543,69.0
3.0,34.0,0.0,4.0,0.0,120.32,0.0,72.9,459.0,154.83,1634.0,56.577885,55.0
30.0,50.0,5.0,2.0,0.0,94.28,1.0,33.7,106.0,91.53,1698.0,54.879074,43.0
17.0,5.0,3.0,3.0,0.0,49.23,0.0,67.4,355.0,39.48,295.0,30.999376,24.0
3.0,12.0,6.0,11.0,0.0,21.74,0.0,63.9,75.0,17.75,1116.0,42.092896,42.0
26.0,80.0,2.0,5.0,0.0,40.57,0.0,85.9,462.0,34.04,880.0,23.609808,23.0
26.0,76.0,5.0,1.0,0.0,33.27,0.0,45.5,41.0,29.82,269.0,25.214138,17.0
21.0,88.0,4.0,11.0,1.0,134.77,0.0,51.3,467.0,122.84,284.0,50.23307,58.0
16.0,86.0,5.0,9.0,0.0,50.05,1.0,76.8,130.0,45.58,1776.0,45.309814,46.0
8.0,45.0,5.0,4.0,0.0,10.27,0.0,67.3,284.0,9.77,1207.0,42.38722,48.0
5.0,41.0,0.0,1.0,0.0,83.89,1.0,57.0,294.0,75.74,1866.0,57.240593,60.0
27.0,64.0,3.0,5.0,0.0,108.84,0.0,87.1,271.0,108.08,398.0,33.037853,34.0
20.0,63.0,0.0,12.0,1.0,131.14,1.0,38.6,319.0,136.11,234.0,78.843834,72.0
12.0,69.0,4.0,4.0,0.0,21.55,1.0,55.7,177.0,19.11,1557.0,63.790783,56.0
20.0,15.0,1.0,7.0,0.0,147.38,0.0,94.3,476.0,145.85,122.0,29.55312,22.0
13.0,85.0,6.0,8.0,0.0,83.74,0.0,97.9,407.0,97.09,761.0,39.741783,35.0
20.0,32.0,3.0,4.0,0.0,100.27,0.0,70.4,156.0,127.86,767.0,42.807602,44.0
14.0,48.0,3.0,12.0,0.0,43.36,0.0,41.5,355.0,40.31,1522.0,37.924164,39.0
8.0,29.0,6.0,3.0,0.0,79.52,1.0,60.9,292.0,97.75,1661.0,71.47923,74.0
5.0,53.0,2.0,11.0,0.0,48.37,1.0,58.3,312.0,55.03,1178.0,53.977306,58.0
3.0,89.0,1.0,5.0,0.0,38.25,0.0,75.3,393.0,36.99,1268.0,41.863678,45.0
19.0,58.0,3.0,4.0,0.0,28.69,1.0,51.3,470.0,34.67,1502.0,61.29699,65.0
10.0,72.0,2.0,1.0,0.0,57.94,0.0,54.2,498.0,65.29,586.0,42.046867,45.0
20.0,46.0,2.0,11.0,0.0,6.73,1.0,62.0,129.0,7.61,1908.0,45.623596,39.0
18.0,55.0,2.0,2.0,0.0,111.52,1.0,52.6,379.0,114.65,1353.0,58.740105,67.0
6.0,26.0,1.0,9.0,0.0,19.84,0.0,98.3,318.0,20.68,1108.0,53.575172,56.0
1.0,78.0,6.0,3.0,0.0,65.17,1.0,47.1,458.0,67.25,1253.0,52.591393,43.0
30.0,90.0,1.0,6.0,0.0,25.53,0.0,88.6,418.0,26.79,1365.0,35.14897,37.0
11.0,93.0,1.0,10.0,0.0,9.81,1.0,68.1,184.0,8.67,93.0,54.249058,54.0
22.0,39.0,2.0,4.0,0.0,126.26,0.0,73.2,159.0,123.5,139.0,33.73117,42.0
10.0,7.0,4.0,3.0,0.0,65.33,1.0,66.1,260.0,64.63,767.0,54.52982,52.0
17.0,98.0,1.0,12.0,0.0,6.49,1.0,48.2,242.0,7.23,1858.0,59.77079,59.0
14.0,15.0,4.0,5.0,0.0,36.67,0.0,78.9,49.0,35.65,1712.0,35.0662,30.0
28.0,19.0,5.0,1.0,0.0,110.44,0.0,47.1,394.0,106.83,615.0,27.308783,22.0
3.0,46.0,5.0,12.0,1.0,21.01,1.0,46.2,468.0,24.15,1974.0,83.75177,92.0
21.0,83.0,2.0,3.0,0.0,118.19,0.0,54.6,36.0,139.33,391.0,43.01878,41.0
22.0,67.0,2.0,8.0,0.0,120.75,0.0,89.7,451.0,126.17,911.0,44.360836,46.0
30.0,1.0,1.0,12.0,0.0,41.53,1.0,34.7,48.0,39.29,1776.0,55.760098,48.0
9.0,100.0,1.0,12.0,0.0,120.18,0.0,52.6,79.0,132.44,1295.0,43.36204,39.0
18.0,46.0,1.0,3.0,0.0,6.39,0.0,56.0,266.0,5.94,321.0,34.66201,36.0
12.0,22.0,6.0,12.0,0.0,97.95,1.0,51.2,130.0,101.81,1751.0,64.36832,51.0
17.0,85.0,2.0,2.0,0.0,142.27,1.0,52.8,491.0,152.07,1921.0,60.62672,53.0
20.0,49.0,6.0,2.0,0.0,34.2,1.0,36.6,397.0,38.5,1071.0,50.50367,61.0
15.0,89.0,0.0,4.0,0.0,126.52,0.0,57.0,372.0,107.83,654.0,25.856222,29.0
13.0,19.0,3.0,4.0,0.0,80.99,0.0,70.2,334.0,103.77,1215.0,42.866493,44.0
3.0,15.0,5.0,9.0,0.0,99.38,1.0,82.8,108.0,85.84,470.0,49.354805,42.0
10.0,25.0,4.0,5.0,0.0,81.7,0.0,96.4,352.0,75.06,1780.0,38.10721,36.0
29.0,65.0,2.0,5.0,0.0,49.94,0.0,66.9,496.0,47.43,829.0,38.891712,42.0
18.0,43.0,4.0,2.0,0.0,139.04,0.0,44.8,479.0,116.65,211.0,21.342054,22.0
13.0,66.0,5.0,3.0,0.0,19.73,0.0,77.0,263.0,24.09,1372.0,37.732254,33.0
8.0,61.0,4.0,5.0,0.0,142.53,1.0,77.5,430.0,173.35,218.0,68.643364,70.0
1.0,52.0,4.0,8.0,0.0,71.82,1.0,106.4,340.0,86.25,318.0,50.750572,51.0
26.0,96.0,6.0,10.0,0.0,123.94,0.0,63.8,366.0,100.56,342.0,18.469057,8.0
3.0,72.0,4.0,6.0,0.0,49.17,0.0,100.1,170.0,56.5,1129.0,44.17636,51.0
9.0,68.0,6.0,3.0,0.0,56.69,0.0,59.2,130.0,58.08,181.0,32.185402,32.0
14.0,75.0,3.0,11.0,0.0,107.38,1.0,57.6,498.0,93.86,1286.0,49.758015,47.0
26.0,63.0,3.0,4.0,0.0,145.48,1.0,67.2,284.0,163.29,1402.0,58.249844,62.0
7.0,89.0,2.0,4.0,0.0,73.96,1.0,65.7,246.0,85.12,608.0,63.615692,63.0
6.0,54.0,4.0,5.0,0.0,140.46,1.0,95.2,67.0,124.85,365.0,54.1112,54.0
29.0,83.0,4.0,10.0,0.0,82.97,1.0,57.7,387.0,104.38,1761.0,66.30331,80.0
3.0,94.0,0.0,11.0,0.0,50.18,0.0,39.3,165.0,61.12,480.0,46.403595,49.0
24.0,75.0,4.0,3.0,0.0,36.62,1.0,46.1,372.0,35.26,1038.0,51.181404,64.0
20.0,86.0,5.0,4.0,0.0,94.02,1.0,80.6,128.0,79.8,60.0,34.53801,41.0
27.0,47.0,6.0,6.0,0.0,31.19,1.0,91.5,262.0,29.43,1753.0,58.62032,68.0
2.0,81.0,4.0,4.0,0.0,51.21,0.0,79.3,196.0,49.16,1549.0,40.993195,44.0
7.0,49.0,1.0,1.0,0.0,24.67,0.0,44.5,359.0,25.88,1109.0,43.39116,50.0
19.0,35.0,2.0,6.0,0.0,110.85,1.0,92.3,274.0,127.68,223.0,59.779655,55.0
26.0,97.0,5.0,2.0,0.0,45.43,1.0,59.9,434.0,45.41,1449.0,48.312374,45.0
9.0,47.0,1.0,5.0,0.0,23.5,1.0,88.2,373.0,26.76,1247.0,54.732334,50.0
20.0,8.0,6.0,7.0,0.0,105.64,1.0,92.0,30.0,110.15,873.0,52.591995,56.0
2.0,52.0,4.0,8.0,0.0,26.49,1.0,81.7,15.0,25.88,1537.0,59.02905,61.0
6.0,58.0,2.0,2.0,0.0,68.49,1.0,53.8,204.0,56.17,627.0,61.326977,76.0
13.0,82.0,4.0,1.0,0.0,81.43,0.0,31.1,227.0,95.63,292.0,41.130672,46.0
14.0,92.0,3.0,2.0,0.0,127.65,0.0,54.2,244.0,140.45,1665.0,37.797623,43.0
12.0,53.0,3.0,6.0,0.0,75.85,0.0,103.1,348.0,87.75,1524.0,46.093815,49.0
3.0,41.0,6.0,2.0,0.0,148.24,1.0,67.9,325.0,121.75,541.0,44.093643,40.0
2.0,20.0,2.0,9.0,0.0,111.13,0.0,85.6,182.0,134.87,70.0,44.746128,42.0
10.0,56.0,5.0,7.0,0.0,80.87,0.0,102.8,368.0,82.41,1282.0,40.647476,38.0
7.0,37.0,0.0,6.0,0.0,86.65,0.0,100.7,312.0,93.49,1884.0,45.537262,45.0
23.0,79.0,5.0,2.0,0.0,73.98,0.0,60.5,27.0,81.64,1873.0,39.940968,38.0
17.0,97.0,6.0,10.0,0.0,101.17,0.0,80.3,180.0,118.01,232.0,40.779053,38.0
30.0,34.0,5.0,3.0,0.0,50.53,1.0,50.3,439.0,42.24,1830.0,50.566086,50.0
1.0,31.0,2.0,3.0,0.0,23.2,0.0,62.6,249.0,22.08,110.0,29.41264,27.0
21.0,37.0,4.0,2.0,0.0,53.98,1.0,53.3,363.0,44.29,811.0,48.24522,39.0
15.0,80.0,5.0,7.0,1.0,98.0,0.0,94.9,133.0,93.99,387.0,60.336967,73.0
9.0,81.0,6.0,11.0,0.0,119.67,1.0,58.3,447.0,106.26,124.0,49.319977,53.0
25.0,42.0,1.0,9.0,0.0,10.05,1.0,83.0,371.0,8.37,1015.0,44.614697,42.0
26.0,79.0,4.0,2.0,0.0,83.39,0.0,47.6,324.0,77.61,1550.0,23.272394,19.0
30.0,90.0,5.0,3.0,0.0,146.42,0.0,57.7,204.0,131.91,1748.0,27.457478,25.0
5.0,6.0,1.0,3.0,0.0,65.24,1.0,68.7,491.0,64.81,530.0,53.471817,40.0
23.0,13.0,0.0,7.0,0.0,25.9,0.0,110.0,319.0,20.75,752.0,31.23198,36.0
24.0,86.0,3.0,2.0,0.0,138.04,0.0,50.8,295.0,155.54,1145.0,41.95769,40.0
7.0,54.0,0.0,5.0,0.0,42.14,0.0,98.0,203.0,41.99,1751.0,42.871555,45.0
7.0,76.0,5.0,1.0,0.0,98.83,1.0,52.3,470.0,83.01,1565.0,52.545887,54.0
12.0,92.0,3.0,4.0,0.0,148.33,1.0,71.8,111.0,169.05,1296.0,67.63416,65.0
2.0,51.0,1.0,1.0,0.0,96.16,1.0,39.7,499.0,99.13,1783.0,60.34251,59.0
3.0,39.0,2.0,9.0,0.0,42.89,0.0,95.5,198.0,52.96,834.0,45.81341,44.0
19.0,78.0,3.0,5.0,0.0,110.33,1.0,79.4,141.0,113.05,1887.0,63.572266,60.0
12.0,90.0,6.0,8.0,0.0,92.69,0.0,82.6,196.0,94.55,1049.0,38.744156,40.0
18.0,11.0,6.0,10.0,0.0,119.53,1.0,71.3,108.0,123.11,1176.0,55.417416,53.0
15.0,99.0,3.0,8.0,0.0,135.97,1.0,82.5,453.0,139.27,141.0,54.93894,62.0
19.0,80.0,3.0,4.0,0.0,73.72,1.0,72.5,75.0,82.18,184.0,57.203037,71.0
8.0,30.0,0.0,9.0,0.0,104.13,0.0,74.5,317.0,120.97,897.0,51.83217,47.0
2.0,96.0,0.0,3.0,0.0,17.24,1.0,56.8,13.0,20.62,1030.0,57.98467,52.0
30.0,65.0,0.0,11.0,1.0,93.84,0.0,66.7,173.0,78.81,601.0,53.8217,40.0
4.0,100.0,2.0,1.0,0.0,7.58,1.0,53.0,461.0,9.18,314.0,47.068336,48.0
2.0,19.0,1.0,9.0,0.0,23.23,1.0,75.1,405.0,29.17,498.0,51.33344,53.0
9.0,96.0,1.0,3.0,0.0,106.72,1.0,45.6,105.0,105.39,1391.0,49.673416,63.0
2.0,52.0,2.0,12.0,0.0,9.53,0.0,51.0,27.0,12.05,1233.0,39.26864,35.0
18.0,32.0,0.0,1.0,0.0,111.93,1.0,57.6,392.0,111.5,1413.0,57.02417,67.0
27.0,69.0,0.0,10.0,0.0,92.02,0.0,79.9,317.0,119.07,1850.0,47.982044,56.0
4.0,60.0,5.0,4.0,0.0,73.81,1.0,57.8,492.0,91.09,1665.0,57.71613,56.0
9.0,5.0,4.0,8.0,0.0,135.17,1.0,97.4,31.0,175.56,83.0,72.75003,82.0
30.0,41.0,6.0,4.0,0.0,69.23,0.0,74.5,186.0,80.62,1605.0,39.001503,34.0
8.0,56.0,3.0,5.0,0.0,16.01,1.0,88.1,489.0,13.03,116.0,50.059914,60.0
14.0,37.0,0.0,7.0,0.0,57.34,1.0,84.1,241.0,53.38,469.0,48.975418,48.0
9.0,63.0,1.0,1.0,0.0,127.73,0.0,35.1,315.0,121.53,501.0,34.241074,30.0
2.0,8.0,4.0,2.0,0.0,17.94,0.0,62.6,111.0,22.55,155.0,42.070835,41.0
30.0,26.0,6.0,2.0,0.0,12.89,1.0,48.8,169.0,10.88,548.0,56.515198,61.0
29.0,22.0,6.0,8.0,0.0,113.01,1.0,99.9,319.0,95.5,586.0,51.522297,37.0
22.0,68.0,1.0,1.0,0.0,132.15,0.0,47.7,491.0,121.64,87.0,33.23553,32.0
29.0,58.0,4.0,4.0,0.0,66.52,1.0,75.9,468.0,80.51,147.0,65.59862,77.0
10.0,24.0,4.0,4.0,0.0,65.1,0.0,64.1,51.0,69.95,51.0,34.091377,28.0
11.0,86.0,4.0,8.0,0.0,56.41,0.0,96.4,407.0,65.73,504.0,32.781807,35.0
26.0,23.0,3.0,4.0,0.0,148.04,0.0,69.6,472.0,191.02,672.0,42.048763,47.0
2.0,60.0,0.0,5.0,0.0,66.53,0.0,76.3,159.0,71.72,487.0,38.40934,39.0
6.0,39.0,0.0,3.0,0.0,40.65,0.0,53.0,463.0,47.14,1053.0,45.829365,52.0
29.0,95.0,2.0,11.0,0.0,96.13,1.0,59.2,68.0,107.57,1265.0,65.28784,62.0
27.0,90.0,0.0,1.0,0.0,21.65,1.0,43.5,462.0,19.55,198.0,51.020657,58.0
26.0,36.0,5.0,10.0,0.0,10.9,0.0,74.7,75.0,11.75,832.0,25.28486,30.0
26.0,86.0,4.0,1.0,0.0,120.77,0.0,45.1,37.0,130.63,236.0,35.219337,22.0
8.0,56.0,5.0,2.0,0.0,55.06,1.0,40.3,317.0,50.38,775.0,56.116722,46.0
7.0,72.0,3.0,1.0,0.0,40.57,0.0,49.8,284.0,51.26,1454.0,46.412636,49.0
29.0,55.0,1.0,10.0,0.0,29.83,1.0,86.4,55.0,36.08,353.0,59.65077,51.0
30.0,75.0,4.0,4.0,0.0,142.91,1.0,74.6,454.0,151.84,1309.0,58.782074,62.0
6.0,30.0,5.0,10.0,0.0,96.56,1.0,50.1,308.0,103.97,1485.0,70.23613,62.0
15.0,19.0,1.0,10.0,0.0,32.06,1.0,59.9,427.0,36.02,717.0,55.809498,53.0
1.0,11.0,1.0,11.0,0.0,10.07,0.0,60.4,472.0,12.48,1129.0,30.015947,35.0
26.0,93.0,5.0,6.0,0.0,97.06,1.0,85.6,367.0,113.47,246.0,51.67511,63.0
2.0,85.0,5.0,11.0,1.0,91.72,0.0,62.5,444.0,115.19,659.0,68.94868,79.0
25.0,23.0,3.0,3.0,0.0,12.0,1.0,56.2,431.0,14.59,1582.0,52.074768,57.0
13.0,19.0,3.0,1.0,0.0,61.56,0.0,42.8,162.0,69.7,1720.0,35.744682,41.0
12.0,52.0,6.0,11.0,1.0,39.41,0.0,63.1,418.0,51.13,1003.0,68.47742,81.0
18.0,26.0,1.0,6.0,0.0,123.47,0.0,101.4,226.0,137.22,1944.0,46.82093,58.0
22.0,87.0,6.0,1.0,0.0,42.33,1.0,39.1,68.0,52.94,999.0,66.563774,74.0
16.0,93.0,6.0,11.0,0.0,49.01,1.0,67.3,146.0,55.51,860.0,55.36065,62.0
11.0,67.0,6.0,7.0,0.0,109.43,0.0,91.8,26.0,116.75,1696.0,39.852997,40.0
23.0,7.0,0.0,8.0,0.0,82.24,0.0,105.3,370.0,81.04,1791.0,39.13408,40.0
19.0,93.0,0.0,7.0,0.0,40.56,1.0,86.0,194.0,39.81,1189.0,55.97793,71.0
6.0,92.0,4.0,2.0,0.0,141.52,0.0,38.8,357.0,178.25,1143.0,56.203682,64.0
24.0,51.0,3.0,6.0,0.0,84.17,0.0,94.4,32.0,93.96,967.0,40.40957,36.0
4.0,70.0,0.0,2.0,0.0,96.41,1.0,48.6,406.0,121.02,1398.0,60.16113,61.0
13.0,64.0,2.0,3.0,0.0,103.02,0.0,62.6,381.0,103.14,1817.0,36.147854,36.0
17.0,69.0,3.0,5.0,0.0,10.08,1.0,83.3,245.0,11.81,495.0,57.218292,52.0
30.0,100.0,3.0,6.0,0.0,24.18,0.0,93.7,288.0,29.63,589.0,35.91628,35.0
2.0,40.0,3.0,2.0,0.0,75.3,0.0,41.1,72.0,63.21,700.0,32.243824,30.0
21.0,33.0,0.0,4.0,0.0,59.01,1.0,72.7,210.0,48.43,708.0,43.481968,40.0
3.0,3.0,0.0,11.0,0.0,129.85,1.0,57.0,153.0,138.98,916.0,64.40377,53.0
23.0,68.0,3.0,4.0,0.0,30.78,0.0,70.7,70.0,38.14,1864.0,41.772446,41.0
17.0,70.0,6.0,3.0,0.0,43.06,1.0,60.9,289.0,42.74,542.0,48.744904,53.0
8.0,97.0,6.0,10.0,0.0,59.87,1.0,75.0,173.0,76.19,1614.0,70.57941,68.0
8.0,5.0,6.0,2.0,0.0,57.06,0.0,62.0,294.0,50.25,603.0,36.28134,35.0
14.0,60.0,0.0,8.0,0.0,49.29,0.0,90.0,357.0,42.24,1034.0,29.431341,29.0
15.0,9.0,0.0,5.0,0.0,148.45,1.0,74.5,286.0,159.63,1742.0,63.984814,59.0
23.0,20.0,0.0,12.0,0.0,71.68,1.0,51.9,363.0,66.42,539.0,51.344852,55.0
1.0,91.0,0.0,3.0,0.0,59.63,0.0,59.0,377.0,53.8,355.0,26.822262,19.0
23.0,81.0,0.0,2.0,0.0,121.11,1.0,48.3,202.0,137.36,1154.0,65.489624,62.0
13.0,1.0,6.0,3.0,0.0,135.83,0.0,52.4,301.0,135.28,1096.0,34.943726,37.0
30.0,66.0,2.0,11.0,0.0,118.83,0.0,52.7,421.0,130.9,1658.0,37.64986,36.0
23.0,14.0,3.0,11.0,0.0,136.83,0.0,48.6,128.0,149.67,216.0,42.304462,42.0
14.0,72.0,2.0,12.0,0.0,50.08,0.0,43.0,414.0,58.73,1756.0,43.312057,48.0
22.0,77.0,3.0,7.0,0.0,56.34,0.0,108.4,104.0,57.32,1377.0,46.149048,53.0
6.0,40.0,6.0,12.0,1.0,15.24,0.0,40.0,45.0,14.37,578.0,65.88652,69.0
20.0,85.0,1.0,6.0,0.0,108.1,1.0,82.8,474.0,140.27,688.0,62.81407,62.0
20.0,88.0,0.0,10.0,0.0,120.64,1.0,66.1,488.0,129.28,227.0,51.818787,50.0
26.0,40.0,3.0,12.0,0.0,62.08,1.0,54.1,11.0,53.2,482.0,41.649704,47.0
7.0,9.0,2.0,2.0,0.0,89.69,1.0,44.6,321.0,110.15,829.0,63.930843,66.0
3.0,13.0,6.0,4.0,0.0,33.1,1.0,63.6,286.0,40.71,687.0,62.135426,70.0
16.0,8.0,2.0,4.0,0.0,145.83,1.0,80.0,484.0,122.92,855.0,38.884624,40.0
30.0,31.0,0.0,7.0,1.0,60.14,0.0,99.8,386.0,70.1,1376.0,64.58757,57.0
14.0,48.0,1.0,12.0,1.0,115.32,0.0,41.5,168.0,106.29,1059.0,56.952133,61.0
5.0,49.0,5.0,6.0,0.0,5.92,0.0,94.0,301.0,7.54,757.0,40.65753,40.0
9.0,64.0,2.0,5.0,0.0,115.18,0.0,89.9,251.0,131.43,1932.0,45.528522,45.0
15.0,56.0,6.0,12.0,0.0,131.78,0.0,50.8,98.0,126.15,208.0,30.313831,26.0
14.0,65.0,3.0,3.0,0.0,96.39,0.0,63.4,424.0,117.46,959.0,42.96363,43.0
17.0,10.0,4.0,11.0,0.0,143.79,0.0,65.2,74.0,162.54,102.0,43.991566,43.0
7.0,63.0,0.0,3.0,0.0,111.31,0.0,48.1,385.0,106.99,1894.0,44.24105,43.0
23.0,87.0,6.0,4.0,0.0,116.75,0.0,68.9,409.0,142.03,994.0,45.96726,47.0
6.0,90.0,4.0,2.0,0.0,19.63,1.0,51.0,353.0,16.53,724.0,65.506325,71.0
15.0,11.0,3.0,3.0,0.0,82.78,1.0,54.3,340.0,97.64,926.0,59.75253,63.0
16.0,46.0,0.0,1.0,0.0,78.24,1.0,41.4,374.0,70.5,990.0,42.093464,39.0
19.0,57.0,3.0,3.0,0.0,51.7,0.0,52.6,279.0,43.31,1607.0,37.42588,34.0
6.0,68.0,2.0,4.0,0.0,78.84,0.0,59.1,160.0,77.1,500.0,42.651154,36.0
26.0,48.0,4.0,4.0,0.0,144.36,1.0,77.9,135.0,167.1,1841.0,60.538467,57.0
7.0,20.0,1.0,3.0,0.0,121.17,0.0,59.9,467.0,107.77,902.0,31.049103,25.0
25.0,75.0,4.0,4.0,0.0,64.97,0.0,67.9,260.0,80.37,1211.0,40.317005,39.0
18.0,100.0,1.0,2.0,0.0,10.4,1.0,42.1,345.0,10.22,254.0,54.41982,63.0
23.0,28.0,0.0,2.0,0.0,5.78,1.0,36.8,158.0,5.63,568.0,55.983463,47.0
17.0,35.0,0.0,4.0,0.0,47.49,1.0,67.9,217.0,48.91,1538.0,59.208996,50.0
11.0,46.0,1.0,4.0,0.0,126.14,1.0,68.2,446.0,147.69,1453.0,60.57786,69.0
25.0,68.0,3.0,7.0,0.0,46.48,1.0,105.0,50.0,44.66,1070.0,51.61475,33.0
15.0,32.0,2.0,7.0,0.0,83.15,0.0,97.8,465.0,75.44,816.0,29.287235,32.0
17.0,57.0,6.0,11.0,0.0,97.6,0.0,41.4,477.0,87.93,1246.0,32.46116,29.0
13.0,85.0,4.0,3.0,0.0,71.51,0.0,57.6,91.0,80.6,1512.0,38.229225,36.0
10.0,64.0,3.0,2.0,0.0,25.45,0.0,52.5,81.0,29.53,456.0,42.52185,40.0
15.0,11.0,2.0,5.0,0.0,51.2,1.0,88.8,445.0,45.93,915.0,49.01765,43.0
29.0,35.0,5.0,9.0,0.0,85.52,1.0,71.4,121.0,80.83,576.0,54.724632,61.0
1.0,9.0,2.0,1.0,0.0,139.05,1.0,31.3,288.0,179.11,228.0,60.931515,61.0
8.0,87.0,5.0,11.0,0.0,31.06,0.0,54.0,446.0,33.73,1664.0,44.102383,38.0
4.0,27.0,5.0,5.0,0.0,66.67,1.0,81.9,322.0,82.31,383.0,56.585407,60.0
18.0,33.0,4.0,3.0,0.0,65.39,1.0,47.3,15.0,83.86,1770.0,70.17137,80.0
25.0,68.0,5.0,3.0,0.0,99.1,1.0,59.4,362.0,95.16,177.0,51.34945,44.0
11.0,79.0,1.0,4.0,0.0,103.2,1.0,67.2,18.0,90.76,879.0,52.48326,34.0
29.0,93.0,6.0,1.0,0.0,136.64,0.0,48.5,330.0,123.6,656.0,34.35402,32.0
11.0,99.0,2.0,9.0,0.0,96.91,1.0,87.9,282.0,117.25,1969.0,63.822365,54.0
13.0,24.0,2.0,1.0,0.0,38.34,0.0,39.9,24.0,38.99,1634.0,31.004099,29.0
8.0,83.0,3.0,1.0,0.0,63.56,1.0,58.6,57.0,65.17,972.0,55.285313,52.0
6.0,44.0,1.0,10.0,0.0,61.96,1.0,72.2,489.0,62.47,241.0,65.074615,59.0
26.0,45.0,4.0,9.0,0.0,71.85,0.0,88.4,101.0,71.64,57.0,30.463861,26.0
4.0,59.0,1.0,2.0,0.0,105.86,0.0,47.9,228.0,95.02,1218.0,31.411482,27.0
8.0,70.0,5.0,1.0,0.0,79.1,0.0,38.7,343.0,81.11,1230.0,35.126186,36.0
27.0,18.0,4.0,2.0,0.0,125.46,1.0,58.1,251.0,112.52,1771.0,48.729214,47.0
17.0,65.0,5.0,9.0,0.0,46.65,0.0,82.5,108.0,39.11,1422.0,31.931133,25.0
20.0,46.0,1.0,10.0,0.0,32.43,0.0,66.1,18.0,40.34,1170.0,30.331654,24.0
23.0,11.0,6.0,5.0,0.0,72.32,0.0,57.7,271.0,77.58,1633.0,38.816185,44.0
18.0,10.0,5.0,4.0,0.0,9.95,1.0,75.6,387.0,8.07,1850.0,57.794212,65.0
19.0,46.0,1.0,8.0,0.0,107.05,1.0,90.3,218.0,117.77,1034.0,59.62419,64.0
23.0,63.0,6.0,5.0,0.0,104.52,0.0,92.3,466.0,122.64,212.0,44.187782,44.0
26.0,18.0,1.0,2.0,0.0,119.06,1.0,62.6,138.0,121.68,1415.0,48.27592,45.0
11.0,46.0,0.0,7.0,0.0,23.57,1.0,93.2,449.0,20.77,97.0,48.340515,41.0
26.0,95.0,6.0,9.0,0.0,33.94,0.0,67.4,394.0,29.25,1211.0,23.630753,22.0
8.0,66.0,6.0,7.0,0.0,147.25,0.0,104.4,89.0,143.88,138.0,34.899937,32.0
15.0,76.0,2.0,2.0,0.0,54.19,1.0,32.2,64.0,69.86,1763.0,62.024677,64.0
29.0,28.0,0.0,9.0,0.0,134.59,1.0,75.9,371.0,129.21,442.0,49.388973,59.0
9.0,19.0,5.0,10.0,0.0,53.36,1.0,70.3,188.0,58.75,289.0,53.95544,57.0
18.0,2.0,6.0,11.0,0.0,147.13,1.0,61.5,200.0,148.2,1664.0,56.708443,55.0
12.0,79.0,6.0,4.0,0.0,95.14,1.0,69.0,18.0,106.44,67.0,60.353527,59.0
4.0,9.0,5.0,12.0,1.0,57.45,1.0,36.2,243.0,48.37,1601.0,84.64927,75.0
24.0,56.0,5.0,2.0,0.0,33.17,1.0,40.9,74.0,39.48,1195.0,50.50686,66.0
29.0,70.0,4.0,1.0,0.0,71.92,1.0,34.3,372.0,86.73,1439.0,64.80787,60.0
8.0,87.0,4.0,3.0,0.0,121.19,1.0,62.1,317.0,146.8,819.0,68.273186,64.0
29.0,53.0,0.0,1.0,0.0,115.89,0.0,51.9,239.0,145.09,168.0,48.22322,62.0
27.0,52.0,0.0,2.0,0.0,114.79,1.0,39.8,326.0,130.2,1845.0,62.848877,70.0
7.0,99.0,5.0,12.0,1.0,77.35,1.0,65.1,483.0,86.49,433.0,88.888916,70.0
25.0,29.0,0.0,2.0,0.0,14.76,0.0,31.2,365.0,15.64,296.0,31.843584,40.0
28.0,29.0,0.0,12.0,1.0,122.11,0.0,61.5,168.0,125.3,1039.0,56.89649,64.0
30.0,35.0,2.0,7.0,0.0,103.48,0.0,97.2,316.0,117.0,975.0,41.821686,43.0
4.0,82.0,0.0,3.0,0.0,40.74,1.0,57.8,329.0,35.22,1529.0,52.68362,48.0
16.0,9.0,0.0,1.0,0.0,65.62,1.0,53.0,464.0,78.49,1186.0,44.756985,61.0
3.0,10.0,5.0,12.0,0.0,12.58,0.0,52.7,116.0,15.03,1929.0,47.72846,54.0
12.0,85.0,4.0,2.0,0.0,118.83,0.0,35.7,192.0,101.54,1103.0,30.219852,29.0
24.0,17.0,6.0,8.0,0.0,149.8,0.0,94.1,187.0,154.06,239.0,34.009148,31.0
8.0,28.0,4.0,4.0,0.0,56.09,0.0,63.6,239.0,71.31,1456.0,44.375156,45.0
11.0,90.0,0.0,8.0,0.0,105.86,1.0,96.1,198.0,130.9,1473.0,64.04933,62.0
30.0,39.0,6.0,3.0,0.0,129.84,0.0,55.2,43.0,133.17,898.0,35.784454,32.0
12.0,30.0,4.0,1.0,0.0,140.31,0.0,51.5,146.0,167.74,182.0,44.178932,53.0
28.0,98.0,4.0,11.0,0.0,29.76,1.0,54.0,366.0,25.57,643.0,49.34268,41.0
18.0,34.0,4.0,7.0,0.0,48.66,0.0,92.3,315.0,56.92,582.0,40.239548,41.0
15.0,23.0,3.0,12.0,1.0,54.33,0.0,50.5,134.0,50.01,1032.0,56.805935,52.0
11.0,58.0,5.0,1.0,0.0,149.22,0.0,46.5,476.0,123.37,1855.0,25.099588,28.0
26.0,37.0,4.0,6.0,0.0,139.99,0.0,87.1,162.0,119.47,1717.0,18.785366,16.0
25.0,67.0,3.0,1.0,0.0,47.23,1.0,41.7,125.0,41.85,350.0,40.925022,48.0
6.0,81.0,3.0,1.0,0.0,29.27,0.0,51.4,21.0,26.98,1115.0,46.826912,45.0
5.0,24.0,6.0,11.0,1.0,146.87,0.0,59.4,379.0,171.67,1288.0,74.02165,78.0
1.0,69.0,3.0,6.0,0.0,106.9,1.0,98.5,131.0,94.54,1122.0,48.286392,46.0
12.0,97.0,4.0,3.0,0.0,146.1,1.0,44.6,128.0,185.63,1623.0,79.99783,84.0
7.0,66.0,4.0,2.0,0.0,119.81,1.0,45.7,284.0,142.06,582.0,62.440243,76.0
21.0,59.0,4.0,2.0,0.0,100.8,0.0,45.7,25.0,104.31,1863.0,35.417927,40.0
10.0,1.0,5.0,12.0,0.0,81.78,1.0,58.7,133.0,99.1,1018.0,62.68086,69.0
24.0,91.0,6.0,4.0,0.0,15.79,0.0,73.3,349.0,18.98,1060.0,36.805695,39.0
11.0,54.0,3.0,3.0,0.0,113.33,0.0,51.9,350.0,118.57,884.0,34.76183,32.0
28.0,12.0,3.0,10.0,0.0,27.13,0.0,88.1,168.0,22.71,833.0,30.431046,30.0
14.0,30.0,1.0,5.0,0.0,60.7,1.0,108.1,378.0,67.0,727.0,56.781143,56.0
15.0,51.0,1.0,3.0,0.0,107.18,1.0,50.9,252.0,131.27,1475.0,59.501953,64.0
30.0,9.0,6.0,4.0,0.0,99.39,0.0,68.2,135.0,126.69,1830.0,47.3178,48.0
21.0,12.0,2.0,5.0,0.0,113.05,0.0,75.6,495.0,109.77,835.0,31.3568,25.0
16.0,100.0,3.0,5.0,0.0,80.88,0.0,95.3,128.0,76.78,1785.0,28.046349,27.0
5.0,97.0,5.0,8.0,0.0,80.88,1.0,99.3,198.0,73.66,1760.0,57.30396,52.0
2.0,75.0,4.0,8.0,0.0,102.25,0.0,82.6,351.0,89.59,1516.0,34.79018,37.0
26.0,16.0,0.0,3.0,0.0,135.28,0.0,65.6,465.0,123.6,1879.0,21.563978,22.0
26.0,12.0,6.0,4.0,0.0,66.73,0.0,73.1,328.0,69.67,291.0,25.904116,23.0
18.0,48.0,6.0,1.0,0.0,110.34,1.0,63.8,103.0,127.18,987.0,66.7389,63.0
24.0,84.0,6.0,7.0,0.0,17.23,0.0,96.3,175.0,21.53,107.0,33.62133,30.0
18.0,49.0,3.0,10.0,0.0,96.25,1.0,64.5,110.0,107.69,963.0,69.598816,64.0
29.0,50.0,6.0,12.0,1.0,147.2,1.0,44.9,217.0,121.82,1732.0,72.479645,63.0
27.0,58.0,4.0,6.0,0.0,116.27,0.0,88.3,386.0,129.48,1446.0,39.401836,51.0
9.0,68.0,5.0,3.0,0.0,31.09,0.0,41.7,93.0,25.61,447.0,29.84372,28.0
5.0,33.0,4.0,3.0,0.0,137.09,0.0,62.5,16.0,120.19,951.0,24.693626,23.0
2.0,24.0,3.0,9.0,0.0,22.96,0.0,77.1,23.0,19.8,1638.0,34.676323,34.0
7.0,93.0,6.0,5.0,0.0,62.68,1.0,90.9,101.0,53.11,1821.0,55.482635,54.0
25.0,84.0,0.0,3.0,0.0,110.81,1.0,51.5,70.0,99.74,1708.0,48.21857,41.0
15.0,42.0,0.0,3.0,0.0,111.96,1.0,55.4,432.0,93.69,920.0,46.08536,36.0
28.0,17.0,4.0,10.0,0.0,107.92,0.0,60.0,440.0,129.03,753.0,40.497807,36.0
8.0,90.0,5.0,8.0,0.0,40.21,1.0,95.2,172.0,42.22,389.0,60.852245,56.0
23.0,91.0,6.0,4.0,0.0,74.95,0.0,63.4,439.0,92.53,1873.0,45.305843,47.0
20.0,81.0,4.0,11.0,1.0,147.02,0.0,63.4,372.0,135.26,885.0,49.274063,52.0
17.0,16.0,4.0,10.0,0.0,139.77,1.0,66.5,48.0,177.69,1446.0,70.07707,73.0
17.0,13.0,5.0,1.0,0.0,91.96,1.0,51.0,113.0,101.88,350.0,55.350365,59.0
4.0,16.0,6.0,11.0,0.0,81.9,0.0,57.6,321.0,100.7,1681.0,43.85921,36.0
9.0,93.0,2.0,1.0,0.0,35.07,1.0,39.4,481.0,43.12,345.0,54.140068,51.0
30.0,31.0,3.0,11.0,1.0,67.71,0.0,54.5,391.0,86.18,1053.0,67.127,67.0
24.0,98.0,1.0,5.0,0.0,9.22,0.0,82.0,420.0,11.47,1268.0,35.21876,42.0
29.0,25.0,5.0,2.0,0.0,109.7,0.0,50.1,362.0,138.25,1889.0,53.82393,56.0
25.0,78.0,0.0,1.0,0.0,40.16,1.0,49.2,54.0,48.77,312.0,49.24241,48.0
16.0,87.0,4.0,9.0,0.0,31.94,1.0,83.8,438.0,36.49,1486.0,43.984474,53.0
16.0,42.0,4.0,5.0,0.0,73.57,1.0,81.6,122.0,80.91,250.0,45.812443,50.0
22.0,36.0,5.0,3.0,0.0,146.78,1.0,69.5,132.0,167.26,1102.0,65.69397,81.0
8.0,67.0,4.0,10.0,0.0,112.41,1.0,69.7,170.0,134.48,919.0,72.15746,72.0
8.0,78.0,5.0,2.0,0.0,58.24,0.0,57.4,218.0,69.59,1403.0,43.144714,46.0
1.0,91.0,5.0,3.0,0.0,61.62,0.0,63.0,32.0,62.8,956.0,29.351606,26.0
22.0,1.0,3.0,6.0,0.0,43.92,0.0,84.2,127.0,57.03,1831.0,44.71817,56.0
25.0,79.0,0.0,9.0,0.0,134.88,0.0,72.7,192.0,166.11,1006.0,44.973316,41.0
7.0,1.0,1.0,1.0,0.0,142.33,1.0,55.2,213.0,150.04,337.0,61.32767,49.0
29.0,13.0,4.0,2.0,0.0,25.69,1.0,38.0,331.0,24.08,1408.0,58.76062,74.0
5.0,65.0,4.0,6.0,0.0,125.76,0.0,96.0,279.0,120.59,60.0,32.980026,34.0
22.0,81.0,6.0,1.0,0.0,122.84,0.0,41.2,328.0,104.81,1221.0,31.94053,38.0
11.0,58.0,6.0,6.0,0.0,73.21,1.0,90.7,488.0,84.0,1761.0,64.02264,69.0
1.0,79.0,0.0,11.0,0.0,58.67,1.0,65.8,63.0,50.01,945.0,42.327496,38.0
25.0,30.0,2.0,11.0,0.0,125.28,0.0,56.8,236.0,125.11,1481.0,31.449436,29.0
24.0,45.0,3.0,2.0,0.0,71.57,0.0,45.7,343.0,81.31,1921.0,41.83673,49.0
25.0,59.0,6.0,1.0,0.0,149.44,1.0,39.0,352.0,136.42,1406.0,45.192104,45.0
4.0,12.0,3.0,6.0,0.0,27.18,1.0,79.4,39.0,31.07,1742.0,55.252766,61.0
23.0,44.0,1.0,6.0,0.0,77.81,0.0,87.9,304.0,96.55,1330.0,45.412178,45.0
12.0,19.0,0.0,3.0,0.0,111.57,0.0,67.8,438.0,131.46,1191.0,47.394466,42.0
23.0,81.0,6.0,5.0,0.0,71.02,1.0,76.8,180.0,82.21,768.0,60.96919,70.0
13.0,89.0,5.0,8.0,0.0,78.28,0.0,83.7,197.0,93.83,446.0,38.661953,39.0
19.0,68.0,2.0,6.0,0.0,98.48,1.0,90.5,190.0,118.41,297.0,65.782845,54.0
1.0,24.0,4.0,9.0,0.0,132.74,1.0,88.7,112.0,153.67,1462.0,61.056675,51.0
24.0,77.0,0.0,6.0,0.0,64.21,1.0,88.2,392.0,57.72,221.0,48.948723,54.0
27.0,97.0,1.0,5.0,0.0,110.02,0.0,73.7,288.0,107.0,1389.0,36.364918,39.0
14.0,63.0,1.0,1.0,0.0,14.39,0.0,23.6,215.0,17.24,1502.0,38.577404,44.0
30.0,35.0,0.0,1.0,0.0,65.38,1.0,50.3,325.0,78.77,425.0,57.504402,47.0
14.0,6.0,2.0,3.0,0.0,73.53,1.0,61.0,216.0,87.2,1471.0,62.555218,53.0
20.0,83.0,4.0,4.0,0.0,107.03,1.0,85.9,420.0,111.11,848.0,49.128933,37.0
22.0,6.0,4.0,4.0,0.0,147.01,1.0,69.5,226.0,154.02,1114.0,61.32998,58.0
13.0,10.0,1.0,2.0,0.0,30.38,1.0,40.8,425.0,32.67,1563.0,55.78221,71.0
15.0,65.0,4.0,3.0,0.0,127.11,0.0,45.3,254.0,144.3,952.0,41.40675,44.0
1.0,8.0,4.0,3.0,0.0,81.97,1.0,60.4,70.0,67.6,393.0,45.553505,46.0
25.0,16.0,4.0,3.0,0.0,117.79,1.0,57.9,388.0,131.31,1903.0,60.73309,49.0
6.0,13.0,4.0,5.0,0.0,72.78,1.0,92.3,431.0,67.59,1126.0,57.090206,66.0
25.0,98.0,5.0,7.0,0.0,32.97,1.0,88.9,414.0,37.75,1488.0,50.497585,49.0
27.0,41.0,4.0,4.0,0.0,23.48,0.0,78.6,312.0,26.52,791.0,36.4756,34.0
18.0,9.0,5.0,1.0,0.0,76.83,0.0,47.8,426.0,86.51,1545.0,43.729874,45.0
19.0,37.0,4.0,1.0,0.0,22.47,1.0,41.9,240.0,18.55,1954.0,61.831665,57.0
15.0,27.0,4.0,10.0,0.0,57.89,1.0,85.6,94.0,51.87,544.0,49.880013,48.0
21.0,22.0,5.0,10.0,0.0,132.41,0.0,71.3,306.0,109.99,993.0,22.991312,21.0
11.0,16.0,1.0,4.0,0.0,15.08,1.0,51.0,270.0,14.09,533.0,49.48036,54.0
7.0,11.0,0.0,5.0,0.0,14.91,1.0,94.9,376.0,17.32,503.0,51.532272,52.0
16.0,13.0,4.0,6.0,0.0,149.55,0.0,89.0,196.0,172.62,1818.0,41.404232,29.0
6.0,44.0,2.0,4.0,0.0,49.37,1.0,80.9,293.0,52.75,1400.0,61.519737,57.0
30.0,69.0,2.0,2.0,0.0,26.86,1.0,36.6,366.0,31.27,1347.0,58.86761,72.0
22.0,38.0,4.0,3.0,0.0,84.3,0.0,61.1,81.0,85.79,1841.0,42.52532,42.0
21.0,62.0,5.0,11.0,0.0,105.94,1.0,69.7,232.0,136.98,592.0,68.92898,69.0
7.0,94.0,6.0,7.0,0.0,145.75,0.0,91.7,476.0,164.99,977.0,48.08433,55.0
20.0,33.0,0.0,10.0,0.0,97.95,1.0,82.7,485.0,79.45,661.0,36.152103,35.0
18.0,49.0,5.0,2.0,0.0,90.65,0.0,54.2,470.0,94.82,1786.0,42.26984,45.0
25.0,68.0,6.0,5.0,0.0,62.0,0.0,86.0,498.0,53.91,1998.0,28.711483,33.0
29.0,76.0,2.0,7.0,0.0,149.18,1.0,92.2,219.0,164.6,1142.0,63.678192,74.0
19.0,46.0,6.0,7.0,0.0,54.68,0.0,89.8,257.0,58.21,1308.0,34.900524,36.0
16.0,86.0,3.0,2.0,0.0,29.74,0.0,46.4,244.0,31.1,1434.0,26.577442,25.0
11.0,49.0,5.0,12.0,0.0,63.76,0.0,48.3,35.0,61.33,826.0,35.210396,38.0
16.0,83.0,3.0,5.0,0.0,127.99,0.0,81.3,47.0,110.73,221.0,12.965294,8.0
30.0,88.0,6.0,1.0,0.0,39.57,0.0,31.1,215.0,49.27,1881.0,36.946957,39.0
21.0,23.0,2.0,11.0,0.0,144.89,0.0,61.5,104.0,170.94,1146.0,48.614784,43.0
24.0,19.0,2.0,1.0,0.0,111.94,0.0,53.8,50.0,142.21,1636.0,47.417995,42.0
25.0,28.0,0.0,8.0,0.0,76.43,1.0,97.7,249.0,99.19,1800.0,59.75135,56.0
6.0,51.0,5.0,8.0,0.0,99.15,0.0,93.3,105.0,99.02,371.0,41.657375,45.0
9.0,100.0,6.0,8.0,0.0,129.92,0.0,88.4,285.0,111.03,1498.0,26.468815,27.0
16.0,18.0,6.0,7.0,0.0,146.1,0.0,86.6,125.0,184.51,1256.0,42.456226,39.0
20.0,31.0,1.0,5.0,0.0,98.12,0.0,80.5,147.0,81.54,1377.0,25.150362,24.0
1.0,61.0,0.0,8.0,0.0,21.09,0.0,77.3,101.0,18.69,802.0,28.940088,32.0
21.0,57.0,3.0,4.0,0.0,73.84,1.0,80.8,72.0,60.52,1124.0,48.88329,49.0
6.0,68.0,0.0,5.0,0.0,90.9,1.0,89.5,169.0,116.66,868.0,71.05553,78.0
14.0,53.0,2.0,5.0,0.0,130.04,1.0,83.7,143.0,108.54,1495.0,47.06748,42.0
17.0,99.0,1.0,1.0,0.0,7.03,1.0,38.6,495.0,5.87,1427.0,51.294662,49.0
17.0,81.0,0.0,1.0,0.0,114.71,1.0,48.8,462.0,109.34,794.0,51.38907,68.0
1.0,37.0,5.0,9.0,0.0,129.57,1.0,81.0,223.0,103.78,397.0,37.45738,42.0
23.0,58.0,4.0,1.0,0.0,116.88,1.0,40.6,44.0,103.7,798.0,57.41782,64.0
14.0,40.0,1.0,11.0,0.0,131.54,1.0,58.6,327.0,118.27,1048.0,45.231842,56.0
14.0,97.0,2.0,5.0,0.0,103.51,0.0,81.9,411.0,118.62,988.0,43.641243,43.0
4.0,91.0,5.0,4.0,0.0,118.87,0.0,63.6,418.0,140.49,999.0,41.995293,47.0
28.0,8.0,6.0,9.0,0.0,5.37,0.0,105.4,115.0,4.48,1418.0,38.91231,37.0
9.0,79.0,2.0,4.0,0.0,146.49,0.0,73.2,23.0,137.27,1889.0,32.225372,26.0
28.0,97.0,1.0,2.0,0.0,16.72,0.0,51.0,349.0,13.99,1556.0,34.467873,33.0
3.0,29.0,3.0,7.0,0.0,146.89,1.0,101.7,235.0,117.76,566.0,46.405323,46.0
28.0,41.0,2.0,12.0,0.0,72.14,0.0,42.9,197.0,59.71,624.0,25.04668,25.0
28.0,65.0,0.0,3.0,0.0,143.6,0.0,57.7,88.0,150.79,325.0,36.090416,30.0
30.0,90.0,4.0,8.0,0.0,27.03,0.0,95.5,129.0,27.86,545.0,33.515648,29.0
6.0,44.0,4.0,8.0,0.0,146.52,0.0,94.4,275.0,145.08,1535.0,42.50361,45.0
8.0,53.0,4.0,2.0,0.0,60.0,0.0,42.1,493.0,56.7,154.0,37.065933,36.0
15.0,12.0,6.0,1.0,0.0,108.69,0.0,43.4,315.0,112.05,779.0,31.387697,38.0
10.0,29.0,0.0,4.0,0.0,119.54,0.0,62.3,245.0,115.94,1035.0,37.160812,39.0
24.0,44.0,0.0,4.0,0.0,18.49,1.0,68.1,131.0,18.56,1089.0,51.31731,53.0
17.0,13.0,0.0,4.0,0.0,79.52,0.0,66.1,345.0,101.15,57.0,40.380196,36.0
14.0,88.0,3.0,2.0,0.0,44.32,0.0,63.0,155.0,40.88,399.0,32.72372,34.0
26.0,86.0,5.0,7.0,0.0,66.71,0.0,100.5,430.0,62.1,1493.0,24.846876,19.0
13.0,7.0,6.0,12.0,1.0,50.26,1.0,46.5,433.0,57.74,563.0,80.36664,88.0
26.0,14.0,5.0,2.0,0.0,104.87,1.0,29.4,469.0,89.19,612.0,38.27186,25.0
20.0,85.0,1.0,1.0,0.0,128.48,0.0,53.1,264.0,151.5,461.0,37.458626,32.0
11.0,63.0,4.0,9.0,0.0,112.43,0.0,93.1,130.0,101.17,1614.0,32.256233,34.0
21.0,82.0,2.0,2.0,0.0,122.17,1.0,59.6,377.0,124.53,1386.0,57.66458,48.0
20.0,68.0,5.0,6.0,0.0,139.73,0.0,84.8,84.0,156.74,613.0,32.33119,29.0
17.0,34.0,2.0,12.0,0.0,140.05,1.0,60.5,34.0,172.28,1215.0,66.25733,63.0
5.0,65.0,4.0,12.0,0.0,94.72,0.0,59.1,312.0,77.78,1196.0,31.710934,31.0
30.0,40.0,1.0,1.0,0.0,142.18,0.0,55.4,316.0,170.86,538.0,44.575504,42.0
10.0,53.0,5.0,1.0,0.0,10.49,0.0,50.6,414.0,10.05,1076.0,43.350662,44.0
5.0,73.0,4.0,9.0,0.0,102.11,0.0,77.9,228.0,121.89,1384.0,46.362366,48.0
3.0,10.0,5.0,11.0,0.0,105.32,1.0,57.0,402.0,125.64,1576.0,69.48989,77.0
22.0,81.0,6.0,4.0,0.0,136.34,1.0,53.6,372.0,170.13,1164.0,74.25983,88.0
16.0,34.0,3.0,6.0,0.0,91.85,1.0,91.3,257.0,95.86,1913.0,51.141815,38.0
5.0,79.0,1.0,11.0,0.0,109.54,1.0,42.8,67.0,122.32,1557.0,62.323986,60.0
22.0,94.0,1.0,1.0,0.0,35.96,0.0,47.5,78.0,34.31,482.0,41.50544,45.0
3.0,48.0,4.0,2.0,0.0,112.67,0.0,43.7,191.0,109.26,199.0,39.624214,41.0
19.0,20.0,6.0,2.0,0.0,139.95,0.0,28.5,100.0,176.39,1577.0,50.7295,48.0
11.0,52.0,6.0,7.0,0.0,139.82,1.0,102.6,181.0,158.14,1348.0,67.86636,66.0
13.0,90.0,3.0,5.0,0.0,24.64,0.0,81.1,84.0,29.5,1496.0,37.96744,41.0
4.0,56.0,5.0,3.0,0.0,24.04,1.0,55.9,481.0,23.25,1825.0,55.78919,55.0
28.0,52.0,4.0,1.0,0.0,147.69,1.0,37.6,436.0,181.74,1972.0,67.609276,64.0
7.0,53.0,4.0,1.0,0.0,131.37,0.0,49.5,465.0,124.4,1311.0,36.93228,38.0
8.0,29.0,1.0,10.0,0.0,64.44,0.0,73.7,101.0,60.71,331.0,37.31986,41.0
6.0,15.0,4.0,6.0,0.0,23.24,1.0,92.2,239.0,29.72,1261.0,67.203995,76.0
30.0,14.0,4.0,1.0,0.0,139.95,1.0,46.4,369.0,171.89,1954.0,72.46782,69.0
5.0,36.0,2.0,4.0,0.0,17.09,0.0,80.9,137.0,20.08,1255.0,38.801758,38.0
18.0,75.0,6.0,8.0,0.0,97.25,1.0,88.7,189.0,81.56,863.0,48.478104,42.0
4.0,55.0,2.0,11.0,1.0,17.08,0.0,62.8,382.0,18.94,1267.0,59.81814,67.0
12.0,93.0,3.0,2.0,0.0,110.82,1.0,43.0,479.0,98.54,400.0,46.203255,45.0
18.0,23.0,3.0,5.0,0.0,116.25,0.0,81.8,232.0,113.82,1506.0,36.551376,40.0
24.0,96.0,4.0,2.0,0.0,41.66,0.0,40.1,291.0,53.8,205.0,36.949173,37.0
20.0,67.0,1.0,1.0,0.0,99.31,0.0,39.2,147.0,123.85,226.0,39.371414,31.0
14.0,32.0,1.0,3.0,0.0,57.67,1.0,53.7,475.0,47.18,602.0,45.88984,39.0
18.0,35.0,0.0,11.0,0.0,62.15,0.0,54.0,487.0,56.92,1865.0,39.849113,42.0
17.0,56.0,1.0,3.0,0.0,40.5,0.0,53.8,280.0,33.73,1054.0,29.063396,29.0
17.0,77.0,6.0,10.0,0.0,54.1,1.0,58.0,471.0,59.76,730.0,61.382046,60.0
24.0,27.0,3.0,1.0,0.0,85.97,1.0,40.6,388.0,71.03,1607.0,50.53018,40.0
27.0,31.0,2.0,4.0,0.0,104.55,0.0,94.5,297.0,108.12,564.0,42.9065,40.0
6.0,40.0,2.0,2.0,0.0,101.93,1.0,50.5,405.0,121.72,218.0,68.61035,82.0
30.0,96.0,3.0,1.0,0.0,125.31,1.0,39.5,91.0,135.63,593.0,57.103252,46.0
23.0,49.0,5.0,1.0,0.0,71.16,1.0,52.3,359.0,70.56,1181.0,58.127975,53.0
5.0,5.0,6.0,5.0,0.0,108.64,0.0,79.2,117.0,110.05,1674.0,38.64863,40.0
27.0,60.0,2.0,3.0,0.0,144.18,0.0,61.4,443.0,147.0,469.0,31.865438,28.0
20.0,33.0,6.0,4.0,0.0,9.25,0.0,78.4,120.0,11.47,787.0,28.976564,24.0
21.0,63.0,2.0,7.0,1.0,131.54,1.0,76.6,27.0,147.84,190.0,80.984955,89.0
14.0,59.0,0.0,2.0,0.0,52.82,0.0,38.1,322.0,56.11,1023.0,36.48599,35.0
28.0,33.0,5.0,8.0,0.0,106.86,0.0,93.4,468.0,130.92,952.0,43.79727,43.0
10.0,26.0,0.0,12.0,0.0,37.83,1.0,44.8,395.0,46.08,451.0,63.0815,73.0
2.0,52.0,0.0,11.0,0.0,34.19,1.0,51.9,76.0,30.93,1511.0,60.397846,56.0
12.0,70.0,4.0,12.0,0.0,119.86,1.0,43.2,449.0,113.28,1677.0,52.766186,39.0
20.0,69.0,6.0,3.0,0.0,22.26,1.0,54.5,220.0,20.28,1186.0,48.106373,54.0
12.0,74.0,4.0,5.0,0.0,47.97,0.0,91.3,184.0,40.49,1562.0,34.37841,34.0
14.0,77.0,2.0,8.0,0.0,112.26,0.0,81.4,137.0,94.88,278.0,25.70966,26.0
2.0,94.0,2.0,2.0,0.0,91.84,1.0,55.4,449.0,75.65,939.0,52.820797,58.0
25.0,7.0,0.0,4.0,0.0,117.38,0.0,60.2,110.0,127.11,1499.0,32.77101,32.0
8.0,47.0,5.0,4.0,0.0,69.5,0.0,77.3,295.0,86.85,491.0,46.898777,56.0
13.0,60.0,5.0,2.0,0.0,132.45,0.0,60.2,403.0,162.38,1354.0,47.853333,48.0
23.0,12.0,5.0,3.0,0.0,67.43,1.0,82.2,24.0,76.54,1670.0,58.40435,68.0
26.0,73.0,2.0,5.0,0.0,6.28,0.0,85.2,357.0,5.56,1226.0,27.433681,21.0
29.0,58.0,3.0,3.0,0.0,145.68,0.0,64.5,206.0,168.03,740.0,47.937836,59.0
7.0,57.0,4.0,9.0,0.0,25.51,1.0,80.2,146.0,20.65,444.0,56.4017,61.0
1.0,43.0,3.0,2.0,0.0,93.02,0.0,55.1,459.0,82.19,212.0,23.245409,15.0
2.0,34.0,3.0,2.0,0.0,16.52,0.0,38.4,270.0,20.9,706.0,35.01042,34.0
8.0,75.0,3.0,7.0,0.0,70.5,1.0,92.5,152.0,83.13,404.0,63.56159,70.0
2.0,80.0,4.0,7.0,0.0,104.79,0.0,81.8,380.0,87.25,445.0,29.867199,32.0
9.0,82.0,6.0,3.0,0.0,101.46,0.0,52.7,130.0,102.34,568.0,31.493076,31.0
5.0,48.0,5.0,2.0,0.0,106.29,0.0,64.0,304.0,112.2,913.0,40.027817,37.0
13.0,21.0,4.0,10.0,0.0,134.82,1.0,83.2,460.0,155.5,1757.0,62.299374,63.0
12.0,12.0,0.0,5.0,0.0,38.74,0.0,86.3,73.0,48.17,618.0,39.29104,44.0
19.0,69.0,6.0,6.0,0.0,134.47,0.0,101.6,131.0,140.6,801.0,39.511543,43.0
29.0,50.0,5.0,9.0,0.0,135.61,0.0,67.2,164.0,150.88,1314.0,51.364357,48.0
3.0,74.0,6.0,2.0,0.0,120.14,1.0,49.9,499.0,98.25,258.0,41.67524,32.0
27.0,90.0,1.0,6.0,0.0,89.58,0.0,91.3,303.0,106.96,270.0,39.168907,45.0
20.0,21.0,3.0,2.0,0.0,113.51,1.0,49.8,23.0,139.39,836.0,57.69818,54.0
27.0,9.0,0.0,2.0,0.0,50.22,0.0,54.5,462.0,60.59,1540.0,41.9291,42.0
28.0,5.0,2.0,12.0,0.0,101.02,1.0,50.0,122.0,120.87,1964.0,62.88492,68.0
13.0,61.0,3.0,4.0,0.0,37.27,1.0,74.4,290.0,35.56,1396.0,58.239693,63.0
30.0,19.0,0.0,12.0,0.0,125.77,0.0,47.6,454.0,152.4,822.0,41.89868,31.0
4.0,45.0,1.0,2.0,0.0,41.21,1.0,44.3,321.0,42.44,1137.0,58.318768,55.0
10.0,44.0,3.0,8.0,0.0,20.58,0.0,88.2,127.0,21.98,1625.0,38.057034,39.0
4.0,78.0,5.0,11.0,0.0,101.29,1.0,65.8,314.0,92.78,1864.0,56.64482,53.0
7.0,82.0,4.0,3.0,0.0,11.99,1.0,70.5,385.0,14.21,1721.0,65.751724,63.0
15.0,23.0,1.0,11.0,1.0,64.24,0.0,43.0,127.0,74.98,841.0,62.45734,61.0
23.0,60.0,0.0,12.0,0.0,51.3,1.0,52.9,112.0,46.55,1824.0,53.162315,59.0
22.0,74.0,6.0,2.0,0.0,81.23,0.0,46.5,261.0,100.48,1004.0,47.720257,50.0
29.0,68.0,3.0,2.0,0.0,46.85,1.0,52.3,253.0,40.68,944.0,54.174618,55.0
28.0,43.0,6.0,6.0,0.0,133.83,0.0,94.4,369.0,117.65,1940.0,29.99315,21.0
6.0,36.0,4.0,6.0,0.0,37.18,0.0,82.2,365.0,39.79,1906.0,49.821793,54.0
21.0,1.0,4.0,7.0,0.0,51.82,1.0,87.7,190.0,43.09,824.0,49.578472,45.0
15.0,17.0,2.0,5.0,0.0,131.41,0.0,74.0,458.0,109.28,1231.0,24.002834,18.0
7.0,60.0,4.0,4.0,0.0,65.78,1.0,65.3,362.0,77.06,164.0,62.347378,66.0
1.0,18.0,0.0,1.0,0.0,126.38,0.0,40.0,494.0,108.66,141.0,18.492039,17.0
21.0,91.0,5.0,5.0,0.0,80.83,0.0,74.6,188.0,96.37,1570.0,41.750504,40.0
21.0,22.0,4.0,8.0,0.0,118.04,1.0,88.2,260.0,123.29,231.0,52.548954,55.0
5.0,16.0,1.0,6.0,0.0,122.38,1.0,93.5,217.0,156.76,1817.0,71.11026,63.0
16.0,31.0,4.0,3.0,0.0,123.86,0.0,62.3,360.0,114.94,1769.0,27.47527,26.0
21.0,37.0,3.0,11.0,0.0,28.68,1.0,61.6,265.0,31.66,638.0,54.52958,55.0
5.0,35.0,5.0,5.0,0.0,56.59,1.0,78.2,107.0,57.39,1454.0,55.532566,64.0
14.0,28.0,1.0,9.0,0.0,101.45,0.0,100.3,287.0,123.09,202.0,40.769604,46.0
16.0,99.0,5.0,10.0,0.0,114.13,0.0,76.9,182.0,130.55,1908.0,39.429684,33.0
3.0,7.0,2.0,7.0,1.0,80.48,1.0,97.1,151.0,65.47,673.0,77.91721,81.0
27.0,37.0,0.0,2.0,0.0,128.89,1.0,57.3,471.0,104.19,232.0,40.754753,45.0
20.0,16.0,3.0,3.0,0.0,115.68,0.0,58.6,366.0,130.53,1171.0,32.091557,34.0
6.0,76.0,3.0,6.0,0.0,85.94,1.0,68.4,409.0,101.63,1727.0,74.372955,78.0
3.0,24.0,5.0,8.0,0.0,38.99,0.0,79.5,88.0,49.37,993.0,40.6061,36.0
18.0,17.0,1.0,3.0,0.0,83.39,0.0,54.0,13.0,96.75,1382.0,39.631138,39.0
14.0,52.0,5.0,12.0,0.0,60.2,0.0,50.5,206.0,69.26,196.0,39.040295,32.0
22.0,81.0,5.0,12.0,0.0,67.67,1.0,58.6,84.0,72.64,310.0,63.223877,69.0
21.0,65.0,6.0,4.0,0.0,16.32,0.0,74.5,395.0,13.64,1435.0,33.762764,33.0
15.0,3.0,0.0,12.0,1.0,123.35,1.0,48.6,363.0,135.14,326.0,85.12747,82.0
16.0,85.0,5.0,5.0,0.0,73.49,0.0,82.5,487.0,75.07,709.0,27.273962,24.0
15.0,40.0,3.0,5.0,0.0,117.75,1.0,79.1,54.0,111.27,349.0,46.908764,54.0
23.0,25.0,1.0,12.0,1.0,38.15,1.0,41.2,499.0,49.44,911.0,83.78601,86.0
20.0,28.0,4.0,4.0,0.0,116.62,1.0,82.1,436.0,144.38,705.0,61.718277,51.0
16.0,84.0,3.0,2.0,0.0,140.84,0.0,49.5,366.0,140.42,911.0,25.301144,17.0
6.0,41.0,4.0,1.0,0.0,124.88,1.0,28.5,112.0,125.28,1319.0,63.530174,70.0
1.0,16.0,3.0,4.0,0.0,77.55,1.0,65.6,298.0,68.06,196.0,41.08366,39.0
6.0,56.0,5.0,10.0,0.0,48.69,1.0,73.2,290.0,60.62,859.0,69.38982,72.0
26.0,17.0,1.0,5.0,0.0,27.48,1.0,88.4,142.0,31.91,1674.0,47.743473,54.0
21.0,78.0,2.0,9.0,0.0,110.37,0.0,78.4,409.0,112.61,1118.0,33.482044,31.0
25.0,47.0,0.0,2.0,0.0,60.04,1.0,45.5,79.0,66.35,1773.0,58.45883,51.0
22.0,57.0,0.0,2.0,0.0,118.78,1.0,40.2,186.0,135.75,177.0,63.968235,76.0
15.0,56.0,3.0,2.0,0.0,22.01,1.0,58.3,143.0,18.5,1161.0,52.55282,48.0
3.0,84.0,6.0,2.0,0.0,56.73,0.0,48.4,457.0,54.63,275.0,37.408573,37.0
1.0,60.0,6.0,1.0,0.0,23.88,0.0,44.4,222.0,23.97,1105.0,29.129725,21.0
19.0,92.0,4.0,4.0,0.0,60.79,0.0,85.5,431.0,55.68,108.0,26.52486,21.0
19.0,1.0,2.0,3.0,0.0,104.0,0.0,56.3,252.0,114.18,1847.0,42.19111,47.0
1.0,13.0,5.0,2.0,0.0,31.44,0.0,43.5,92.0,31.04,390.0,25.263334,23.0
15.0,14.0,2.0,3.0,0.0,125.65,1.0,58.4,64.0,141.23,1079.0,57.815464,65.0
11.0,10.0,6.0,2.0,0.0,132.95,1.0,50.9,104.0,129.29,609.0,48.719727,45.0
1.0,74.0,5.0,2.0,0.0,67.0,0.0,36.2,188.0,71.15,889.0,31.482588,20.0
25.0,48.0,0.0,8.0,0.0,138.02,0.0,104.1,70.0,118.77,832.0,20.651918,17.0
26.0,80.0,5.0,2.0,0.0,115.0,0.0,48.2,483.0,113.27,1847.0,33.20655,28.0
2.0,74.0,2.0,7.0,0.0,127.42,1.0,90.9,153.0,145.61,1145.0,65.74569,56.0
28.0,28.0,6.0,6.0,0.0,48.26,0.0,88.8,241.0,59.35,535.0,36.036354,34.0
5.0,99.0,4.0,3.0,0.0,129.95,1.0,43.9,388.0,111.8,519.0,49.92015,46.0
28.0,63.0,0.0,12.0,0.0,133.97,0.0,56.2,311.0,152.42,1882.0,46.366413,48.0
27.0,8.0,5.0,4.0,0.0,86.22,0.0,58.5,189.0,106.94,490.0,43.825306,48.0
26.0,86.0,0.0,4.0,0.0,46.72,1.0,69.3,43.0,46.9,544.0,47.483017,42.0
23.0,57.0,6.0,1.0,0.0,114.59,0.0,50.3,406.0,103.68,1428.0,32.424324,34.0
16.0,46.0,2.0,4.0,0.0,34.23,0.0,65.8,453.0,39.42,857.0,25.888933,21.0
9.0,4.0,3.0,4.0,0.0,105.86,1.0,72.3,389.0,117.32,936.0,59.59877,68.0
2.0,21.0,3.0,12.0,0.0,18.72,0.0,48.0,132.0,21.45,1216.0,39.786163,39.0
6.0,30.0,5.0,3.0,0.0,99.69,1.0,54.3,22.0,122.85,1319.0,74.68947,74.0
10.0,16.0,1.0,1.0,0.0,115.88,1.0,22.2,397.0,129.11,245.0,62.850853,69.0
17.0,61.0,6.0,7.0,0.0,122.63,1.0,90.0,31.0,123.09,719.0,53.040497,53.0
22.0,51.0,5.0,7.0,1.0,107.52,1.0,84.2,483.0,109.97,1287.0,77.64981,99.0
19.0,22.0,0.0,2.0,0.0,19.25,1.0,51.9,154.0,21.63,393.0,48.428364,54.0
29.0,14.0,5.0,1.0,0.0,78.05,1.0,67.9,493.0,63.37,837.0,48.40737,66.0
16.0,52.0,6.0,12.0,0.0,74.21,1.0,47.0,199.0,70.35,1317.0,46.372272,48.0
15.0,18.0,2.0,3.0,0.0,104.37,1.0,64.1,250.0,132.15,1785.0,63.876457,59.0
22.0,14.0,1.0,10.0,0.0,18.72,0.0,68.2,310.0,19.36,1570.0,41.213314,46.0
14.0,6.0,3.0,2.0,0.0,148.99,1.0,52.0,368.0,130.65,1759.0,52.27942,44.0
30.0,92.0,6.0,5.0,0.0,141.31,1.0,79.0,335.0,179.88,1120.0,72.6633,62.0
3.0,41.0,2.0,7.0,0.0,111.77,1.0,100.9,198.0,103.8,1842.0,59.75403,57.0
29.0,24.0,5.0,2.0,0.0,86.3,1.0,35.4,193.0,82.29,1205.0,54.918808,56.0
23.0,32.0,0.0,11.0,0.0,62.38,0.0,61.2,136.0,53.43,420.0,28.898909,33.0
4.0,85.0,0.0,10.0,0.0,36.13,1.0,58.5,277.0,42.37,373.0,51.625553,62.0
1.0,77.0,5.0,1.0,0.0,94.13,0.0,52.9,223.0,97.77,1134.0,34.342293,31.0
21.0,51.0,4.0,1.0,0.0,112.94,1.0,31.4,329.0,92.39,1607.0,41.630836,48.0
18.0,28.0,6.0,4.0,0.0,144.52,1.0,48.9,38.0,185.43,1080.0,75.67948,75.0
4.0,26.0,4.0,11.0,0.0,60.03,1.0,61.6,317.0,72.6,222.0,57.820236,74.0
15.0,17.0,0.0,11.0,0.0,117.25,0.0,57.6,44.0,133.38,642.0,46.259506,34.0
15.0,80.0,5.0,11.0,0.0,93.35,1.0,65.5,420.0,114.18,518.0,62.58152,67.0
7.0,14.0,4.0,3.0,0.0,94.98,0.0,59.7,37.0,78.82,1207.0,32.510746,32.0
30.0,56.0,0.0,1.0,0.0,8.46,1.0,39.9,141.0,7.88,127.0,52.07549,54.0
6.0,59.0,4.0,1.0,0.0,16.09,1.0,53.7,358.0,16.46,1315.0,69.888954,80.0
2.0,27.0,4.0,2.0,0.0,128.93,1.0,51.1,356.0,156.87,1391.0,72.890015,85.0
8.0,10.0,3.0,4.0,0.0,141.6,0.0,53.9,376.0,155.07,200.0,42.93276,45.0
17.0,26.0,6.0,1.0,0.0,124.02,0.0,54.3,187.0,126.4,1687.0,38.276367,42.0
28.0,5.0,4.0,3.0,0.0,123.53,0.0,50.8,474.0,103.77,471.0,21.465988,17.0
26.0,15.0,6.0,10.0,0.0,140.43,0.0,69.9,60.0,140.78,825.0,31.114485,25.0
2.0,33.0,5.0,8.0,0.0,118.75,0.0,96.8,211.0,109.47,1606.0,35.929806,34.0
27.0,84.0,6.0,3.0,0.0,124.83,0.0,45.5,191.0,126.83,606.0,36.9642,32.0
30.0,4.0,5.0,6.0,0.0,24.98,0.0,80.0,318.0,31.71,1244.0,35.005463,39.0
21.0,90.0,1.0,12.0,0.0,96.04,0.0,54.1,472.0,78.64,1627.0,26.666681,31.0
22.0,51.0,0.0,3.0,0.0,27.95,1.0,57.4,133.0,23.75,1894.0,62.918705,74.0
29.0,92.0,3.0,2.0,0.0,115.78,1.0,38.1,89.0,144.63,1162.0,68.04573,68.0
28.0,42.0,3.0,10.0,0.0,77.66,0.0,72.7,262.0,65.0,770.0,21.75578,26.0
26.0,1.0,6.0,12.0,0.0,60.9,0.0,46.5,209.0,51.27,162.0,24.082487,17.0
17.0,23.0,3.0,2.0,0.0,66.54,1.0,38.4,269.0,80.4,1721.0,64.1621,70.0
23.0,53.0,5.0,1.0,0.0,73.36,0.0,57.2,164.0,81.22,1501.0,44.214546,46.0
14.0,68.0,4.0,6.0,0.0,28.4,1.0,95.3,75.0,24.74,1575.0,54.20127,59.0
17.0,76.0,1.0,8.0,0.0,143.99,0.0,95.2,398.0,152.74,1502.0,39.37201,37.0
3.0,66.0,0.0,3.0,0.0,148.88,1.0,62.1,462.0,176.44,568.0,70.68091,74.0
13.0,85.0,1.0,9.0,0.0,149.5,0.0,85.0,277.0,184.11,1314.0,51.682453,48.0
29.0,79.0,2.0,10.0,0.0,45.18,1.0,70.5,93.0,38.26,1384.0,57.980972,62.0
5.0,73.0,3.0,4.0,0.0,140.1,0.0,77.6,317.0,114.87,1414.0,23.209217,23.0
17.0,36.0,0.0,4.0,0.0,48.25,0.0,89.9,371.0,46.01,291.0,34.588104,32.0
10.0,67.0,4.0,2.0,0.0,99.56,0.0,47.5,492.0,81.87,1391.0,31.57983,28.0
18.0,88.0,5.0,9.0,0.0,9.23,0.0,71.4,147.0,7.89,1610.0,43.281757,50.0
16.0,1.0,4.0,3.0,0.0,62.96,1.0,65.3,10.0,53.34,408.0,39.728806,41.0
8.0,38.0,3.0,5.0,0.0,24.63,1.0,87.8,376.0,27.65,632.0,60.49332,63.0
8.0,32.0,4.0,8.0,0.0,117.5,0.0,92.1,430.0,129.95,1055.0,45.52398,47.0
13.0,64.0,1.0,12.0,0.0,41.31,0.0,44.2,192.0,47.47,506.0,39.031384,35.0
26.0,26.0,5.0,2.0,0.0,23.6,1.0,41.4,64.0,23.52,1531.0,49.35069,48.0
13.0,100.0,5.0,2.0,0.0,60.73,1.0,44.7,376.0,55.16,233.0,51.64838,60.0
24.0,2.0,3.0,7.0,0.0,121.63,1.0,88.3,12.0,112.07,784.0,47.379173,49.0
15.0,18.0,2.0,1.0,0.0,130.23,0.0,43.1,331.0,147.82,532.0,40.151943,40.0
24.0,90.0,0.0,1.0,0.0,68.94,0.0,43.6,254.0,82.71,374.0,39.300335,40.0
10.0,64.0,5.0,2.0,0.0,82.17,1.0,45.2,121.0,77.81,1872.0,62.514717,51.0
8.0,86.0,3.0,10.0,0.0,113.73,0.0,75.0,303.0,116.68,942.0,38.146366,38.0
3.0,41.0,5.0,12.0,0.0,116.67,0.0,55.7,127.0,144.74,249.0,48.95996,52.0
10.0,29.0,2.0,12.0,0.0,60.86,0.0,56.5,182.0,53.3,1272.0,40.410748,44.0
30.0,30.0,0.0,4.0,0.0,78.62,0.0,66.7,365.0,77.47,1201.0,35.95658,26.0
30.0,90.0,2.0,1.0,0.0,134.23,1.0,35.7,313.0,157.78,932.0,62.985077,60.0
27.0,32.0,4.0,4.0,0.0,97.5,0.0,84.5,149.0,111.5,635.0,40.1241,39.0
5.0,98.0,2.0,6.0,0.0,83.55,1.0,86.6,271.0,99.5,135.0,60.664856,62.0
15.0,88.0,0.0,3.0,0.0,73.91,1.0,53.4,127.0,73.79,437.0,57.650497,51.0
24.0,84.0,3.0,4.0,0.0,77.34,0.0,65.3,450.0,68.42,1421.0,30.222351,27.0
14.0,19.0,4.0,3.0,0.0,49.32,0.0,46.1,274.0,41.48,249.0,25.233913,21.0
3.0,12.0,5.0,12.0,0.0,79.2,0.0,53.1,459.0,96.47,1320.0,46.568756,48.0
5.0,71.0,4.0,3.0,0.0,5.79,1.0,51.0,202.0,6.45,1747.0,56.835762,51.0
2.0,86.0,0.0,9.0,0.0,113.42,0.0,76.5,258.0,143.7,360.0,47.198425,50.0
13.0,45.0,6.0,9.0,0.0,129.18,1.0,89.8,151.0,115.98,1236.0,53.183105,39.0
24.0,14.0,4.0,5.0,0.0,51.87,1.0,105.9,10.0,48.51,1558.0,50.48829,51.0
11.0,67.0,5.0,4.0,0.0,102.25,1.0,70.1,374.0,107.61,1222.0,55.203083,51.0
15.0,32.0,2.0,8.0,0.0,115.42,0.0,100.1,398.0,141.11,937.0,48.006866,44.0
10.0,85.0,1.0,9.0,0.0,92.12,1.0,75.5,150.0,113.89,338.0,63.920223,67.0
30.0,16.0,2.0,5.0,0.0,99.48,0.0,79.9,303.0,104.37,1455.0,33.329876,33.0
6.0,68.0,0.0,7.0,0.0,90.85,1.0,92.0,204.0,107.87,919.0,73.4073,66.0
1.0,82.0,1.0,1.0,0.0,62.64,1.0,55.3,462.0,66.15,1086.0,51.79932,54.0
13.0,49.0,6.0,11.0,0.0,141.79,0.0,38.3,292.0,149.91,782.0,36.446125,40.0
24.0,71.0,5.0,9.0,0.0,140.79,1.0,77.1,140.0,157.31,1742.0,59.689972,57.0
27.0,3.0,3.0,8.0,0.0,105.9,0.0,103.1,458.0,109.28,1140.0,39.46973,39.0
28.0,86.0,1.0,1.0,0.0,97.32,0.0,35.3,490.0,103.71,250.0,34.443455,32.0
30.0,53.0,2.0,7.0,0.0,102.26,1.0,99.5,176.0,131.01,808.0,65.75748,60.0
26.0,62.0,2.0,4.0,0.0,28.34,0.0,76.3,243.0,23.98,118.0,22.211462,22.0
26.0,4.0,0.0,4.0,0.0,79.49,0.0,72.5,19.0,94.43,1262.0,36.989296,36.0
28.0,61.0,3.0,2.0,0.0,106.19,0.0,50.2,161.0,88.56,1667.0,26.928776,28.0
24.0,75.0,0.0,2.0,0.0,20.39,1.0,45.6,237.0,25.55,791.0,52.73349,61.0
8.0,10.0,2.0,5.0,0.0,71.9,1.0,66.3,253.0,77.13,1575.0,64.13188,62.0
23.0,35.0,2.0,9.0,0.0,92.35,1.0,94.0,86.0,79.46,1508.0,51.9571,59.0
6.0,75.0,2.0,11.0,0.0,93.37,0.0,56.0,68.0,97.47,280.0,46.732338,45.0
8.0,51.0,5.0,8.0,0.0,145.98,0.0,98.9,281.0,172.21,1419.0,51.520153,48.0
8.0,96.0,3.0,5.0,0.0,76.59,1.0,85.6,113.0,92.51,1225.0,65.91484,75.0
27.0,82.0,6.0,4.0,0.0,15.12,1.0,66.8,291.0,14.88,1581.0,61.696835,67.0
13.0,68.0,4.0,5.0,0.0,8.46,1.0,73.4,231.0,7.15,1964.0,59.72904,62.0
30.0,68.0,4.0,11.0,0.0,45.43,1.0,55.9,275.0,47.2,1561.0,55.029976,51.0
6.0,24.0,0.0,6.0,0.0,107.07,0.0,76.8,164.0,112.04,1545.0,42.79076,40.0
16.0,79.0,6.0,1.0,0.0,97.5,0.0,46.9,95.0,123.24,507.0,36.073063,31.0
17.0,89.0,1.0,12.0,1.0,98.7,1.0,41.4,177.0,110.7,371.0,79.79586,90.0
23.0,68.0,6.0,7.0,1.0,126.03,1.0,91.8,346.0,109.26,717.0,67.88845,62.0
1.0,47.0,6.0,3.0,0.0,112.6,1.0,55.2,212.0,103.94,1989.0,44.89623,56.0
19.0,31.0,5.0,4.0,0.0,37.05,0.0,74.8,499.0,37.73,1818.0,41.97905,45.0
4.0,91.0,1.0,1.0,0.0,46.23,1.0,51.2,218.0,37.69,1834.0,49.99522,42.0
17.0,75.0,4.0,3.0,0.0,145.41,1.0,57.3,36.0,185.61,1306.0,70.461655,80.0
4.0,13.0,4.0,9.0,0.0,32.0,1.0,87.3,76.0,28.99,1186.0,52.099266,49.0
21.0,52.0,1.0,5.0,0.0,68.35,0.0,79.7,145.0,81.06,1707.0,40.49781,40.0
26.0,6.0,0.0,3.0,0.0,6.6,0.0,69.9,227.0,7.02,1551.0,29.799133,24.0
19.0,96.0,1.0,8.0,0.0,124.4,1.0,84.2,65.0,102.9,622.0,40.58838,52.0
16.0,39.0,1.0,1.0,0.0,138.12,1.0,37.1,108.0,132.36,470.0,39.363174,32.0
7.0,97.0,6.0,4.0,0.0,83.67,1.0,73.3,463.0,100.8,470.0,62.5754,54.0
22.0,33.0,4.0,9.0,0.0,137.44,0.0,83.0,94.0,157.18,1100.0,48.72125,50.0
1.0,55.0,6.0,4.0,0.0,9.98,0.0,82.1,86.0,12.1,1575.0,29.228954,29.0
16.0,77.0,4.0,10.0,0.0,128.07,0.0,68.9,360.0,105.94,1785.0,17.88474,23.0
19.0,39.0,5.0,5.0,0.0,61.41,1.0,74.1,416.0,68.78,1963.0,63.719566,66.0
2.0,97.0,0.0,1.0,0.0,30.55,0.0,50.1,342.0,30.27,789.0,38.78202,43.0
22.0,15.0,2.0,8.0,0.0,70.19,0.0,95.7,96.0,59.18,784.0,34.217407,32.0
30.0,86.0,1.0,5.0,0.0,34.89,1.0,92.3,387.0,29.31,445.0,46.65538,54.0
17.0,16.0,3.0,8.0,0.0,77.05,1.0,107.9,406.0,63.31,1964.0,47.31048,55.0
16.0,100.0,3.0,6.0,0.0,30.32,0.0,97.3,132.0,31.39,1132.0,28.859955,30.0
4.0,98.0,1.0,10.0,0.0,90.18,1.0,80.8,76.0,111.48,382.0,62.704224,57.0
13.0,52.0,6.0,1.0,0.0,119.22,0.0,53.1,177.0,153.13,276.0,49.522728,49.0
19.0,5.0,3.0,4.0,0.0,41.16,1.0,75.5,306.0,49.11,764.0,58.418335,54.0
7.0,93.0,0.0,9.0,0.0,138.66,0.0,84.6,135.0,137.05,1626.0,39.400898,42.0
13.0,96.0,5.0,9.0,0.0,60.83,1.0,89.6,405.0,48.74,677.0,49.57241,45.0
12.0,55.0,3.0,7.0,0.0,27.14,1.0,82.8,266.0,33.58,1899.0,65.718704,63.0
20.0,24.0,4.0,6.0,0.0,68.03,0.0,101.1,271.0,81.89,224.0,32.542053,27.0
9.0,93.0,3.0,3.0,0.0,110.34,0.0,66.2,227.0,99.61,92.0,28.440918,35.0
15.0,3.0,0.0,2.0,0.0,86.33,0.0,48.4,492.0,97.89,1473.0,41.98904,39.0
12.0,71.0,2.0,9.0,0.0,92.05,1.0,72.5,88.0,118.35,1937.0,76.149765,73.0
21.0,46.0,2.0,12.0,0.0,9.8,1.0,41.9,411.0,8.86,822.0,49.96345,49.0
14.0,40.0,5.0,6.0,0.0,98.87,0.0,102.1,67.0,99.7,1173.0,35.239513,38.0
18.0,25.0,4.0,3.0,0.0,82.34,1.0,56.9,334.0,78.63,1934.0,57.81636,56.0
29.0,40.0,4.0,7.0,0.0,135.4,1.0,95.7,243.0,166.66,1304.0,72.99537,71.0
10.0,88.0,0.0,6.0,0.0,103.98,0.0,102.2,135.0,100.29,1592.0,37.99016,41.0
19.0,30.0,5.0,10.0,0.0,121.66,1.0,65.5,22.0,112.14,288.0,50.910965,48.0
17.0,73.0,1.0,2.0,0.0,56.64,1.0,52.6,272.0,51.78,1020.0,47.888023,46.0
4.0,74.0,6.0,9.0,0.0,126.63,0.0,92.5,324.0,157.66,1996.0,50.834408,49.0
13.0,58.0,4.0,3.0,0.0,108.14,1.0,71.7,266.0,112.64,1203.0,59.962666,60.0
26.0,52.0,2.0,2.0,0.0,25.13,1.0,37.1,323.0,30.38,763.0,45.107475,47.0
1.0,97.0,1.0,2.0,0.0,140.22,0.0,53.7,314.0,134.5,914.0,27.258936,27.0
5.0,79.0,0.0,2.0,0.0,71.92,0.0,40.9,279.0,91.44,1473.0,43.124374,45.0
3.0,53.0,4.0,12.0,0.0,46.56,1.0,48.1,343.0,43.04,1731.0,64.91048,54.0
25.0,12.0,3.0,6.0,0.0,119.38,1.0,87.2,409.0,152.54,626.0,64.36128,54.0
18.0,20.0,4.0,3.0,0.0,78.93,0.0,62.0,196.0,83.16,830.0,38.47338,35.0
5.0,93.0,2.0,5.0,0.0,94.22,1.0,88.3,440.0,116.17,167.0,61.959225,61.0
1.0,5.0,5.0,5.0,0.0,5.55,1.0,79.8,362.0,5.73,218.0,50.49783,42.0
8.0,64.0,4.0,1.0,0.0,45.31,0.0,38.6,485.0,50.72,1762.0,41.02355,49.0
22.0,67.0,2.0,2.0,0.0,36.9,0.0,50.2,326.0,42.6,750.0,41.954838,45.0
21.0,48.0,5.0,1.0,0.0,119.0,1.0,45.6,213.0,104.05,288.0,37.7225,47.0
28.0,79.0,5.0,3.0,0.0,48.69,1.0,53.7,240.0,43.8,621.0,46.24194,48.0
16.0,59.0,2.0,4.0,0.0,131.96,0.0,58.6,453.0,170.43,572.0,43.540253,41.0
1.0,14.0,2.0,6.0,0.0,72.11,0.0,96.2,358.0,88.63,974.0,37.723186,37.0
27.0,7.0,2.0,4.0,0.0,39.71,1.0,65.1,414.0,36.46,1004.0,58.1576,50.0
21.0,53.0,6.0,6.0,0.0,143.24,1.0,77.1,52.0,184.38,1917.0,74.297134,69.0
12.0,10.0,4.0,11.0,1.0,25.98,0.0,64.7,11.0,24.17,506.0,60.73491,74.0
7.0,9.0,4.0,7.0,0.0,12.12,1.0,93.3,489.0,10.95,700.0,57.690372,58.0
25.0,90.0,4.0,5.0,0.0,53.27,0.0,66.2,376.0,62.66,711.0,33.784134,35.0
23.0,20.0,1.0,4.0,0.0,40.59,1.0,67.4,374.0,51.5,704.0,56.0865,67.0
9.0,88.0,0.0,1.0,0.0,58.24,0.0,42.0,439.0,63.86,1045.0,36.391655,38.0
19.0,12.0,6.0,3.0,0.0,38.8,0.0,73.6,227.0,31.44,621.0,30.945526,32.0
24.0,49.0,4.0,1.0,0.0,65.9,0.0,42.7,381.0,81.15,1165.0,41.85902,43.0
24.0,94.0,6.0,8.0,0.0,44.64,0.0,90.3,127.0,48.25,1637.0,42.24823,44.0
15.0,27.0,5.0,3.0,0.0,55.27,1.0,51.1,236.0,54.39,659.0,52.42718,61.0
4.0,48.0,0.0,1.0,0.0,50.02,0.0,54.7,10.0,42.79,614.0,29.983126,24.0
14.0,14.0,4.0,11.0,0.0,95.32,0.0,55.9,26.0,100.47,505.0,33.609825,37.0
15.0,4.0,4.0,3.0,0.0,83.37,0.0,53.7,412.0,68.05,1927.0,34.376892,34.0
16.0,7.0,3.0,2.0,0.0,139.42,0.0,47.8,122.0,160.83,738.0,40.002842,34.0
27.0,95.0,0.0,10.0,0.0,100.42,1.0,54.1,187.0,90.57,1496.0,45.25453,62.0
11.0,56.0,3.0,4.0,0.0,65.47,1.0,69.8,485.0,63.87,1179.0,55.025497,42.0
8.0,31.0,0.0,1.0,0.0,102.21,1.0,46.8,284.0,112.85,540.0,62.84968,70.0
16.0,78.0,0.0,1.0,0.0,70.5,1.0,46.3,168.0,67.47,260.0,41.360588,38.0
1.0,94.0,6.0,3.0,0.0,103.61,0.0,49.5,184.0,107.5,730.0,36.302094,33.0
17.0,14.0,1.0,4.0,0.0,117.38,0.0,72.3,402.0,146.11,627.0,45.97009,46.0
29.0,26.0,4.0,4.0,0.0,129.63,0.0,70.2,159.0,132.97,860.0,41.80848,50.0
27.0,25.0,4.0,3.0,0.0,30.36,1.0,55.9,146.0,36.35,1131.0,55.242107,63.0
24.0,64.0,2.0,2.0,0.0,124.46,0.0,57.6,423.0,134.45,450.0,36.33988,37.0
10.0,24.0,6.0,5.0,0.0,90.19,0.0,79.3,184.0,85.9,1015.0,31.774431,37.0
12.0,30.0,3.0,1.0,0.0,5.34,1.0,42.1,88.0,6.26,99.0,55.724445,63.0
7.0,20.0,0.0,2.0,0.0,49.66,0.0,47.0,125.0,43.41,914.0,34.161816,31.0
17.0,6.0,1.0,1.0,0.0,78.19,0.0,40.3,261.0,82.34,1607.0,37.9845,39.0
8.0,79.0,6.0,5.0,0.0,76.63,1.0,94.2,171.0,81.98,669.0,59.84505,67.0
22.0,40.0,0.0,2.0,0.0,57.37,0.0,45.1,366.0,52.21,709.0,39.84454,33.0
18.0,10.0,5.0,2.0,0.0,112.8,0.0,61.9,292.0,114.27,1854.0,41.277534,42.0
29.0,68.0,3.0,9.0,0.0,68.57,1.0,84.9,392.0,70.64,1000.0,59.75254,61.0
25.0,65.0,1.0,12.0,1.0,145.47,1.0,49.1,245.0,146.68,1561.0,78.54589,70.0
3.0,34.0,0.0,9.0,0.0,127.89,1.0,80.5,43.0,132.49,607.0,61.89866,50.0
8.0,75.0,1.0,10.0,0.0,100.96,1.0,75.0,107.0,88.12,1633.0,56.45952,57.0
12.0,23.0,3.0,3.0,0.0,25.41,1.0,49.6,340.0,21.92,1526.0,56.907406,51.0
8.0,66.0,3.0,3.0,0.0,132.0,1.0,65.0,315.0,147.84,1006.0,69.992035,66.0
22.0,98.0,4.0,1.0,0.0,110.65,0.0,53.5,342.0,130.17,194.0,45.461914,50.0
10.0,71.0,4.0,5.0,0.0,36.11,1.0,69.0,45.0,40.35,1498.0,62.902763,63.0
11.0,2.0,0.0,4.0,0.0,149.84,1.0,75.0,97.0,171.34,1429.0,62.25557,67.0
27.0,38.0,1.0,8.0,0.0,139.12,1.0,95.6,52.0,155.1,94.0,57.7032,59.0
11.0,48.0,2.0,3.0,0.0,66.64,1.0,63.0,352.0,55.67,256.0,45.81378,48.0
25.0,90.0,1.0,3.0,0.0,140.38,1.0,65.0,472.0,148.18,1181.0,52.932915,46.0
27.0,53.0,4.0,3.0,0.0,93.64,0.0,65.9,173.0,88.1,250.0,32.35237,34.0
22.0,14.0,6.0,10.0,0.0,141.2,1.0,81.5,343.0,160.49,1695.0,67.15604,70.0
14.0,63.0,6.0,12.0,1.0,55.64,0.0,45.9,215.0,68.37,604.0,65.569115,82.0
11.0,77.0,5.0,3.0,0.0,78.18,0.0,56.7,403.0,85.9,225.0,35.713013,38.0
22.0,6.0,6.0,1.0,0.0,46.35,0.0,51.9,162.0,45.62,1527.0,42.27431,41.0
12.0,65.0,0.0,1.0,0.0,72.12,1.0,39.3,212.0,79.52,479.0,61.116005,71.0
14.0,29.0,2.0,4.0,0.0,54.95,0.0,70.8,138.0,71.17,955.0,42.687675,46.0
15.0,96.0,4.0,4.0,0.0,106.0,1.0,72.9,425.0,124.42,1524.0,64.27355,74.0
16.0,51.0,1.0,2.0,0.0,55.1,1.0,44.7,148.0,47.61,436.0,35.63683,40.0
15.0,42.0,3.0,2.0,0.0,52.02,1.0,46.9,312.0,47.97,918.0,52.407406,45.0
24.0,88.0,4.0,2.0,0.0,62.44,1.0,53.4,34.0,74.79,320.0,59.474846,54.0
17.0,99.0,5.0,5.0,0.0,137.56,0.0,81.1,432.0,172.05,1383.0,52.63108,54.0
14.0,31.0,6.0,4.0,0.0,94.04,0.0,79.4,103.0,113.08,139.0,45.824844,49.0
2.0,58.0,0.0,5.0,0.0,19.47,0.0,75.5,140.0,19.73,1896.0,46.79192,47.0
8.0,96.0,0.0,10.0,0.0,145.58,1.0,66.3,168.0,117.98,398.0,45.155205,51.0
19.0,24.0,5.0,7.0,0.0,91.88,1.0,96.3,121.0,109.1,68.0,60.969902,69.0
23.0,57.0,0.0,2.0,0.0,138.73,0.0,54.4,64.0,175.25,706.0,54.158684,53.0
23.0,22.0,4.0,9.0,0.0,26.08,0.0,75.5,243.0,31.08,1425.0,37.957344,34.0
8.0,59.0,5.0,5.0,0.0,90.95,1.0,82.6,226.0,80.13,1618.0,59.267357,47.0
23.0,31.0,6.0,7.0,0.0,98.88,0.0,101.5,153.0,122.48,1499.0,46.661556,52.0
15.0,95.0,2.0,2.0,0.0,72.05,1.0,31.6,470.0,76.88,556.0,55.981647,53.0
4.0,41.0,4.0,4.0,0.0,146.04,1.0,64.5,40.0,130.48,1298.0,48.997135,47.0
2.0,11.0,2.0,1.0,0.0,11.61,1.0,52.6,299.0,13.36,443.0,52.080322,51.0
3.0,76.0,6.0,12.0,1.0,38.3,1.0,58.5,259.0,48.85,266.0,85.057976,92.0
28.0,58.0,6.0,1.0,0.0,70.77,0.0,48.1,154.0,72.19,1391.0,40.18187,37.0
10.0,91.0,0.0,5.0,0.0,15.1,1.0,87.4,399.0,16.1,327.0,54.23756,48.0
29.0,42.0,1.0,1.0,0.0,103.4,1.0,42.7,397.0,124.0,844.0,64.26001,70.0
19.0,2.0,3.0,12.0,0.0,96.28,0.0,51.8,178.0,104.96,180.0,32.679024,32.0
2.0,26.0,0.0,5.0,0.0,135.94,1.0,84.3,230.0,118.41,1488.0,52.11763,69.0
22.0,17.0,0.0,3.0,0.0,13.05,0.0,59.5,299.0,14.72,1643.0,43.207794,45.0
18.0,24.0,0.0,6.0,0.0,103.7,1.0,81.0,94.0,134.55,1639.0,67.743225,67.0
13.0,12.0,4.0,1.0,0.0,18.46,0.0,46.3,203.0,22.15,977.0,33.572598,34.0
5.0,35.0,1.0,9.0,0.0,125.96,1.0,91.4,296.0,134.97,87.0,53.634457,64.0
18.0,63.0,3.0,8.0,0.0,130.28,0.0,80.9,43.0,145.8,1600.0,47.151653,52.0
11.0,41.0,4.0,5.0,0.0,101.51,0.0,75.7,474.0,87.42,365.0,25.895563,21.0
13.0,26.0,2.0,6.0,0.0,79.65,0.0,93.6,104.0,92.31,1662.0,45.849533,54.0
26.0,22.0,6.0,1.0,0.0,28.03,0.0,53.8,116.0,24.43,422.0,21.66683,20.0
18.0,66.0,0.0,4.0,0.0,65.31,0.0,63.1,272.0,78.16,1283.0,44.80815,46.0
30.0,98.0,3.0,4.0,0.0,68.82,1.0,63.6,394.0,76.07,1079.0,57.577023,59.0
28.0,39.0,5.0,5.0,0.0,129.43,0.0,80.0,425.0,117.49,1120.0,25.953167,27.0
5.0,40.0,6.0,3.0,0.0,141.77,1.0,61.4,51.0,136.9,1361.0,57.386242,61.0
11.0,99.0,5.0,3.0,0.0,104.96,1.0,49.9,378.0,100.59,1595.0,53.194603,48.0
25.0,13.0,3.0,4.0,0.0,148.37,1.0,71.2,141.0,140.81,1721.0,44.851543,34.0
7.0,46.0,3.0,5.0,0.0,137.51,1.0,80.2,79.0,137.48,242.0,55.51413,62.0
8.0,73.0,6.0,6.0,0.0,111.77,1.0,77.3,179.0,110.76,1576.0,58.930626,53.0
1.0,47.0,5.0,12.0,0.0,92.11,0.0,48.8,45.0,99.02,1246.0,41.003345,40.0
11.0,74.0,2.0,4.0,0.0,22.28,0.0,69.2,398.0,24.86,1563.0,33.35757,35.0
19.0,35.0,1.0,5.0,0.0,149.92,1.0,84.9,148.0,189.09,485.0,67.42244,80.0
12.0,74.0,5.0,7.0,1.0,37.8,1.0,97.7,157.0,31.73,394.0,77.526855,82.0
10.0,72.0,4.0,5.0,0.0,139.62,1.0,77.9,480.0,180.7,962.0,71.77637,81.0
9.0,56.0,3.0,2.0,0.0,135.92,1.0,40.6,468.0,140.5,1423.0,54.80697,51.0
11.0,74.0,5.0,5.0,0.0,109.99,1.0,83.9,96.0,112.7,1186.0,54.53508,45.0
6.0,60.0,3.0,9.0,0.0,101.19,0.0,77.0,347.0,124.4,1291.0,53.87669,57.0
21.0,59.0,6.0,2.0,0.0,12.96,0.0,49.0,387.0,12.98,898.0,35.290768,38.0
26.0,53.0,5.0,7.0,0.0,102.87,0.0,95.0,292.0,110.63,882.0,30.578466,38.0
30.0,31.0,1.0,10.0,0.0,33.23,0.0,77.7,468.0,35.27,1300.0,37.09289,43.0
5.0,99.0,3.0,8.0,0.0,86.55,0.0,95.2,395.0,112.16,701.0,45.9676,39.0
13.0,84.0,5.0,3.0,0.0,64.74,0.0,60.5,106.0,52.48,1368.0,28.924023,25.0
24.0,1.0,0.0,12.0,1.0,78.62,1.0,51.7,57.0,78.51,120.0,79.21109,71.0
7.0,24.0,0.0,1.0,0.0,142.67,1.0,41.3,255.0,183.33,1334.0,72.80027,62.0
11.0,49.0,1.0,3.0,0.0,91.89,0.0,58.7,96.0,97.59,556.0,37.171402,46.0
4.0,1.0,6.0,10.0,0.0,59.04,0.0,73.2,179.0,51.36,1540.0,29.881174,23.0
5.0,91.0,6.0,10.0,0.0,133.04,1.0,77.5,84.0,132.32,1830.0,60.565533,60.0
30.0,86.0,0.0,11.0,1.0,35.28,0.0,52.7,494.0,45.17,413.0,60.93413,57.0
2.0,6.0,1.0,9.0,0.0,108.06,1.0,65.8,291.0,120.7,1636.0,63.170498,64.0
13.0,38.0,4.0,3.0,0.0,62.82,0.0,55.9,287.0,61.89,1450.0,34.862244,35.0
27.0,93.0,2.0,4.0,0.0,124.17,1.0,59.5,480.0,109.33,177.0,45.633373,48.0
19.0,71.0,0.0,10.0,0.0,102.25,0.0,72.1,219.0,86.51,1344.0,28.362001,30.0
10.0,4.0,3.0,7.0,1.0,131.71,0.0,92.9,360.0,110.73,1119.0,54.677593,60.0
12.0,38.0,1.0,5.0,0.0,115.11,0.0,73.7,137.0,120.13,374.0,39.451775,42.0
29.0,63.0,3.0,10.0,0.0,74.43,1.0,75.4,444.0,75.63,1613.0,63.720474,67.0
23.0,55.0,3.0,10.0,0.0,70.84,0.0,75.9,92.0,57.66,1390.0,30.68474,22.0
2.0,74.0,1.0,1.0,0.0,8.2,1.0,45.3,107.0,9.54,1162.0,55.452835,54.0
16.0,59.0,4.0,2.0,0.0,52.64,1.0,47.1,150.0,66.12,255.0,49.29262,47.0
14.0,94.0,0.0,8.0,0.0,147.18,0.0,87.9,59.0,149.09,1705.0,41.11894,43.0
7.0,87.0,2.0,9.0,0.0,62.18,0.0,90.6,12.0,65.97,454.0,38.240974,39.0
1.0,14.0,4.0,7.0,1.0,28.19,0.0,88.3,400.0,28.14,1796.0,56.637665,47.0
28.0,8.0,2.0,8.0,0.0,127.93,0.0,92.3,294.0,138.22,1186.0,43.058464,48.0
18.0,74.0,2.0,4.0,0.0,90.13,1.0,72.7,295.0,109.96,822.0,68.364365,65.0
21.0,32.0,6.0,7.0,1.0,87.72,0.0,88.9,72.0,96.23,1928.0,62.14083,60.0
25.0,89.0,2.0,5.0,0.0,15.33,1.0,85.5,430.0,13.74,404.0,47.82692,58.0
30.0,45.0,1.0,10.0,0.0,34.41,0.0,69.9,489.0,40.31,1133.0,37.10795,36.0
9.0,74.0,3.0,8.0,0.0,147.13,1.0,100.8,41.0,123.73,717.0,39.358124,37.0
7.0,80.0,1.0,6.0,0.0,26.43,0.0,86.0,120.0,30.83,801.0,42.92134,43.0
29.0,68.0,4.0,2.0,0.0,39.27,1.0,50.6,128.0,40.67,1840.0,65.21244,62.0
12.0,67.0,6.0,3.0,0.0,134.85,0.0,69.6,106.0,118.3,1664.0,31.555895,29.0
26.0,8.0,1.0,5.0,0.0,138.78,1.0,76.1,285.0,180.09,337.0,64.67705,75.0
13.0,10.0,4.0,1.0,0.0,131.9,1.0,53.5,360.0,144.59,1336.0,55.500465,51.0
15.0,76.0,6.0,3.0,0.0,55.79,1.0,63.2,147.0,66.85,681.0,62.575417,53.0
1.0,51.0,2.0,1.0,0.0,102.97,1.0,54.5,466.0,94.18,1381.0,47.98355,45.0
4.0,77.0,1.0,9.0,0.0,23.28,1.0,85.7,390.0,23.66,801.0,49.7261,50.0
13.0,41.0,0.0,2.0,0.0,116.03,0.0,41.6,260.0,139.6,1186.0,47.780724,45.0
28.0,8.0,5.0,3.0,0.0,115.45,0.0,53.4,50.0,100.51,643.0,28.642994,21.0
15.0,83.0,3.0,6.0,0.0,46.09,1.0,94.0,270.0,48.45,1465.0,58.936195,62.0
27.0,92.0,2.0,6.0,0.0,9.74,1.0,68.5,379.0,11.61,1476.0,57.34362,60.0
6.0,60.0,1.0,1.0,0.0,62.22,1.0,45.1,348.0,53.48,1596.0,62.41714,58.0
20.0,72.0,6.0,9.0,0.0,55.28,0.0,76.1,68.0,49.87,1576.0,23.398197,29.0
1.0,98.0,0.0,4.0,0.0,43.21,1.0,62.8,498.0,44.39,1205.0,47.382156,63.0
1.0,15.0,0.0,2.0,0.0,22.37,0.0,53.8,444.0,21.44,1976.0,27.738771,32.0
8.0,81.0,2.0,3.0,0.0,64.87,1.0,61.3,400.0,75.2,989.0,61.1212,72.0
14.0,42.0,2.0,3.0,0.0,76.66,0.0,64.3,25.0,88.21,404.0,36.4897,36.0
1.0,53.0,3.0,7.0,0.0,146.15,1.0,95.0,279.0,153.72,548.0,47.04691,49.0
4.0,3.0,6.0,3.0,0.0,50.12,1.0,57.9,35.0,43.45,415.0,48.76483,51.0
21.0,55.0,2.0,1.0,0.0,82.36,1.0,49.6,213.0,84.35,1852.0,58.512966,56.0
16.0,38.0,2.0,6.0,0.0,67.02,0.0,93.2,207.0,55.75,182.0,19.374216,13.0
26.0,73.0,5.0,12.0,0.0,9.02,1.0,38.1,483.0,8.22,208.0,42.52108,38.0
5.0,99.0,3.0,9.0,0.0,127.91,1.0,89.0,225.0,147.83,570.0,64.92558,61.0
12.0,99.0,3.0,2.0,0.0,83.37,0.0,46.2,295.0,89.09,692.0,39.913044,33.0
11.0,6.0,5.0,10.0,0.0,64.82,0.0,67.8,70.0,68.03,743.0,35.738205,34.0
25.0,45.0,4.0,5.0,0.0,94.42,0.0,84.1,122.0,117.71,1219.0,41.388252,52.0
2.0,90.0,4.0,5.0,0.0,108.87,0.0,93.8,361.0,108.42,1675.0,42.1076,38.0
22.0,3.0,4.0,5.0,0.0,144.28,0.0,73.5,309.0,180.57,1709.0,54.213436,63.0
15.0,73.0,0.0,7.0,0.0,30.38,0.0,100.3,291.0,29.43,1449.0,32.115597,36.0
1.0,92.0,4.0,8.0,0.0,13.71,1.0,95.2,369.0,11.29,1704.0,53.037533,50.0
18.0,24.0,1.0,2.0,0.0,44.18,1.0,46.7,163.0,52.55,1647.0,56.395687,61.0
29.0,19.0,5.0,4.0,0.0,71.12,0.0,56.3,81.0,91.95,1993.0,52.723946,54.0
20.0,51.0,5.0,1.0,0.0,67.85,1.0,52.9,218.0,68.52,1798.0,52.234894,61.0
26.0,6.0,4.0,2.0,0.0,113.15,0.0,40.0,392.0,120.27,1202.0,29.947876,26.0
8.0,48.0,5.0,10.0,0.0,31.8,1.0,62.4,344.0,33.66,111.0,59.614273,53.0
24.0,24.0,6.0,5.0,0.0,40.32,1.0,85.6,232.0,33.99,1721.0,49.942078,50.0
4.0,4.0,5.0,11.0,0.0,143.04,0.0,62.4,19.0,160.85,801.0,41.475372,43.0
27.0,94.0,3.0,7.0,0.0,99.42,0.0,82.5,342.0,128.35,897.0,50.7167,51.0
7.0,36.0,2.0,4.0,0.0,70.78,1.0,58.2,108.0,88.67,475.0,65.42202,64.0
30.0,57.0,5.0,7.0,0.0,96.05,0.0,126.5,228.0,117.3,938.0,42.413654,40.0
17.0,89.0,5.0,6.0,0.0,105.78,0.0,94.5,359.0,108.43,1675.0,43.74552,38.0
9.0,28.0,0.0,5.0,0.0,65.06,0.0,89.2,390.0,80.19,1117.0,45.567608,37.0
9.0,17.0,2.0,12.0,0.0,46.19,0.0,33.8,249.0,55.51,1145.0,35.3889,35.0
16.0,30.0,0.0,4.0,0.0,140.62,1.0,71.7,392.0,131.17,1471.0,47.842293,41.0
1.0,39.0,4.0,4.0,0.0,64.89,0.0,73.7,332.0,66.58,950.0,31.758965,32.0
4.0,10.0,0.0,12.0,0.0,22.33,1.0,58.7,355.0,28.64,1993.0,62.651695,69.0
3.0,81.0,4.0,12.0,0.0,89.16,0.0,49.7,322.0,84.38,1711.0,40.08558,52.0
22.0,1.0,4.0,2.0,0.0,71.75,1.0,32.9,319.0,61.58,901.0,56.61227,55.0
26.0,3.0,5.0,8.0,0.0,65.24,1.0,100.8,498.0,67.0,1311.0,45.910263,45.0
11.0,6.0,6.0,4.0,0.0,96.77,0.0,74.8,386.0,85.11,723.0,27.420624,24.0
19.0,68.0,3.0,1.0,0.0,30.44,0.0,45.2,204.0,33.54,289.0,36.10051,38.0
15.0,33.0,1.0,10.0,0.0,123.21,0.0,66.8,251.0,133.26,1171.0,40.34184,36.0
8.0,97.0,4.0,6.0,0.0,36.45,1.0,78.9,372.0,45.67,1500.0,68.241104,73.0
30.0,2.0,4.0,2.0,0.0,133.47,1.0,40.6,335.0,132.21,889.0,52.138424,40.0
3.0,49.0,4.0,2.0,0.0,76.56,1.0,58.4,183.0,66.55,1956.0,62.886444,65.0
25.0,31.0,6.0,3.0,0.0,62.6,1.0,55.9,83.0,69.13,419.0,55.78629,60.0
15.0,93.0,3.0,1.0,0.0,84.22,0.0,46.2,37.0,98.32,1995.0,45.71088,48.0
6.0,79.0,3.0,1.0,0.0,47.52,0.0,43.4,127.0,42.79,1083.0,42.38921,42.0
5.0,44.0,0.0,7.0,0.0,69.85,1.0,100.6,321.0,72.68,793.0,55.73977,42.0
9.0,43.0,5.0,1.0,0.0,144.52,0.0,60.3,52.0,186.52,214.0,50.005142,50.0
13.0,68.0,2.0,5.0,0.0,76.92,0.0,78.4,121.0,69.02,493.0,26.1364,32.0
7.0,77.0,5.0,12.0,0.0,86.6,0.0,51.0,242.0,78.15,1643.0,37.317528,42.0
6.0,38.0,3.0,7.0,0.0,84.72,1.0,98.8,460.0,102.47,799.0,71.207466,78.0
29.0,86.0,4.0,3.0,0.0,10.33,1.0,46.1,223.0,9.8,1599.0,61.947937,60.0
14.0,19.0,4.0,3.0,0.0,64.56,1.0,50.8,222.0,69.4,975.0,53.618557,58.0
24.0,85.0,2.0,8.0,0.0,144.59,0.0,87.8,110.0,124.02,1417.0,26.561432,18.0
19.0,62.0,6.0,3.0,0.0,120.74,0.0,58.4,311.0,101.5,499.0,23.09966,23.0
16.0,55.0,2.0,9.0,0.0,64.31,0.0,82.6,27.0,66.68,424.0,24.011145,21.0
14.0,54.0,6.0,7.0,1.0,19.26,1.0,92.1,104.0,17.09,1937.0,78.03082,65.0
22.0,36.0,0.0,2.0,0.0,122.3,1.0,56.2,341.0,144.51,665.0,65.37248,82.0
25.0,95.0,2.0,4.0,0.0,88.16,0.0,74.8,260.0,73.49,682.0,20.48143,14.0
4.0,23.0,4.0,1.0,0.0,36.0,0.0,52.0,355.0,35.5,332.0,33.292877,35.0
4.0,95.0,5.0,3.0,0.0,45.85,0.0,59.4,478.0,42.7,609.0,29.79215,30.0
2.0,3.0,6.0,5.0,0.0,137.31,1.0,84.3,491.0,144.33,261.0,62.782818,55.0
5.0,79.0,1.0,10.0,0.0,75.38,0.0,79.3,256.0,84.08,1184.0,39.58225,35.0
13.0,59.0,0.0,12.0,1.0,147.6,0.0,38.0,439.0,121.65,961.0,47.54713,43.0
18.0,83.0,2.0,8.0,0.0,58.61,1.0,101.4,62.0,71.01,1146.0,60.739517,54.0
2.0,91.0,0.0,10.0,0.0,137.33,1.0,66.5,312.0,164.15,1138.0,68.950775,63.0
18.0,92.0,0.0,4.0,0.0,34.63,0.0,65.4,38.0,35.01,1464.0,38.548637,39.0
11.0,49.0,0.0,8.0,0.0,110.22,0.0,88.9,464.0,116.34,1667.0,41.90189,44.0
7.0,40.0,2.0,7.0,0.0,113.12,1.0,93.8,390.0,96.65,87.0,42.361423,56.0
28.0,81.0,6.0,3.0,0.0,89.8,1.0,46.3,92.0,114.38,1556.0,67.26485,67.0
6.0,85.0,3.0,8.0,0.0,66.78,0.0,95.2,183.0,72.68,1473.0,50.313885,48.0
21.0,33.0,4.0,8.0,0.0,10.25,1.0,93.7,280.0,10.34,1311.0,53.48859,50.0
10.0,7.0,6.0,4.0,0.0,92.05,0.0,87.6,337.0,117.05,597.0,45.708073,50.0
28.0,89.0,5.0,1.0,0.0,98.78,1.0,48.8,488.0,100.52,1459.0,54.490643,69.0
5.0,32.0,2.0,5.0,0.0,65.71,0.0,79.7,94.0,60.94,525.0,32.299473,33.0
28.0,49.0,2.0,3.0,0.0,103.55,0.0,48.3,24.0,93.64,1465.0,29.71842,37.0
8.0,64.0,3.0,3.0,0.0,56.5,0.0,50.3,375.0,62.69,1075.0,42.85181,37.0
4.0,59.0,5.0,6.0,0.0,7.12,1.0,89.8,70.0,9.1,1820.0,56.977333,59.0
3.0,96.0,0.0,3.0,0.0,54.51,1.0,56.2,296.0,63.94,558.0,64.55264,54.0
28.0,62.0,0.0,1.0,0.0,95.54,1.0,40.5,238.0,79.46,975.0,44.85798,31.0
26.0,9.0,6.0,12.0,0.0,141.3,0.0,58.7,318.0,133.05,229.0,25.0055,20.0
28.0,97.0,2.0,1.0,0.0,100.7,0.0,36.7,315.0,114.47,1056.0,37.30982,39.0
12.0,75.0,3.0,2.0,0.0,83.6,1.0,51.2,489.0,87.71,1323.0,61.63404,66.0
12.0,22.0,1.0,12.0,0.0,129.76,1.0,46.2,480.0,166.02,1232.0,80.61166,88.0
14.0,31.0,0.0,2.0,0.0,28.76,1.0,41.4,440.0,25.0,65.0,53.959343,38.0
5.0,4.0,5.0,5.0,0.0,112.28,0.0,85.8,95.0,97.23,1755.0,33.19719,28.0
14.0,77.0,4.0,8.0,0.0,89.3,0.0,86.5,131.0,95.9,1532.0,40.529346,43.0
6.0,29.0,3.0,8.0,0.0,84.9,0.0,92.8,474.0,95.01,1151.0,48.372868,56.0
3.0,32.0,3.0,2.0,0.0,58.86,1.0,32.7,394.0,70.75,164.0,60.09099,65.0
21.0,24.0,4.0,9.0,0.0,73.09,1.0,79.9,467.0,87.69,1170.0,56.39985,58.0
19.0,97.0,5.0,2.0,0.0,73.9,1.0,38.7,228.0,64.1,1920.0,56.327156,61.0
11.0,79.0,3.0,3.0,0.0,24.15,1.0,57.5,442.0,25.57,532.0,51.786312,48.0
1.0,53.0,4.0,10.0,0.0,26.13,0.0,63.7,436.0,23.69,874.0,30.339724,39.0
13.0,71.0,3.0,4.0,0.0,13.7,1.0,78.8,445.0,16.39,113.0,51.679623,59.0
23.0,43.0,1.0,11.0,0.0,19.49,0.0,69.3,259.0,21.34,1601.0,39.21858,37.0
21.0,17.0,2.0,1.0,0.0,24.65,1.0,58.6,409.0,25.12,1595.0,56.7538,41.0
27.0,45.0,5.0,11.0,1.0,101.22,1.0,59.3,137.0,112.25,688.0,81.32506,104.0
4.0,97.0,0.0,2.0,0.0,37.12,0.0,46.8,286.0,39.0,327.0,35.26983,39.0
16.0,74.0,1.0,5.0,0.0,40.9,1.0,79.2,286.0,42.3,1557.0,41.330177,38.0
16.0,18.0,4.0,6.0,0.0,70.95,0.0,85.2,23.0,83.49,81.0,28.407463,27.0
14.0,1.0,3.0,3.0,0.0,34.66,0.0,74.7,129.0,29.49,1496.0,32.48816,28.0
25.0,43.0,6.0,2.0,0.0,115.92,1.0,55.4,182.0,147.95,1702.0,63.99746,52.0
16.0,74.0,3.0,6.0,0.0,19.99,1.0,96.0,223.0,25.2,1727.0,45.85517,51.0
26.0,64.0,6.0,1.0,0.0,5.01,0.0,34.9,342.0,4.06,1995.0,31.538902,28.0
22.0,11.0,3.0,2.0,0.0,32.77,0.0,50.2,34.0,27.41,1657.0,39.37593,35.0
8.0,10.0,2.0,5.0,0.0,100.04,0.0,77.0,360.0,92.34,1723.0,37.083683,35.0
12.0,13.0,5.0,2.0,0.0,122.6,0.0,52.1,225.0,159.07,580.0,50.50091,45.0
10.0,55.0,2.0,8.0,0.0,90.41,0.0,96.6,106.0,97.63,1544.0,41.628395,41.0
3.0,18.0,3.0,4.0,0.0,42.0,0.0,73.0,343.0,53.41,1682.0,48.332806,53.0
21.0,25.0,0.0,4.0,0.0,106.63,0.0,85.2,244.0,104.76,1086.0,31.912117,30.0
27.0,58.0,1.0,12.0,1.0,145.12,0.0,40.5,154.0,177.26,208.0,66.739815,76.0
10.0,75.0,3.0,10.0,0.0,10.33,0.0,71.7,415.0,12.92,1961.0,43.05368,40.0
11.0,56.0,2.0,10.0,0.0,103.3,1.0,66.9,223.0,90.49,1635.0,49.290756,50.0
20.0,66.0,3.0,6.0,0.0,25.68,0.0,82.0,266.0,22.71,639.0,26.145662,23.0
14.0,100.0,0.0,5.0,0.0,24.38,1.0,73.6,147.0,25.35,938.0,60.616467,56.0
6.0,6.0,6.0,12.0,0.0,120.51,1.0,45.7,243.0,153.39,1517.0,76.88666,85.0
1.0,63.0,5.0,3.0,0.0,41.71,1.0,60.8,286.0,44.8,523.0,45.81261,53.0
18.0,29.0,0.0,4.0,0.0,136.16,0.0,66.5,202.0,154.11,1947.0,47.445484,54.0
24.0,62.0,3.0,6.0,0.0,125.12,0.0,88.6,303.0,141.54,1344.0,40.229393,36.0
19.0,17.0,6.0,8.0,0.0,70.5,0.0,77.4,261.0,79.68,176.0,34.060093,37.0
1.0,35.0,5.0,4.0,0.0,126.08,0.0,59.6,150.0,106.53,343.0,18.807438,13.0
23.0,100.0,4.0,4.0,0.0,143.1,0.0,73.5,371.0,183.43,1892.0,55.73445,61.0
25.0,20.0,4.0,2.0,0.0,63.71,0.0,45.7,393.0,52.73,924.0,22.019611,25.0
26.0,88.0,0.0,2.0,0.0,110.77,1.0,45.3,260.0,97.86,353.0,42.58529,42.0
7.0,23.0,5.0,4.0,0.0,108.33,1.0,64.9,104.0,136.03,879.0,72.513626,64.0
6.0,32.0,5.0,7.0,1.0,15.7,0.0,96.0,316.0,13.68,533.0,65.94504,75.0
19.0,83.0,1.0,6.0,0.0,115.84,1.0,82.8,407.0,148.84,1335.0,67.91142,68.0
13.0,90.0,3.0,2.0,0.0,135.18,0.0,42.1,112.0,120.17,961.0,26.399313,25.0
26.0,25.0,0.0,10.0,0.0,66.26,0.0,69.9,439.0,74.08,1327.0,32.580498,29.0
13.0,22.0,6.0,9.0,0.0,7.0,1.0,80.5,245.0,5.91,1757.0,50.34608,56.0
14.0,57.0,5.0,3.0,0.0,97.07,0.0,60.8,407.0,116.13,733.0,42.59389,44.0
1.0,54.0,5.0,3.0,0.0,106.07,0.0,57.9,56.0,130.19,857.0,39.823,34.0
21.0,87.0,4.0,10.0,0.0,88.4,1.0,74.3,216.0,91.92,252.0,53.993977,51.0
24.0,94.0,2.0,10.0,0.0,113.22,0.0,67.7,59.0,91.5,1471.0,26.754543,25.0
19.0,59.0,6.0,7.0,0.0,144.79,0.0,90.4,130.0,124.8,842.0,26.936901,31.0
30.0,74.0,0.0,3.0,0.0,115.62,1.0,66.5,96.0,110.3,1073.0,47.950256,39.0
22.0,27.0,6.0,11.0,0.0,110.81,1.0,56.0,333.0,107.55,993.0,52.964714,54.0
27.0,43.0,3.0,4.0,0.0,116.25,1.0,82.4,206.0,139.61,1383.0,65.4216,69.0
1.0,88.0,0.0,1.0,0.0,78.9,0.0,60.9,364.0,90.06,1918.0,37.894295,40.0
9.0,68.0,5.0,11.0,0.0,53.43,1.0,62.9,282.0,65.39,666.0,56.406193,57.0
29.0,93.0,4.0,5.0,0.0,104.36,0.0,63.4,247.0,96.4,781.0,39.03556,44.0
22.0,54.0,2.0,7.0,0.0,81.58,1.0,92.8,287.0,92.81,366.0,68.011154,68.0
4.0,17.0,6.0,8.0,0.0,60.09,1.0,97.0,451.0,71.16,594.0,53.803192,50.0
16.0,47.0,1.0,9.0,0.0,87.82,0.0,94.0,474.0,91.04,1218.0,28.946068,27.0
24.0,40.0,4.0,5.0,0.0,12.24,1.0,88.6,153.0,11.69,1745.0,54.718136,61.0
7.0,92.0,0.0,5.0,0.0,100.15,0.0,72.6,304.0,115.29,606.0,43.61783,42.0
6.0,87.0,4.0,1.0,0.0,100.84,0.0,36.3,227.0,119.54,1419.0,50.834415,57.0
11.0,8.0,5.0,9.0,0.0,146.69,0.0,84.7,283.0,180.78,1982.0,53.826214,59.0
11.0,92.0,1.0,5.0,0.0,83.83,0.0,70.9,268.0,108.75,64.0,41.964184,32.0
14.0,57.0,0.0,12.0,0.0,67.52,0.0,50.4,85.0,87.4,462.0,42.794083,41.0
22.0,84.0,2.0,9.0,0.0,111.12,1.0,76.0,470.0,116.15,415.0,56.11751,66.0
2.0,56.0,1.0,2.0,0.0,115.67,0.0,50.5,72.0,145.13,123.0,46.3819,44.0
8.0,86.0,0.0,12.0,0.0,66.8,1.0,37.5,66.0,55.59,1887.0,59.172768,55.0
3.0,24.0,2.0,3.0,0.0,91.8,0.0,64.3,430.0,103.43,1367.0,43.33752,44.0
3.0,37.0,3.0,4.0,0.0,134.2,1.0,65.3,329.0,118.24,1884.0,51.227898,64.0
13.0,5.0,3.0,7.0,1.0,133.39,0.0,108.8,375.0,148.5,1386.0,66.29477,77.0
28.0,100.0,6.0,3.0,0.0,79.43,0.0,67.2,404.0,69.82,1597.0,30.44345,26.0
20.0,74.0,4.0,8.0,0.0,142.19,1.0,100.4,272.0,180.57,1499.0,69.18417,62.0
20.0,17.0,6.0,4.0,0.0,21.66,0.0,74.6,113.0,24.19,1142.0,28.020168,23.0
16.0,77.0,0.0,5.0,0.0,147.98,1.0,86.7,283.0,159.01,860.0,54.629337,58.0
25.0,2.0,2.0,3.0,0.0,43.9,0.0,64.0,303.0,45.46,463.0,27.57753,22.0
8.0,12.0,3.0,1.0,0.0,113.88,0.0,45.4,141.0,136.75,179.0,47.365826,51.0
14.0,96.0,4.0,2.0,0.0,25.1,0.0,37.4,57.0,24.93,84.0,32.14147,34.0
19.0,96.0,4.0,7.0,0.0,32.82,1.0,98.6,363.0,40.79,905.0,54.94012,52.0
22.0,65.0,4.0,2.0,0.0,43.4,0.0,60.4,182.0,48.8,1549.0,46.673637,46.0
17.0,52.0,5.0,3.0,0.0,142.98,1.0,64.3,391.0,120.91,1738.0,43.853603,39.0
9.0,90.0,1.0,1.0,0.0,129.37,1.0,63.1,353.0,118.18,215.0,48.35006,35.0
26.0,12.0,2.0,2.0,0.0,146.38,1.0,41.9,438.0,148.32,78.0,45.37095,35.0
22.0,90.0,5.0,9.0,0.0,90.57,1.0,94.1,457.0,88.83,582.0,61.546963,59.0
4.0,54.0,2.0,4.0,0.0,147.81,0.0,56.1,313.0,178.76,1934.0,51.083195,49.0
11.0,54.0,4.0,12.0,0.0,38.59,1.0,47.3,196.0,39.23,1026.0,55.904133,52.0
6.0,88.0,5.0,2.0,0.0,56.29,0.0,58.0,64.0,69.52,1421.0,55.512726,57.0
24.0,77.0,2.0,4.0,0.0,113.58,0.0,71.9,102.0,123.59,1741.0,42.94023,45.0
26.0,85.0,2.0,10.0,0.0,128.92,0.0,71.5,93.0,110.38,777.0,17.751211,13.0
13.0,100.0,1.0,9.0,0.0,35.28,1.0,90.8,396.0,38.49,148.0,54.742897,52.0
30.0,66.0,0.0,8.0,0.0,128.92,1.0,96.6,31.0,153.19,1262.0,65.22447,73.0
26.0,93.0,0.0,4.0,0.0,54.54,1.0,85.3,400.0,58.24,1934.0,54.383488,48.0
9.0,33.0,4.0,7.0,0.0,16.46,1.0,106.6,479.0,19.37,150.0,55.30081,59.0
19.0,39.0,4.0,4.0,0.0,111.84,1.0,70.1,115.0,120.22,1550.0,62.105587,55.0
11.0,35.0,0.0,1.0,0.0,19.07,1.0,52.7,489.0,16.92,268.0,52.230526,48.0
29.0,66.0,3.0,1.0,0.0,59.92,1.0,59.6,401.0,49.25,1542.0,59.56334,57.0
8.0,45.0,6.0,8.0,0.0,67.12,0.0,92.4,158.0,60.45,641.0,34.18844,37.0
2.0,35.0,3.0,2.0,0.0,11.4,0.0,45.4,66.0,9.37,1764.0,41.2049,45.0
15.0,27.0,6.0,10.0,0.0,20.22,0.0,69.6,207.0,26.11,355.0,36.478043,36.0
6.0,18.0,4.0,11.0,1.0,83.13,0.0,57.1,211.0,67.75,877.0,60.57819,70.0
13.0,27.0,5.0,4.0,0.0,148.89,0.0,64.1,191.0,164.06,1745.0,45.212364,47.0
22.0,82.0,4.0,7.0,1.0,99.37,1.0,96.1,359.0,87.77,1469.0,78.65935,98.0
27.0,14.0,1.0,3.0,0.0,110.8,1.0,37.8,482.0,100.17,1779.0,52.287247,58.0
29.0,59.0,4.0,10.0,0.0,30.71,0.0,68.7,291.0,30.13,1490.0,45.140934,46.0
11.0,99.0,6.0,11.0,0.0,128.71,0.0,57.6,409.0,147.75,906.0,45.35081,38.0
11.0,89.0,5.0,6.0,0.0,126.66,0.0,99.9,10.0,123.6,157.0,33.766075,27.0
28.0,26.0,6.0,4.0,0.0,42.0,1.0,59.2,452.0,43.83,539.0,58.63227,49.0
13.0,77.0,0.0,2.0,0.0,27.47,0.0,40.3,90.0,22.78,388.0,33.413277,35.0
4.0,79.0,1.0,10.0,0.0,41.95,0.0,79.1,413.0,50.11,843.0,33.59996,34.0
19.0,19.0,4.0,1.0,0.0,110.95,1.0,35.8,305.0,97.92,1938.0,49.48213,46.0
11.0,17.0,5.0,6.0,0.0,136.31,0.0,81.2,478.0,126.49,1501.0,32.442238,24.0
3.0,13.0,0.0,8.0,0.0,36.13,0.0,92.1,327.0,38.89,1214.0,37.99372,37.0
28.0,51.0,3.0,4.0,0.0,49.12,0.0,73.4,235.0,58.62,573.0,36.656197,31.0
18.0,91.0,2.0,5.0,0.0,91.59,1.0,83.3,293.0,91.15,1823.0,62.888557,63.0
8.0,95.0,5.0,7.0,0.0,142.22,0.0,92.8,422.0,156.39,858.0,45.078056,37.0
17.0,69.0,5.0,6.0,0.0,143.34,0.0,94.4,300.0,150.43,220.0,34.624355,36.0
8.0,13.0,6.0,3.0,0.0,83.68,0.0,66.8,338.0,74.54,518.0,30.597229,30.0
22.0,18.0,3.0,4.0,0.0,112.81,1.0,61.5,362.0,99.85,141.0,47.684505,46.0
25.0,42.0,3.0,1.0,0.0,34.11,0.0,43.8,97.0,36.02,1305.0,28.446066,23.0
15.0,69.0,6.0,11.0,1.0,133.73,1.0,52.2,264.0,165.75,1644.0,93.15253,118.0
26.0,82.0,3.0,6.0,0.0,38.01,1.0,106.0,379.0,31.94,690.0,44.94033,43.0
5.0,45.0,2.0,1.0,0.0,15.1,0.0,41.9,427.0,13.56,342.0,37.12848,38.0
20.0,55.0,4.0,2.0,0.0,139.62,0.0,47.0,152.0,145.93,752.0,35.628674,28.0
11.0,42.0,4.0,7.0,0.0,35.74,0.0,99.9,350.0,36.23,1532.0,35.819435,34.0
14.0,90.0,3.0,11.0,1.0,140.58,1.0,61.3,468.0,130.12,1572.0,76.617546,72.0
11.0,71.0,3.0,6.0,0.0,41.8,1.0,95.4,377.0,52.5,1277.0,59.45774,46.0
17.0,18.0,0.0,4.0,0.0,77.41,0.0,52.7,123.0,73.83,909.0,31.210876,37.0
13.0,56.0,6.0,4.0,0.0,13.1,0.0,73.9,450.0,12.05,1361.0,32.17997,29.0
4.0,70.0,0.0,5.0,0.0,120.48,0.0,88.7,252.0,152.07,463.0,42.583553,38.0
28.0,64.0,5.0,8.0,0.0,10.81,0.0,95.9,18.0,11.66,816.0,33.09628,38.0
1.0,55.0,2.0,6.0,0.0,75.22,1.0,87.7,396.0,63.58,1241.0,45.617447,39.0
16.0,75.0,3.0,9.0,0.0,36.5,1.0,69.5,303.0,33.44,947.0,45.102627,46.0
25.0,24.0,1.0,11.0,0.0,59.34,1.0,61.3,78.0,70.76,287.0,52.406914,46.0
20.0,84.0,5.0,4.0,0.0,26.46,1.0,59.9,147.0,29.07,515.0,44.811146,55.0
10.0,53.0,2.0,1.0,0.0,137.45,0.0,37.9,12.0,144.06,1640.0,42.90887,39.0
2.0,94.0,1.0,2.0,0.0,67.1,0.0,47.1,118.0,57.86,1333.0,35.02044,38.0
6.0,37.0,2.0,2.0,0.0,137.91,1.0,67.0,270.0,151.8,1304.0,68.59631,73.0
30.0,84.0,3.0,7.0,1.0,98.75,0.0,98.1,241.0,119.67,403.0,63.365326,57.0
23.0,85.0,6.0,11.0,0.0,43.13,0.0,44.9,215.0,34.63,219.0,33.98613,28.0
30.0,27.0,1.0,2.0,0.0,147.71,0.0,76.8,176.0,156.18,354.0,38.020744,26.0
2.0,72.0,3.0,5.0,0.0,5.35,1.0,97.9,279.0,6.0,847.0,57.22874,58.0
20.0,38.0,6.0,9.0,0.0,134.35,1.0,82.8,243.0,151.08,430.0,52.704884,48.0
24.0,28.0,4.0,3.0,0.0,69.27,1.0,67.8,60.0,82.65,1579.0,63.172894,65.0
10.0,17.0,6.0,3.0,0.0,100.13,0.0,50.3,165.0,110.68,875.0,36.422974,40.0
10.0,81.0,6.0,1.0,0.0,80.19,0.0,46.9,408.0,102.25,61.0,45.068565,47.0
21.0,77.0,3.0,4.0,0.0,136.14,1.0,59.4,346.0,128.84,1347.0,49.07627,63.0
10.0,31.0,5.0,3.0,0.0,49.55,0.0,65.0,302.0,47.16,644.0,37.83696,38.0
19.0,50.0,6.0,11.0,0.0,100.5,0.0,41.8,282.0,84.16,919.0,28.909815,33.0
25.0,13.0,1.0,5.0,0.0,129.25,0.0,85.6,317.0,153.48,898.0,39.949272,31.0
24.0,53.0,1.0,7.0,0.0,122.72,0.0,100.6,441.0,120.25,170.0,31.40341,29.0
9.0,48.0,5.0,4.0,0.0,119.7,1.0,75.8,404.0,129.58,964.0,56.200027,60.0
19.0,37.0,2.0,8.0,0.0,41.8,0.0,84.6,494.0,48.36,780.0,39.663044,38.0
16.0,31.0,6.0,4.0,0.0,29.0,1.0,63.9,240.0,23.75,350.0,43.384697,45.0
29.0,84.0,3.0,2.0,0.0,113.46,1.0,53.3,252.0,96.94,786.0,52.767433,54.0
18.0,33.0,5.0,11.0,1.0,30.17,0.0,56.5,435.0,32.94,1670.0,64.04379,61.0
12.0,91.0,0.0,1.0,0.0,146.88,1.0,43.1,197.0,142.08,1419.0,57.56269,66.0
1.0,35.0,0.0,5.0,0.0,143.16,1.0,92.3,170.0,122.26,87.0,38.070053,44.0
29.0,98.0,5.0,3.0,0.0,82.47,1.0,71.5,57.0,103.42,443.0,68.2569,79.0
3.0,51.0,3.0,3.0,0.0,91.18,0.0,53.3,455.0,78.64,1248.0,35.26727,38.0
9.0,69.0,6.0,7.0,0.0,143.03,0.0,110.3,63.0,178.87,611.0,50.807556,50.0
8.0,99.0,3.0,4.0,0.0,89.6,1.0,76.4,377.0,113.28,677.0,63.376926,54.0
25.0,6.0,0.0,1.0,0.0,56.37,1.0,54.4,293.0,64.16,1539.0,51.33398,49.0
7.0,33.0,5.0,3.0,0.0,7.38,1.0,61.8,368.0,7.29,862.0,58.220543,50.0
17.0,29.0,6.0,3.0,0.0,29.88,0.0,64.5,333.0,37.68,523.0,39.9378,39.0
1.0,12.0,3.0,4.0,0.0,50.91,0.0,62.7,296.0,48.75,1505.0,28.066679,32.0
26.0,93.0,0.0,5.0,0.0,45.5,0.0,90.9,81.0,47.69,258.0,29.463099,30.0
18.0,5.0,1.0,9.0,0.0,28.39,0.0,81.1,304.0,35.12,509.0,39.099556,41.0
13.0,2.0,0.0,7.0,0.0,62.72,1.0,85.7,48.0,57.99,1995.0,48.851734,48.0
9.0,43.0,6.0,2.0,0.0,123.5,0.0,50.9,232.0,117.06,1845.0,31.806337,29.0
19.0,91.0,3.0,2.0,0.0,21.08,0.0,42.6,150.0,21.47,1398.0,37.505997,39.0
20.0,37.0,2.0,3.0,0.0,51.1,1.0,65.8,348.0,54.53,588.0,46.117046,54.0
9.0,66.0,0.0,5.0,0.0,98.35,0.0,88.4,90.0,97.3,1178.0,33.424343,30.0
29.0,71.0,1.0,3.0,0.0,93.08,1.0,60.0,257.0,111.07,559.0,68.452255,73.0
29.0,21.0,1.0,3.0,0.0,97.78,0.0,55.1,251.0,86.35,849.0,30.582645,33.0
12.0,26.0,5.0,1.0,0.0,91.68,0.0,51.5,208.0,115.83,128.0,47.627804,54.0
8.0,39.0,4.0,1.0,0.0,133.69,1.0,36.8,382.0,141.12,109.0,57.619984,59.0
15.0,33.0,4.0,9.0,0.0,45.04,1.0,81.2,160.0,37.37,1495.0,53.00923,56.0
16.0,49.0,4.0,6.0,0.0,33.32,0.0,88.4,494.0,34.23,212.0,26.98805,26.0
9.0,43.0,3.0,12.0,0.0,110.49,0.0,35.9,92.0,92.57,1388.0,27.051884,20.0
24.0,70.0,6.0,6.0,0.0,103.61,1.0,93.6,220.0,102.47,1837.0,54.50405,39.0
24.0,13.0,0.0,1.0,0.0,132.32,1.0,39.7,492.0,111.34,1519.0,42.53038,30.0
26.0,26.0,2.0,5.0,0.0,51.63,0.0,89.3,421.0,66.58,275.0,36.06078,37.0
29.0,98.0,5.0,3.0,0.0,32.59,1.0,56.7,469.0,30.4,1140.0,62.186226,68.0
29.0,21.0,0.0,5.0,0.0,68.79,0.0,88.2,292.0,62.39,1661.0,40.074554,34.0
24.0,44.0,1.0,3.0,0.0,147.17,0.0,48.2,106.0,131.38,1682.0,27.020575,22.0
3.0,56.0,2.0,4.0,0.0,119.96,0.0,69.7,403.0,141.09,309.0,44.68636,44.0
8.0,2.0,2.0,1.0,0.0,138.29,0.0,44.2,179.0,164.89,1170.0,47.576256,53.0
15.0,92.0,1.0,2.0,0.0,119.21,0.0,48.2,97.0,107.58,1232.0,29.716557,31.0
22.0,46.0,2.0,4.0,0.0,76.64,0.0,47.1,343.0,70.96,414.0,32.863617,32.0
6.0,91.0,3.0,7.0,1.0,129.19,0.0,95.7,72.0,107.17,441.0,52.660583,51.0
7.0,34.0,4.0,11.0,1.0,144.16,0.0,54.6,327.0,162.68,1736.0,73.28526,86.0
14.0,79.0,6.0,3.0,0.0,24.46,0.0,53.1,148.0,23.54,608.0,31.711302,30.0
21.0,52.0,1.0,6.0,0.0,121.74,0.0,96.6,315.0,154.4,980.0,48.66777,43.0
27.0,97.0,6.0,11.0,0.0,137.69,1.0,54.5,118.0,172.65,304.0,66.848236,74.0
19.0,96.0,0.0,8.0,0.0,102.35,0.0,95.8,126.0,113.67,1461.0,40.0346,43.0
21.0,10.0,0.0,3.0,0.0,122.08,1.0,63.7,362.0,128.99,1969.0,56.79154,63.0
18.0,71.0,6.0,2.0,0.0,86.4,1.0,41.2,35.0,82.11,1144.0,53.835686,52.0
27.0,8.0,0.0,1.0,0.0,117.37,0.0,53.6,301.0,118.13,901.0,36.26013,39.0
12.0,65.0,4.0,3.0,0.0,10.73,0.0,58.5,479.0,9.29,1401.0,39.19468,39.0
24.0,53.0,0.0,9.0,0.0,123.29,1.0,82.1,400.0,130.8,1837.0,58.328537,58.0
17.0,38.0,5.0,3.0,0.0,47.94,0.0,56.1,281.0,48.77,1068.0,33.124664,35.0
28.0,5.0,3.0,10.0,0.0,105.45,0.0,72.4,393.0,125.15,899.0,42.10764,46.0
16.0,25.0,1.0,1.0,0.0,147.76,0.0,35.8,251.0,127.71,238.0,19.250795,14.0
21.0,24.0,0.0,4.0,0.0,90.01,0.0,67.4,82.0,83.84,1876.0,32.23096,23.0
24.0,6.0,5.0,6.0,0.0,73.95,1.0,81.6,304.0,82.47,768.0,55.414345,48.0
29.0,67.0,1.0,12.0,1.0,30.23,1.0,39.6,438.0,37.61,642.0,78.126526,78.0
4.0,77.0,1.0,3.0,0.0,57.16,1.0,60.4,240.0,45.93,604.0,48.707436,59.0
29.0,17.0,4.0,6.0,0.0,28.89,0.0,97.4,199.0,37.12,762.0,41.428326,41.0
6.0,48.0,4.0,2.0,0.0,79.37,0.0,46.7,495.0,97.24,1552.0,56.58963,54.0
28.0,23.0,5.0,11.0,0.0,105.14,1.0,62.4,180.0,89.32,1905.0,50.676437,42.0
13.0,99.0,3.0,8.0,0.0,113.03,1.0,94.1,343.0,130.56,1672.0,65.353134,60.0
21.0,81.0,1.0,12.0,0.0,108.51,1.0,50.2,319.0,92.75,151.0,47.054585,44.0
5.0,12.0,3.0,8.0,0.0,114.84,0.0,87.5,58.0,136.23,900.0,47.7464,40.0
20.0,98.0,3.0,4.0,0.0,88.24,0.0,57.6,137.0,90.94,1813.0,33.039944,32.0
16.0,68.0,1.0,5.0,0.0,35.52,1.0,85.0,491.0,45.3,668.0,50.777393,47.0
17.0,38.0,1.0,7.0,1.0,77.67,0.0,79.4,62.0,83.1,1076.0,62.108574,72.0
9.0,67.0,1.0,1.0,0.0,45.66,0.0,36.4,105.0,37.51,659.0,26.626913,30.0
15.0,44.0,0.0,12.0,1.0,75.34,1.0,48.8,491.0,97.06,392.0,87.47427,93.0
11.0,92.0,5.0,7.0,0.0,134.78,0.0,91.6,20.0,119.23,1848.0,27.32293,26.0
11.0,96.0,3.0,7.0,0.0,107.92,1.0,98.7,181.0,120.18,1217.0,59.87375,60.0
23.0,77.0,2.0,7.0,0.0,125.57,0.0,103.6,206.0,162.75,472.0,54.161217,55.0
9.0,33.0,6.0,4.0,0.0,141.31,1.0,64.7,374.0,155.02,140.0,54.419582,53.0
25.0,1.0,4.0,6.0,0.0,124.13,0.0,89.9,291.0,134.39,803.0,37.74362,29.0
22.0,96.0,4.0,3.0,0.0,107.98,1.0,56.9,252.0,87.43,1426.0,52.199074,46.0
24.0,60.0,3.0,7.0,1.0,59.54,1.0,110.1,352.0,68.83,791.0,82.89379,77.0
5.0,4.0,1.0,8.0,0.0,41.34,1.0,96.3,288.0,38.4,86.0,50.44688,53.0
8.0,27.0,0.0,6.0,0.0,53.89,1.0,105.3,49.0,44.53,1419.0,57.06637,56.0
5.0,93.0,6.0,3.0,0.0,37.52,0.0,45.6,455.0,46.93,1694.0,45.934315,48.0
2.0,88.0,5.0,10.0,0.0,61.89,0.0,67.4,106.0,72.61,118.0,42.8509,41.0
23.0,35.0,3.0,1.0,0.0,59.85,1.0,43.7,154.0,77.07,592.0,63.830868,69.0
11.0,28.0,1.0,3.0,0.0,24.02,1.0,62.1,360.0,23.96,552.0,52.82515,43.0
4.0,19.0,4.0,8.0,0.0,40.57,1.0,86.3,291.0,46.05,934.0,53.51733,48.0
24.0,100.0,6.0,10.0,0.0,73.37,1.0,79.0,191.0,82.11,1741.0,60.483253,63.0
23.0,13.0,1.0,12.0,0.0,54.67,0.0,50.3,428.0,51.11,1006.0,31.45175,32.0
13.0,61.0,2.0,3.0,0.0,79.23,1.0,63.6,450.0,96.45,1457.0,65.21364,74.0
21.0,35.0,0.0,2.0,0.0,92.66,1.0,45.3,413.0,97.74,740.0,54.781994,58.0
17.0,57.0,1.0,2.0,0.0,133.37,0.0,41.6,375.0,147.95,1200.0,41.801945,44.0
28.0,61.0,2.0,2.0,0.0,96.29,0.0,45.9,159.0,86.8,386.0,29.484428,29.0
7.0,45.0,6.0,3.0,0.0,33.23,1.0,53.0,329.0,36.86,526.0,63.473106,53.0
6.0,18.0,0.0,9.0,0.0,66.45,1.0,68.4,86.0,58.87,619.0,60.07986,70.0
27.0,16.0,1.0,9.0,0.0,40.25,1.0,82.7,494.0,44.51,1456.0,59.964367,69.0
12.0,72.0,5.0,4.0,0.0,66.43,1.0,76.0,171.0,84.65,376.0,64.69055,76.0
27.0,66.0,5.0,3.0,0.0,82.97,0.0,59.7,328.0,85.58,545.0,35.949493,36.0
4.0,74.0,6.0,6.0,0.0,138.41,1.0,98.8,273.0,143.69,474.0,58.71805,42.0
21.0,84.0,2.0,2.0,0.0,28.98,1.0,55.3,266.0,32.72,1455.0,55.54818,61.0
18.0,19.0,5.0,5.0,0.0,38.23,0.0,90.4,195.0,34.0,472.0,31.431152,34.0
19.0,11.0,1.0,11.0,0.0,121.39,1.0,54.6,374.0,97.9,88.0,41.354534,45.0
22.0,82.0,5.0,3.0,0.0,124.63,1.0,54.1,15.0,157.99,1198.0,72.50009,94.0
22.0,18.0,5.0,5.0,0.0,66.07,1.0,98.5,112.0,83.23,1518.0,66.42518,74.0
2.0,14.0,4.0,4.0,0.0,32.68,0.0,61.4,297.0,38.71,1376.0,40.138386,41.0
1.0,2.0,0.0,1.0,0.0,68.97,1.0,39.8,363.0,67.42,763.0,45.186775,42.0
30.0,70.0,0.0,2.0,0.0,9.6,0.0,49.0,158.0,8.22,1188.0,25.71229,23.0
7.0,18.0,4.0,12.0,1.0,38.24,1.0,37.0,357.0,47.78,846.0,88.55371,84.0
15.0,76.0,1.0,4.0,0.0,30.76,0.0,68.5,291.0,26.61,219.0,30.524797,25.0
7.0,73.0,1.0,5.0,0.0,23.34,1.0,83.6,382.0,24.88,1196.0,58.084785,64.0
27.0,73.0,2.0,4.0,0.0,85.44,0.0,86.1,241.0,80.23,1245.0,32.557877,31.0
1.0,26.0,4.0,12.0,0.0,68.53,1.0,50.3,263.0,76.78,1287.0,57.52449,66.0
30.0,40.0,1.0,2.0,0.0,31.89,0.0,55.9,244.0,35.79,1855.0,36.80677,36.0
29.0,97.0,0.0,2.0,0.0,86.02,1.0,48.8,44.0,107.81,1891.0,68.974785,69.0
12.0,9.0,5.0,5.0,0.0,60.89,1.0,86.8,141.0,69.58,89.0,60.62081,66.0
4.0,23.0,4.0,6.0,0.0,36.24,0.0,76.5,22.0,43.53,601.0,35.973236,38.0
30.0,17.0,2.0,2.0,0.0,19.14,0.0,46.1,323.0,22.63,1036.0,31.347544,30.0
29.0,6.0,1.0,6.0,0.0,118.99,0.0,91.0,350.0,144.61,380.0,47.01237,46.0
11.0,68.0,2.0,5.0,0.0,126.49,1.0,85.4,269.0,153.4,1409.0,67.958725,60.0
26.0,48.0,2.0,11.0,1.0,69.29,0.0,60.3,394.0,67.16,1229.0,57.4478,47.0
10.0,89.0,6.0,3.0,0.0,113.36,0.0,69.4,93.0,129.32,1141.0,46.070053,46.0
17.0,92.0,3.0,7.0,0.0,133.46,0.0,95.2,137.0,131.66,1518.0,34.324924,32.0
7.0,75.0,5.0,3.0,0.0,147.4,0.0,47.1,18.0,171.33,1592.0,49.785313,56.0
28.0,72.0,6.0,5.0,0.0,49.45,0.0,79.1,308.0,47.46,1324.0,32.34534,33.0
28.0,21.0,0.0,3.0,0.0,93.67,0.0,59.0,460.0,89.18,95.0,26.262985,27.0
25.0,72.0,6.0,10.0,0.0,119.12,0.0,77.4,418.0,137.17,1193.0,38.11058,38.0
2.0,57.0,6.0,9.0,0.0,104.82,0.0,81.5,469.0,135.81,86.0,46.41624,57.0
27.0,36.0,4.0,6.0,0.0,134.85,0.0,98.7,340.0,171.17,1008.0,50.590775,48.0
18.0,50.0,4.0,2.0,0.0,66.51,1.0,42.9,186.0,57.83,73.0,40.847786,58.0
29.0,85.0,0.0,1.0,0.0,35.48,1.0,38.6,379.0,43.22,1447.0,65.92981,69.0
5.0,62.0,1.0,10.0,0.0,85.44,0.0,76.4,169.0,77.1,1821.0,33.953033,29.0
28.0,24.0,6.0,1.0,0.0,14.15,0.0,52.4,434.0,17.51,86.0,28.050636,29.0
23.0,65.0,1.0,2.0,0.0,73.01,1.0,45.1,410.0,89.19,1726.0,67.28672,67.0
2.0,28.0,1.0,1.0,0.0,44.27,1.0,43.2,216.0,49.35,1183.0,60.228527,70.0
22.0,71.0,3.0,11.0,0.0,106.0,1.0,69.2,356.0,135.55,1951.0,78.997375,85.0
19.0,71.0,1.0,5.0,0.0,107.89,0.0,88.0,291.0,93.46,271.0,27.735752,26.0
6.0,53.0,2.0,1.0,0.0,56.46,0.0,39.1,153.0,72.64,1392.0,53.77836,59.0
12.0,29.0,1.0,4.0,0.0,18.04,0.0,62.7,71.0,22.15,1503.0,40.7392,47.0
21.0,86.0,0.0,2.0,0.0,105.93,0.0,45.1,45.0,102.8,351.0,32.306732,25.0
30.0,10.0,0.0,5.0,0.0,36.42,1.0,93.6,397.0,30.92,809.0,51.16755,57.0
1.0,40.0,6.0,11.0,0.0,22.24,1.0,50.4,236.0,21.13,293.0,47.38134,32.0
2.0,23.0,1.0,10.0,0.0,124.07,1.0,62.1,290.0,112.04,1107.0,48.74861,41.0
11.0,36.0,4.0,12.0,1.0,35.99,0.0,40.7,51.0,29.88,496.0,60.328075,50.0
10.0,7.0,6.0,1.0,0.0,134.94,0.0,41.5,445.0,148.37,678.0,44.478817,43.0
22.0,28.0,3.0,7.0,1.0,97.65,1.0,96.3,77.0,113.1,1546.0,88.8931,101.0
8.0,19.0,5.0,4.0,0.0,121.23,1.0,52.1,77.0,153.76,668.0,70.74289,61.0
8.0,23.0,5.0,6.0,0.0,69.99,1.0,97.5,174.0,83.37,1821.0,66.53277,61.0
24.0,23.0,6.0,7.0,0.0,44.75,0.0,92.7,78.0,51.98,1809.0,39.229572,34.0
1.0,86.0,3.0,1.0,0.0,136.32,0.0,42.9,128.0,172.27,606.0,46.369484,40.0
5.0,42.0,0.0,11.0,1.0,55.2,0.0,62.8,25.0,61.77,1138.0,65.21666,58.0
14.0,60.0,0.0,10.0,0.0,137.52,1.0,71.2,417.0,117.85,1987.0,44.974796,43.0
28.0,87.0,1.0,10.0,0.0,85.97,1.0,65.8,262.0,79.9,53.0,41.478165,43.0
30.0,37.0,3.0,3.0,0.0,88.14,1.0,46.3,315.0,100.23,1262.0,58.028637,60.0
26.0,81.0,3.0,11.0,0.0,119.04,0.0,64.9,285.0,106.93,291.0,22.425846,23.0
30.0,4.0,5.0,5.0,0.0,83.94,0.0,73.3,192.0,88.82,675.0,34.315434,36.0
22.0,100.0,3.0,8.0,0.0,116.75,1.0,85.2,437.0,123.11,850.0,60.374702,60.0
24.0,56.0,3.0,10.0,0.0,27.38,0.0,70.4,306.0,22.38,578.0,27.703257,22.0
20.0,89.0,6.0,2.0,0.0,52.18,0.0,44.7,204.0,44.7,1310.0,25.161327,23.0
29.0,21.0,4.0,10.0,0.0,137.52,1.0,60.0,399.0,151.6,747.0,61.389748,67.0
16.0,33.0,4.0,12.0,1.0,32.56,0.0,59.2,422.0,27.86,497.0,54.295986,58.0
14.0,20.0,0.0,4.0,0.0,46.36,0.0,68.8,270.0,46.79,244.0,30.012215,28.0
29.0,50.0,0.0,9.0,0.0,12.83,1.0,86.6,167.0,16.45,967.0,62.41709,71.0
23.0,66.0,2.0,2.0,0.0,146.26,0.0,35.0,465.0,158.43,226.0,43.662323,39.0
18.0,72.0,3.0,6.0,0.0,94.27,0.0,81.8,396.0,112.41,1409.0,48.939682,55.0
9.0,28.0,1.0,10.0,0.0,134.76,0.0,77.4,346.0,169.56,443.0,48.755566,47.0
18.0,92.0,2.0,5.0,0.0,101.2,1.0,81.3,37.0,119.29,1201.0,64.96382,70.0
13.0,18.0,2.0,10.0,0.0,65.06,0.0,83.3,387.0,67.29,1407.0,34.831387,33.0
9.0,59.0,5.0,5.0,0.0,97.87,1.0,80.2,224.0,99.18,1707.0,57.311604,54.0
13.0,64.0,6.0,12.0,1.0,59.74,1.0,40.2,397.0,51.9,114.0,78.289085,60.0
30.0,26.0,1.0,3.0,0.0,88.21,1.0,55.9,428.0,107.02,1389.0,61.084267,68.0
10.0,73.0,2.0,6.0,0.0,35.62,1.0,94.3,230.0,39.74,1742.0,60.357063,66.0
21.0,99.0,1.0,6.0,0.0,77.75,0.0,66.8,34.0,86.59,1125.0,36.432293,37.0
11.0,6.0,3.0,4.0,0.0,119.96,0.0,63.7,244.0,108.91,1314.0,27.704062,24.0
12.0,2.0,4.0,1.0,0.0,17.77,0.0,37.9,382.0,23.07,1287.0,34.439163,41.0
30.0,31.0,3.0,5.0,0.0,46.38,0.0,91.0,126.0,40.78,898.0,33.510403,34.0
23.0,1.0,1.0,12.0,0.0,137.09,1.0,44.8,459.0,146.69,900.0,53.896297,61.0
20.0,56.0,4.0,3.0,0.0,110.78,1.0,52.8,466.0,95.82,1433.0,36.934982,40.0
11.0,66.0,2.0,1.0,0.0,100.93,1.0,34.9,420.0,130.35,101.0,65.33471,56.0
26.0,3.0,6.0,1.0,0.0,90.58,0.0,37.7,377.0,77.94,756.0,19.036062,22.0
1.0,50.0,6.0,2.0,0.0,109.82,0.0,31.8,314.0,130.28,146.0,32.352978,36.0
11.0,26.0,4.0,6.0,0.0,122.24,0.0,95.1,75.0,128.96,686.0,38.79435,41.0
25.0,74.0,5.0,7.0,1.0,123.79,0.0,111.4,366.0,145.11,238.0,60.847084,69.0
20.0,42.0,2.0,2.0,0.0,31.93,1.0,44.8,82.0,35.42,928.0,45.23216,43.0
28.0,86.0,5.0,8.0,0.0,72.48,0.0,88.3,322.0,64.86,1705.0,30.735706,24.0
13.0,83.0,2.0,2.0,0.0,108.62,0.0,55.1,175.0,138.1,1412.0,47.525288,41.0
8.0,22.0,4.0,4.0,0.0,87.02,1.0,57.2,136.0,112.41,699.0,64.81143,62.0
12.0,39.0,1.0,9.0,0.0,75.38,1.0,79.1,404.0,64.48,165.0,54.242817,41.0
4.0,87.0,2.0,4.0,0.0,27.19,0.0,71.3,473.0,28.27,1436.0,39.64554,39.0
2.0,30.0,5.0,8.0,0.0,34.22,1.0,82.0,141.0,29.52,1278.0,56.558685,47.0
28.0,15.0,3.0,10.0,0.0,15.02,0.0,59.2,487.0,15.68,689.0,28.779118,29.0
16.0,88.0,0.0,1.0,0.0,62.35,0.0,42.5,83.0,77.87,1427.0,34.809902,41.0
18.0,17.0,4.0,2.0,0.0,136.89,0.0,44.1,227.0,147.68,906.0,40.446487,35.0
26.0,85.0,5.0,1.0,0.0,49.51,0.0,43.3,94.0,49.64,374.0,24.686172,30.0
2.0,29.0,0.0,1.0,0.0,20.9,0.0,57.7,135.0,24.91,240.0,42.89034,45.0
29.0,97.0,0.0,12.0,0.0,122.13,1.0,56.5,373.0,127.35,1513.0,58.942154,67.0
30.0,86.0,3.0,4.0,0.0,130.87,1.0,79.5,101.0,117.67,1947.0,49.10683,42.0
7.0,62.0,4.0,9.0,0.0,50.7,0.0,69.6,321.0,62.53,326.0,42.098587,43.0
30.0,79.0,5.0,11.0,0.0,59.51,0.0,63.6,181.0,61.46,181.0,31.329638,28.0
8.0,41.0,4.0,8.0,0.0,5.59,1.0,88.5,357.0,6.57,119.0,54.994614,56.0
29.0,8.0,0.0,10.0,0.0,112.9,0.0,73.1,229.0,140.77,1241.0,52.264355,62.0
15.0,88.0,1.0,10.0,0.0,14.02,0.0,78.3,208.0,13.49,174.0,33.934105,41.0
9.0,6.0,1.0,12.0,1.0,21.3,1.0,33.8,454.0,20.71,1855.0,83.51186,67.0
29.0,34.0,5.0,11.0,1.0,147.41,0.0,54.6,456.0,121.91,437.0,46.946102,39.0
6.0,72.0,2.0,10.0,0.0,116.01,0.0,80.8,347.0,105.28,662.0,40.164364,44.0
17.0,29.0,5.0,1.0,0.0,44.86,0.0,37.2,97.0,41.62,1121.0,36.795006,45.0
20.0,69.0,3.0,9.0,0.0,129.94,0.0,76.2,20.0,112.24,1967.0,24.88651,32.0
13.0,21.0,0.0,4.0,0.0,52.06,0.0,72.4,121.0,61.62,1866.0,38.328026,40.0
19.0,24.0,2.0,4.0,0.0,117.73,0.0,67.3,216.0,138.89,1538.0,44.411507,40.0
6.0,46.0,5.0,2.0,0.0,69.6,0.0,44.8,117.0,74.73,1764.0,47.851727,49.0
29.0,65.0,6.0,3.0,0.0,71.14,0.0,52.4,31.0,75.71,1580.0,40.392822,44.0
26.0,61.0,6.0,9.0,0.0,21.05,1.0,98.6,212.0,24.01,424.0,48.310387,46.0
14.0,46.0,3.0,8.0,0.0,85.81,1.0,104.8,339.0,75.84,1836.0,52.30271,42.0
6.0,1.0,2.0,2.0,0.0,104.07,0.0,39.2,69.0,114.44,1198.0,44.899944,51.0
25.0,78.0,1.0,11.0,0.0,144.53,1.0,60.5,345.0,129.41,1617.0,53.053642,47.0
12.0,97.0,5.0,9.0,0.0,99.91,1.0,77.8,217.0,97.86,1031.0,57.928055,60.0
5.0,1.0,3.0,8.0,0.0,135.98,0.0,85.7,223.0,154.02,245.0,42.66191,37.0
22.0,49.0,6.0,8.0,0.0,71.34,0.0,74.9,239.0,76.85,1578.0,49.37857,48.0
8.0,81.0,5.0,10.0,0.0,108.33,0.0,67.9,449.0,113.02,1212.0,40.19703,43.0
10.0,32.0,0.0,1.0,0.0,26.0,0.0,51.2,423.0,24.54,1964.0,40.75216,37.0
12.0,84.0,1.0,7.0,0.0,81.55,0.0,93.3,17.0,65.76,1533.0,33.078377,31.0
22.0,5.0,3.0,12.0,0.0,147.91,1.0,41.7,213.0,133.99,1058.0,51.514164,53.0
11.0,8.0,2.0,11.0,0.0,116.27,0.0,45.5,422.0,124.31,1556.0,39.92674,40.0
17.0,65.0,1.0,6.0,0.0,35.03,0.0,90.6,242.0,41.27,578.0,36.277737,36.0
14.0,21.0,1.0,6.0,0.0,76.91,1.0,86.9,282.0,72.46,261.0,47.024727,38.0
11.0,59.0,0.0,6.0,0.0,36.59,1.0,85.4,436.0,43.61,938.0,58.621784,63.0
23.0,23.0,2.0,6.0,0.0,145.06,0.0,78.1,431.0,133.52,627.0,31.438276,33.0
7.0,12.0,1.0,8.0,0.0,15.54,0.0,76.4,154.0,14.83,1056.0,38.71857,37.0
27.0,20.0,3.0,10.0,0.0,12.15,1.0,72.2,142.0,12.45,321.0,51.24196,42.0
17.0,39.0,3.0,1.0,0.0,126.62,0.0,45.8,74.0,155.62,1309.0,48.538624,45.0
25.0,56.0,0.0,6.0,0.0,23.68,0.0,87.9,290.0,20.4,251.0,23.49685,23.0
17.0,19.0,4.0,1.0,0.0,48.53,1.0,49.7,290.0,48.45,143.0,45.459023,47.0
1.0,7.0,1.0,7.0,0.0,90.1,1.0,92.9,270.0,80.51,88.0,38.88304,40.0
22.0,66.0,6.0,5.0,0.0,47.9,0.0,83.7,122.0,53.88,1638.0,47.35146,50.0
22.0,33.0,3.0,4.0,0.0,45.53,1.0,58.6,382.0,39.57,345.0,54.848072,48.0
22.0,27.0,4.0,11.0,1.0,45.44,0.0,48.5,114.0,55.8,1746.0,69.78936,85.0
29.0,97.0,5.0,1.0,0.0,136.84,0.0,47.2,166.0,153.07,1464.0,49.63483,51.0
18.0,35.0,3.0,6.0,0.0,78.29,0.0,91.9,274.0,83.47,1433.0,43.19041,48.0
22.0,80.0,0.0,2.0,0.0,72.11,0.0,52.8,372.0,85.82,509.0,45.658173,52.0
9.0,57.0,6.0,8.0,0.0,106.35,0.0,110.1,249.0,116.28,1777.0,43.274136,35.0
7.0,18.0,6.0,8.0,0.0,68.86,0.0,90.9,486.0,65.15,879.0,36.153038,39.0
17.0,35.0,2.0,4.0,0.0,10.88,1.0,66.6,98.0,12.91,1345.0,55.346302,60.0
16.0,100.0,3.0,9.0,0.0,116.07,1.0,93.7,419.0,101.22,142.0,38.112995,37.0
8.0,95.0,0.0,7.0,0.0,82.64,1.0,94.9,46.0,101.41,499.0,61.80456,61.0
26.0,39.0,3.0,9.0,0.0,18.12,0.0,92.2,254.0,14.85,1380.0,27.02959,26.0
25.0,34.0,1.0,6.0,0.0,69.54,1.0,86.9,36.0,66.04,1628.0,43.579777,50.0
24.0,43.0,3.0,8.0,0.0,121.85,0.0,89.4,103.0,131.15,308.0,33.168255,37.0
26.0,20.0,6.0,9.0,0.0,41.99,1.0,86.6,103.0,45.81,90.0,43.856705,47.0
22.0,99.0,5.0,7.0,0.0,9.75,0.0,89.9,137.0,8.1,276.0,39.886375,38.0
28.0,69.0,5.0,10.0,0.0,58.01,1.0,65.9,144.0,52.9,1254.0,57.308964,57.0
2.0,95.0,1.0,5.0,0.0,108.32,1.0,78.7,173.0,97.6,1501.0,49.969368,40.0
21.0,3.0,4.0,2.0,0.0,122.57,1.0,59.9,223.0,103.81,968.0,43.368317,45.0
5.0,5.0,6.0,10.0,0.0,11.96,0.0,73.0,250.0,11.33,111.0,37.23557,33.0
19.0,18.0,2.0,9.0,0.0,145.68,0.0,82.2,488.0,123.51,534.0,25.50893,20.0
26.0,10.0,5.0,4.0,0.0,141.42,0.0,73.3,375.0,122.16,1006.0,15.534676,26.0
21.0,20.0,3.0,4.0,0.0,68.27,0.0,62.6,58.0,83.59,1154.0,39.735435,38.0
25.0,61.0,3.0,11.0,0.0,6.24,1.0,45.1,242.0,7.64,1365.0,48.964157,43.0
19.0,32.0,0.0,10.0,0.0,118.1,1.0,83.7,69.0,137.37,1937.0,69.94577,58.0
19.0,16.0,6.0,1.0,0.0,9.74,0.0,44.5,341.0,8.78,1179.0,34.998848,33.0
9.0,11.0,0.0,5.0,0.0,118.39,0.0,82.4,403.0,101.74,1784.0,28.332327,24.0
11.0,40.0,5.0,4.0,0.0,69.19,1.0,72.5,326.0,89.92,1565.0,61.615196,71.0
11.0,30.0,6.0,3.0,0.0,42.09,1.0,58.6,286.0,46.44,1505.0,55.18728,58.0
30.0,68.0,0.0,5.0,0.0,15.21,0.0,82.9,385.0,15.92,1577.0,33.368607,34.0
13.0,56.0,5.0,4.0,0.0,137.38,1.0,67.8,225.0,172.33,1554.0,71.53412,69.0
18.0,5.0,4.0,5.0,0.0,115.03,1.0,70.0,29.0,107.55,685.0,56.77074,56.0
10.0,94.0,3.0,7.0,1.0,130.49,0.0,89.4,50.0,157.48,902.0,72.626854,88.0
29.0,86.0,3.0,10.0,0.0,51.74,0.0,83.1,165.0,64.55,1447.0,43.872536,46.0
11.0,79.0,2.0,4.0,0.0,114.81,0.0,70.1,235.0,132.58,1950.0,41.471252,42.0
20.0,36.0,6.0,4.0,0.0,59.27,0.0,68.6,313.0,68.71,1187.0,31.55972,32.0
5.0,80.0,0.0,9.0,0.0,148.99,0.0,84.2,25.0,185.2,1181.0,54.95102,57.0
13.0,2.0,2.0,9.0,0.0,98.64,0.0,83.4,96.0,103.95,1413.0,36.711754,33.0
8.0,11.0,1.0,4.0,0.0,115.38,1.0,78.8,436.0,138.15,1843.0,67.28497,63.0
6.0,78.0,0.0,11.0,0.0,122.73,1.0,55.7,355.0,130.34,1819.0,70.83593,83.0
12.0,41.0,5.0,4.0,0.0,10.14,0.0,76.4,189.0,8.7,1127.0,40.61662,35.0
11.0,53.0,3.0,5.0,0.0,6.25,1.0,76.3,348.0,6.68,1283.0,56.425594,40.0
8.0,74.0,1.0,5.0,0.0,34.0,0.0,83.7,475.0,41.65,218.0,39.205402,35.0
18.0,19.0,4.0,11.0,0.0,8.24,1.0,51.1,95.0,9.14,298.0,51.206398,52.0
1.0,86.0,4.0,6.0,0.0,56.02,1.0,89.2,442.0,61.99,121.0,49.107132,37.0
13.0,83.0,6.0,7.0,0.0,132.11,1.0,101.9,418.0,129.94,1781.0,52.59247,51.0
30.0,23.0,5.0,3.0,0.0,22.62,1.0,52.4,402.0,21.57,604.0,46.309074,42.0
7.0,51.0,4.0,4.0,0.0,30.15,0.0,62.2,163.0,30.4,1847.0,42.370937,39.0
6.0,94.0,1.0,3.0,0.0,96.4,0.0,65.3,317.0,86.17,1125.0,44.884617,38.0
8.0,27.0,4.0,1.0,0.0,53.33,0.0,47.2,252.0,52.39,720.0,37.93201,35.0
26.0,60.0,5.0,7.0,1.0,48.95,0.0,96.2,309.0,45.58,663.0,51.75744,55.0
29.0,1.0,0.0,11.0,0.0,73.16,1.0,51.7,159.0,72.07,100.0,59.90709,48.0
27.0,100.0,0.0,12.0,0.0,79.94,1.0,41.0,30.0,71.04,1454.0,54.248543,52.0
11.0,32.0,5.0,11.0,0.0,36.28,1.0,53.6,73.0,30.73,1302.0,52.120724,54.0
20.0,45.0,2.0,2.0,0.0,139.38,0.0,57.5,444.0,118.71,1020.0,16.619955,14.0
27.0,35.0,2.0,5.0,0.0,101.64,0.0,67.0,262.0,125.96,1883.0,47.59145,52.0
25.0,71.0,2.0,3.0,0.0,38.2,1.0,42.3,197.0,47.57,920.0,52.32222,54.0
14.0,67.0,1.0,1.0,0.0,19.99,0.0,44.2,419.0,18.64,99.0,29.431839,28.0
13.0,9.0,0.0,1.0,0.0,20.62,1.0,44.5,226.0,18.91,276.0,49.960564,43.0
28.0,80.0,6.0,11.0,0.0,90.37,0.0,65.8,302.0,102.95,504.0,36.58278,43.0
13.0,86.0,6.0,1.0,0.0,88.08,0.0,31.3,267.0,73.45,1158.0,25.14921,24.0
24.0,79.0,5.0,3.0,0.0,42.85,0.0,51.5,92.0,37.92,559.0,28.516626,22.0
6.0,74.0,2.0,1.0,0.0,15.12,0.0,41.6,22.0,13.66,1897.0,45.19104,48.0
26.0,20.0,6.0,4.0,0.0,56.1,0.0,59.3,447.0,63.12,863.0,26.312304,28.0
29.0,96.0,1.0,12.0,0.0,31.93,0.0,58.0,172.0,28.12,1726.0,39.544456,40.0
16.0,59.0,5.0,5.0,0.0,11.19,1.0,84.0,498.0,12.79,1416.0,45.41176,51.0
16.0,6.0,4.0,3.0,0.0,132.93,0.0,62.5,225.0,120.21,1097.0,18.217014,16.0
16.0,13.0,5.0,11.0,1.0,103.1,1.0,65.1,14.0,106.36,725.0,72.46274,58.0
19.0,77.0,5.0,3.0,0.0,84.74,1.0,63.8,203.0,75.07,1084.0,54.462547,56.0
1.0,95.0,6.0,7.0,1.0,127.83,1.0,106.7,41.0,157.7,1033.0,83.897415,74.0
29.0,25.0,1.0,6.0,0.0,148.7,1.0,90.3,320.0,149.55,288.0,55.719597,52.0
21.0,67.0,1.0,8.0,0.0,53.51,0.0,87.3,233.0,50.7,1975.0,34.47061,37.0
13.0,44.0,3.0,11.0,0.0,87.68,0.0,62.3,426.0,100.13,478.0,36.092945,36.0
24.0,78.0,5.0,11.0,1.0,103.81,0.0,61.6,189.0,95.14,254.0,53.21984,49.0
28.0,57.0,4.0,1.0,0.0,16.76,0.0,61.4,100.0,20.81,354.0,32.25655,33.0
7.0,22.0,6.0,4.0,0.0,84.4,0.0,67.0,189.0,77.72,425.0,32.234093,28.0
12.0,94.0,0.0,1.0,0.0,78.17,1.0,53.3,170.0,91.15,1362.0,67.14531,79.0
18.0,98.0,1.0,1.0,0.0,32.19,0.0,41.3,145.0,35.02,1940.0,48.824543,48.0
6.0,64.0,1.0,6.0,0.0,21.43,0.0,102.6,246.0,24.35,791.0,44.977173,47.0
8.0,37.0,1.0,3.0,0.0,83.34,0.0,67.8,455.0,100.64,90.0,44.973633,51.0
10.0,59.0,2.0,5.0,0.0,102.26,0.0,87.1,86.0,131.67,1449.0,56.06614,57.0
5.0,26.0,4.0,1.0,0.0,73.22,1.0,40.8,332.0,82.2,768.0,66.40759,65.0
5.0,87.0,2.0,3.0,0.0,74.03,1.0,66.6,199.0,81.46,1991.0,62.88119,72.0
2.0,61.0,3.0,3.0,0.0,59.91,1.0,75.7,397.0,55.68,1140.0,56.36113,55.0
22.0,28.0,0.0,5.0,0.0,117.22,0.0,87.2,117.0,135.99,95.0,50.179752,49.0
6.0,44.0,2.0,2.0,0.0,19.94,1.0,47.4,45.0,24.42,813.0,66.0652,69.0
7.0,65.0,4.0,9.0,0.0,34.87,1.0,88.9,208.0,29.68,1257.0,58.86397,63.0
7.0,70.0,1.0,2.0,0.0,38.46,0.0,34.4,109.0,48.65,1154.0,35.614426,35.0
12.0,81.0,3.0,2.0,0.0,80.76,0.0,50.3,278.0,90.12,1738.0,46.382732,48.0
24.0,100.0,1.0,1.0,0.0,120.09,0.0,60.6,170.0,148.66,1050.0,46.730633,50.0
4.0,35.0,0.0,4.0,0.0,145.87,1.0,78.0,450.0,146.28,931.0,52.102596,56.0
9.0,28.0,0.0,2.0,0.0,102.03,1.0,50.8,354.0,102.32,1474.0,53.33568,53.0
24.0,82.0,3.0,6.0,0.0,146.32,1.0,89.0,420.0,181.14,1050.0,72.67003,72.0
16.0,18.0,6.0,12.0,1.0,67.49,1.0,50.0,171.0,60.26,1223.0,76.013275,67.0
5.0,63.0,0.0,5.0,0.0,118.68,0.0,79.6,241.0,149.17,573.0,46.04845,48.0
24.0,46.0,0.0,3.0,0.0,133.93,0.0,65.7,260.0,140.81,1345.0,39.03587,40.0
8.0,3.0,6.0,11.0,0.0,38.54,1.0,52.6,18.0,44.22,1885.0,65.76091,52.0
29.0,80.0,4.0,9.0,0.0,135.46,1.0,87.0,347.0,132.51,245.0,56.29336,63.0
12.0,14.0,3.0,9.0,0.0,62.58,1.0,78.1,317.0,60.14,668.0,58.820488,45.0
28.0,62.0,3.0,10.0,0.0,120.0,1.0,80.4,323.0,155.39,280.0,65.4273,49.0
11.0,30.0,1.0,11.0,1.0,138.0,1.0,49.8,245.0,166.1,1003.0,95.08777,88.0
29.0,17.0,0.0,6.0,0.0,132.87,1.0,93.7,234.0,138.9,187.0,55.31811,63.0
9.0,6.0,1.0,12.0,1.0,85.01,1.0,49.6,299.0,90.91,1958.0,88.117584,95.0
12.0,40.0,6.0,12.0,0.0,84.05,0.0,61.6,100.0,83.72,1994.0,43.146557,46.0
5.0,20.0,1.0,12.0,0.0,58.12,1.0,57.6,444.0,58.6,1434.0,55.59377,49.0
27.0,9.0,6.0,4.0,0.0,5.3,0.0,64.7,459.0,6.08,1773.0,37.9428,40.0
20.0,98.0,6.0,9.0,0.0,99.69,0.0,82.4,494.0,111.57,585.0,38.70304,39.0
8.0,55.0,6.0,6.0,0.0,41.32,0.0,86.1,242.0,53.46,1514.0,45.373608,48.0
1.0,11.0,6.0,8.0,0.0,111.14,0.0,87.8,152.0,94.65,919.0,19.348446,13.0
7.0,74.0,6.0,4.0,0.0,104.81,1.0,66.5,277.0,101.63,1091.0,55.282192,40.0
16.0,14.0,3.0,6.0,0.0,80.85,1.0,82.8,31.0,89.19,1843.0,54.092438,55.0
14.0,47.0,0.0,3.0,0.0,25.95,0.0,44.0,338.0,32.31,751.0,39.139755,35.0
10.0,45.0,6.0,3.0,0.0,126.22,1.0,60.9,281.0,101.11,1851.0,50.307774,59.0
18.0,93.0,5.0,7.0,0.0,123.21,1.0,95.2,466.0,130.22,1008.0,61.963203,70.0
1.0,22.0,6.0,8.0,0.0,140.24,1.0,86.7,252.0,140.77,1050.0,47.5066,53.0
10.0,57.0,0.0,5.0,0.0,35.35,1.0,91.6,262.0,43.5,1064.0,61.122147,61.0
19.0,97.0,3.0,9.0,0.0,49.39,0.0,84.6,239.0,51.87,529.0,37.82119,37.0
9.0,8.0,4.0,5.0,0.0,37.29,0.0,71.4,330.0,36.87,1012.0,38.09322,42.0
15.0,37.0,2.0,8.0,0.0,12.06,1.0,84.0,135.0,10.92,377.0,51.222317,48.0
2.0,46.0,0.0,12.0,0.0,44.62,0.0,62.0,70.0,57.83,1905.0,44.77036,42.0
15.0,23.0,2.0,3.0,0.0,121.73,1.0,61.9,22.0,126.24,676.0,53.506374,61.0
7.0,15.0,2.0,10.0,0.0,22.97,1.0,64.9,491.0,21.57,287.0,55.55833,61.0
8.0,51.0,4.0,9.0,0.0,125.68,1.0,95.4,78.0,125.28,1299.0,60.246487,51.0
10.0,77.0,4.0,7.0,0.0,41.37,0.0,90.2,259.0,43.25,61.0,39.46656,37.0
10.0,13.0,3.0,5.0,0.0,58.16,0.0,91.0,194.0,74.4,947.0,43.214935,40.0
24.0,6.0,1.0,2.0,0.0,129.32,1.0,54.4,306.0,153.11,1261.0,62.480953,69.0
10.0,52.0,4.0,1.0,0.0,65.89,0.0,41.8,306.0,52.85,1241.0,32.957264,31.0
5.0,45.0,2.0,4.0,0.0,37.12,1.0,75.0,395.0,35.38,1854.0,60.606873,60.0
23.0,74.0,3.0,4.0,0.0,142.17,1.0,60.4,143.0,124.87,475.0,49.60713,41.0
2.0,31.0,6.0,4.0,0.0,32.2,0.0,64.9,41.0,30.12,1046.0,37.399452,42.0
14.0,11.0,2.0,6.0,0.0,77.06,0.0,99.7,467.0,90.99,977.0,37.240444,42.0
21.0,12.0,1.0,4.0,0.0,138.03,1.0,74.5,373.0,125.34,824.0,42.07566,31.0
9.0,64.0,2.0,2.0,0.0,98.24,0.0,38.8,321.0,121.28,540.0,44.02817,46.0
7.0,27.0,4.0,11.0,1.0,146.11,1.0,64.7,305.0,134.52,1477.0,74.43645,69.0
2.0,73.0,0.0,4.0,0.0,80.3,0.0,71.3,242.0,78.99,591.0,33.090076,33.0
3.0,63.0,0.0,4.0,0.0,92.86,0.0,74.5,139.0,117.24,703.0,53.863613,55.0
20.0,93.0,5.0,3.0,0.0,145.92,1.0,64.7,263.0,139.6,753.0,49.269802,35.0
11.0,16.0,0.0,8.0,0.0,51.21,1.0,91.4,466.0,58.5,1374.0,57.34935,54.0
8.0,79.0,1.0,6.0,0.0,81.06,1.0,91.8,61.0,94.17,310.0,61.84931,58.0
24.0,89.0,0.0,4.0,0.0,82.67,1.0,75.7,103.0,90.95,857.0,60.912807,54.0
8.0,51.0,1.0,1.0,0.0,9.17,0.0,47.2,36.0,8.32,742.0,38.54935,36.0
23.0,32.0,2.0,5.0,0.0,29.04,0.0,81.0,131.0,32.31,353.0,37.39126,33.0
10.0,34.0,5.0,7.0,0.0,56.21,0.0,102.3,360.0,59.32,240.0,38.10102,34.0
2.0,33.0,5.0,1.0,0.0,137.18,1.0,33.8,488.0,123.32,1769.0,48.424603,48.0
29.0,95.0,3.0,3.0,0.0,60.0,1.0,49.1,12.0,65.34,1148.0,57.980564,68.0
14.0,83.0,2.0,9.0,0.0,58.65,0.0,92.9,156.0,73.05,756.0,38.5568,38.0
19.0,27.0,5.0,3.0,0.0,10.88,0.0,55.5,180.0,12.07,1867.0,40.48732,42.0
3.0,10.0,1.0,3.0,0.0,40.72,1.0,62.6,150.0,40.65,1406.0,63.842175,60.0
15.0,42.0,1.0,10.0,0.0,10.82,1.0,59.9,69.0,9.04,647.0,54.212986,53.0
2.0,49.0,6.0,11.0,0.0,104.26,0.0,47.1,472.0,111.7,710.0,43.044506,45.0
21.0,24.0,1.0,7.0,0.0,63.05,0.0,101.0,396.0,54.07,1474.0,26.926708,27.0
3.0,33.0,3.0,1.0,0.0,8.76,0.0,47.1,393.0,9.51,546.0,36.589966,39.0
29.0,91.0,5.0,11.0,0.0,83.79,0.0,57.0,20.0,87.66,577.0,42.91702,44.0
13.0,8.0,1.0,5.0,0.0,138.26,0.0,84.7,389.0,128.78,1527.0,33.294235,35.0
7.0,56.0,3.0,3.0,0.0,52.22,0.0,45.0,407.0,65.53,1105.0,43.894447,45.0
6.0,10.0,2.0,6.0,0.0,129.0,0.0,77.0,194.0,104.27,1435.0,34.116894,42.0
30.0,40.0,6.0,2.0,0.0,133.18,0.0,40.4,28.0,164.2,1580.0,49.274937,49.0
29.0,2.0,1.0,2.0,0.0,147.39,0.0,56.8,47.0,184.23,1741.0,56.65193,60.0
28.0,83.0,4.0,3.0,0.0,50.25,1.0,54.3,182.0,59.6,1654.0,56.851997,57.0
9.0,46.0,6.0,12.0,1.0,86.84,1.0,42.1,132.0,99.71,495.0,81.047,86.0
11.0,34.0,2.0,12.0,1.0,80.52,0.0,52.3,397.0,90.0,1728.0,67.167435,59.0
1.0,98.0,4.0,1.0,0.0,42.86,0.0,43.6,307.0,40.8,649.0,30.991009,32.0
17.0,64.0,3.0,1.0,0.0,75.47,0.0,45.3,395.0,86.03,1356.0,40.98429,47.0
10.0,5.0,6.0,1.0,0.0,86.95,0.0,52.3,95.0,102.04,379.0,41.77444,38.0
16.0,6.0,4.0,11.0,0.0,62.92,0.0,48.6,153.0,51.88,312.0,22.332,17.0
12.0,80.0,0.0,4.0,0.0,101.69,1.0,71.7,151.0,98.28,1700.0,61.73745,75.0
19.0,31.0,4.0,10.0,0.0,97.51,0.0,58.9,358.0,112.95,1238.0,44.121956,44.0
4.0,32.0,6.0,1.0,0.0,93.71,0.0,40.9,63.0,83.86,247.0,29.376177,26.0
7.0,26.0,5.0,4.0,0.0,8.56,0.0,66.8,150.0,10.54,134.0,42.99312,48.0
8.0,89.0,4.0,1.0,0.0,7.15,0.0,50.3,185.0,6.75,883.0,39.273083,37.0
9.0,84.0,5.0,3.0,0.0,111.67,0.0,53.3,223.0,136.52,1342.0,48.84674,44.0
9.0,12.0,2.0,4.0,0.0,96.57,1.0,72.4,227.0,106.52,362.0,56.203907,63.0
30.0,84.0,3.0,1.0,0.0,7.09,1.0,45.3,309.0,9.03,439.0,52.505028,46.0
2.0,64.0,3.0,3.0,0.0,136.69,0.0,68.6,388.0,134.41,58.0,32.32016,37.0
8.0,79.0,1.0,10.0,0.0,70.81,0.0,77.0,18.0,75.19,421.0,36.90734,39.0
24.0,1.0,1.0,4.0,0.0,48.98,0.0,73.9,377.0,48.81,1160.0,32.444244,33.0
22.0,92.0,1.0,8.0,0.0,88.7,0.0,80.2,24.0,98.41,1813.0,46.836338,48.0
5.0,82.0,1.0,7.0,1.0,30.48,1.0,104.0,165.0,35.07,52.0,74.38304,103.0
3.0,52.0,1.0,5.0,0.0,100.25,1.0,76.0,460.0,109.33,1104.0,64.7684,59.0
6.0,72.0,4.0,4.0,0.0,136.76,1.0,74.2,38.0,109.53,1896.0,57.42363,62.0
20.0,89.0,6.0,1.0,0.0,128.23,0.0,61.7,119.0,158.91,1891.0,47.00307,38.0
25.0,10.0,1.0,5.0,0.0,32.74,1.0,77.2,271.0,40.02,1016.0,50.966625,52.0
18.0,36.0,2.0,1.0,0.0,42.07,0.0,34.4,42.0,44.73,460.0,38.052464,35.0
18.0,71.0,6.0,2.0,0.0,138.13,0.0,34.2,295.0,160.08,511.0,42.15418,44.0
24.0,41.0,6.0,6.0,0.0,88.91,1.0,95.0,101.0,97.84,1226.0,54.94604,46.0
23.0,12.0,6.0,3.0,0.0,95.66,0.0,56.7,67.0,98.26,139.0,29.785267,30.0
1.0,34.0,3.0,1.0,0.0,35.08,0.0,39.2,398.0,43.13,1886.0,30.787256,35.0
8.0,93.0,4.0,1.0,0.0,100.37,1.0,70.9,237.0,119.34,53.0,65.666565,77.0
22.0,63.0,0.0,5.0,0.0,120.03,1.0,77.4,276.0,146.13,909.0,68.940895,75.0
10.0,9.0,0.0,1.0,0.0,38.43,0.0,36.6,233.0,33.03,151.0,34.572956,38.0
2.0,3.0,6.0,9.0,0.0,27.52,0.0,75.3,56.0,33.45,1682.0,40.955357,39.0
19.0,80.0,2.0,4.0,0.0,56.24,0.0,72.5,497.0,48.84,887.0,34.007774,35.0
26.0,54.0,1.0,2.0,0.0,44.07,1.0,53.3,148.0,48.84,1258.0,48.467384,45.0
15.0,83.0,3.0,6.0,0.0,65.46,1.0,105.3,193.0,75.97,1152.0,57.308456,60.0
23.0,21.0,2.0,12.0,0.0,98.0,0.0,50.4,328.0,79.05,1041.0,26.476332,28.0
26.0,28.0,2.0,9.0,0.0,141.77,1.0,88.7,102.0,117.73,213.0,33.1424,32.0
17.0,8.0,5.0,3.0,0.0,70.22,1.0,70.4,458.0,79.6,1274.0,63.06481,70.0
30.0,26.0,2.0,5.0,0.0,75.09,1.0,84.7,450.0,78.35,1893.0,59.550503,68.0
2.0,13.0,1.0,12.0,0.0,44.5,1.0,55.1,92.0,57.21,775.0,57.436527,57.0
27.0,45.0,2.0,1.0,0.0,22.77,0.0,46.9,452.0,23.31,1224.0,39.19929,39.0
12.0,90.0,3.0,4.0,0.0,40.97,1.0,61.5,192.0,51.22,650.0,65.1577,63.0
8.0,8.0,0.0,2.0,0.0,84.24,1.0,45.6,52.0,77.51,136.0,52.030125,57.0
21.0,50.0,6.0,7.0,0.0,32.9,1.0,88.9,44.0,26.4,1738.0,53.811855,49.0
25.0,32.0,6.0,12.0,1.0,9.44,1.0,56.5,10.0,10.0,815.0,68.095024,84.0
26.0,75.0,6.0,8.0,0.0,100.37,0.0,84.8,261.0,118.27,603.0,35.225,40.0
22.0,42.0,0.0,5.0,0.0,127.99,0.0,79.4,201.0,144.34,387.0,41.620327,45.0
24.0,11.0,4.0,6.0,0.0,145.08,1.0,97.0,121.0,178.43,1205.0,64.92489,61.0
6.0,39.0,1.0,10.0,0.0,48.09,0.0,61.5,458.0,59.37,1846.0,50.59485,51.0
29.0,57.0,5.0,6.0,0.0,121.92,1.0,93.7,108.0,106.22,1256.0,54.549595,50.0
10.0,61.0,3.0,10.0,0.0,131.83,1.0,66.3,319.0,111.36,920.0,42.45268,50.0
23.0,28.0,3.0,9.0,0.0,66.32,1.0,75.0,127.0,57.48,1108.0,50.47977,47.0
6.0,51.0,0.0,12.0,1.0,95.48,0.0,41.2,248.0,91.36,1438.0,63.73628,66.0
20.0,59.0,2.0,5.0,0.0,107.38,0.0,79.8,413.0,96.72,475.0,23.035028,20.0
30.0,20.0,4.0,3.0,0.0,120.54,0.0,60.9,120.0,136.28,153.0,34.37862,40.0
29.0,72.0,6.0,7.0,0.0,145.2,0.0,101.1,17.0,176.13,1235.0,59.017315,63.0
11.0,48.0,5.0,3.0,0.0,74.48,1.0,58.8,261.0,74.85,543.0,56.965397,39.0
3.0,59.0,2.0,4.0,0.0,20.42,0.0,62.0,209.0,16.42,1954.0,45.99231,44.0
14.0,29.0,0.0,1.0,0.0,10.16,1.0,38.7,459.0,9.07,55.0,56.845158,46.0
2.0,85.0,1.0,6.0,0.0,38.38,0.0,98.7,406.0,49.24,882.0,41.441933,37.0
6.0,39.0,2.0,11.0,0.0,35.39,0.0,45.6,410.0,35.72,523.0,45.392315,48.0
22.0,44.0,2.0,5.0,0.0,79.43,1.0,90.3,413.0,81.71,1059.0,57.317707,62.0
6.0,1.0,3.0,12.0,0.0,68.87,1.0,47.8,137.0,66.5,201.0,60.713146,47.0
8.0,92.0,1.0,2.0,0.0,77.24,1.0,42.6,396.0,96.55,68.0,61.236984,70.0
3.0,34.0,0.0,2.0,0.0,56.93,1.0,43.0,236.0,56.85,681.0,57.37926,59.0
24.0,21.0,6.0,5.0,0.0,48.04,0.0,84.3,313.0,58.08,700.0,36.10618,37.0
14.0,48.0,0.0,10.0,0.0,71.54,1.0,70.4,81.0,60.28,985.0,49.87618,52.0
26.0,6.0,0.0,10.0,0.0,77.56,0.0,72.2,465.0,92.96,306.0,34.73272,35.0
18.0,52.0,5.0,11.0,1.0,67.68,1.0,47.8,23.0,58.8,1586.0,82.74414,78.0
25.0,8.0,5.0,4.0,0.0,97.25,1.0,59.5,371.0,90.03,343.0,49.948463,41.0
30.0,37.0,6.0,5.0,0.0,69.64,0.0,77.5,215.0,83.66,173.0,35.45462,36.0
27.0,93.0,0.0,2.0,0.0,25.03,0.0,41.0,198.0,21.18,644.0,37.45426,41.0
18.0,67.0,0.0,9.0,0.0,137.53,0.0,81.0,244.0,150.04,645.0,40.21537,44.0
13.0,38.0,6.0,2.0,0.0,129.06,1.0,39.9,291.0,131.55,1026.0,49.23589,62.0
22.0,70.0,2.0,11.0,0.0,91.08,0.0,41.5,376.0,76.67,776.0,28.156506,32.0
25.0,80.0,2.0,1.0,0.0,98.91,1.0,56.3,362.0,98.99,858.0,49.25567,47.0
27.0,60.0,2.0,1.0,0.0,60.18,0.0,58.2,486.0,76.66,1594.0,42.78755,43.0
24.0,96.0,1.0,10.0,0.0,68.31,0.0,72.9,357.0,87.77,767.0,41.884872,42.0
9.0,79.0,4.0,2.0,0.0,65.39,1.0,36.6,304.0,55.54,801.0,40.509544,42.0
18.0,7.0,5.0,11.0,0.0,33.64,1.0,64.3,399.0,39.99,1897.0,58.70804,66.0
10.0,62.0,5.0,7.0,0.0,26.9,1.0,90.6,451.0,24.18,1860.0,59.87982,59.0
14.0,70.0,5.0,6.0,0.0,103.15,0.0,88.3,403.0,118.99,888.0,39.46614,37.0
27.0,89.0,6.0,1.0,0.0,144.38,1.0,37.4,167.0,170.84,716.0,67.63973,69.0
14.0,87.0,2.0,1.0,0.0,41.2,0.0,48.2,266.0,44.49,1017.0,36.05719,36.0
28.0,75.0,5.0,4.0,0.0,119.3,0.0,64.3,463.0,153.54,1579.0,49.626698,53.0
14.0,85.0,0.0,7.0,0.0,92.51,0.0,99.0,489.0,104.64,1896.0,46.062256,43.0
5.0,27.0,6.0,2.0,0.0,65.37,1.0,54.4,166.0,83.29,1667.0,65.625305,62.0
12.0,27.0,5.0,10.0,0.0,47.14,0.0,65.9,412.0,39.36,560.0,37.088512,39.0
13.0,45.0,1.0,8.0,0.0,121.82,1.0,85.1,98.0,133.75,774.0,58.141964,48.0
5.0,40.0,4.0,1.0,0.0,22.2,1.0,56.9,239.0,22.45,1022.0,57.76751,49.0
22.0,67.0,0.0,5.0,0.0,122.97,1.0,80.1,146.0,108.87,182.0,47.21261,46.0
21.0,82.0,0.0,11.0,0.0,40.12,1.0,58.3,57.0,50.37,1596.0,55.87181,58.0
30.0,63.0,6.0,9.0,0.0,27.07,1.0,91.9,237.0,23.72,1840.0,53.90352,50.0
28.0,25.0,6.0,4.0,0.0,27.44,1.0,83.5,374.0,24.02,195.0,48.46387,56.0
26.0,37.0,4.0,3.0,0.0,70.93,1.0,54.0,139.0,89.48,308.0,52.053146,48.0
2.0,96.0,1.0,1.0,0.0,74.64,0.0,52.6,28.0,60.63,236.0,32.40872,28.0
13.0,86.0,5.0,5.0,0.0,61.42,1.0,82.5,241.0,65.75,651.0,52.982162,57.0
5.0,92.0,0.0,7.0,1.0,111.98,0.0,102.7,446.0,108.5,279.0,56.13894,48.0
7.0,53.0,0.0,5.0,0.0,104.8,1.0,74.7,340.0,85.65,403.0,50.472237,43.0
30.0,78.0,4.0,7.0,0.0,23.24,1.0,75.5,451.0,19.74,216.0,47.933777,46.0
20.0,20.0,4.0,1.0,0.0,133.47,1.0,33.8,388.0,142.3,559.0,50.316402,56.0
4.0,49.0,4.0,3.0,0.0,28.38,1.0,44.6,455.0,25.55,533.0,54.570328,51.0
28.0,56.0,5.0,3.0,0.0,146.84,1.0,45.9,445.0,170.15,1794.0,56.9441,54.0
2.0,39.0,0.0,9.0,0.0,147.02,0.0,82.9,432.0,190.49,1026.0,58.19001,58.0
28.0,74.0,2.0,1.0,0.0,12.88,1.0,44.8,328.0,13.45,1463.0,49.59558,50.0
21.0,48.0,6.0,10.0,0.0,94.77,1.0,72.2,490.0,86.56,353.0,51.356426,48.0
19.0,25.0,5.0,9.0,0.0,140.61,1.0,73.8,82.0,174.72,59.0,70.793465,79.0
23.0,52.0,4.0,3.0,0.0,109.19,1.0,69.6,411.0,91.07,594.0,44.09739,40.0
6.0,92.0,1.0,4.0,0.0,12.28,1.0,72.7,254.0,9.84,1315.0,64.9372,56.0
26.0,26.0,6.0,8.0,0.0,126.6,0.0,88.2,321.0,149.06,1219.0,39.779922,45.0
6.0,10.0,6.0,10.0,0.0,118.87,1.0,76.3,497.0,118.34,300.0,53.989475,57.0
7.0,68.0,6.0,2.0,0.0,59.33,0.0,63.9,86.0,49.52,482.0,33.351105,32.0
16.0,36.0,4.0,1.0,0.0,48.7,0.0,51.4,382.0,52.41,1623.0,29.3753,23.0
24.0,64.0,2.0,8.0,0.0,25.42,0.0,81.4,352.0,28.92,1061.0,36.70996,38.0
28.0,59.0,2.0,8.0,0.0,79.89,1.0,86.2,306.0,91.54,754.0,57.526108,53.0
2.0,70.0,5.0,3.0,0.0,100.86,1.0,50.5,330.0,126.37,166.0,68.06136,78.0
17.0,62.0,1.0,10.0,0.0,98.75,0.0,83.9,327.0,116.28,1859.0,45.042854,47.0
2.0,80.0,4.0,1.0,0.0,20.39,0.0,46.3,478.0,21.69,692.0,39.508907,43.0
30.0,36.0,1.0,8.0,0.0,117.12,0.0,83.2,496.0,111.19,103.0,25.57891,22.0
28.0,50.0,3.0,5.0,0.0,127.82,1.0,64.1,251.0,104.06,563.0,39.95473,32.0
22.0,10.0,3.0,4.0,0.0,62.05,0.0,71.6,192.0,77.95,507.0,48.4939,51.0
15.0,98.0,3.0,1.0,0.0,32.32,1.0,48.6,364.0,26.94,499.0,52.196476,58.0
22.0,3.0,6.0,8.0,0.0,146.09,1.0,107.1,450.0,136.24,1455.0,54.1376,61.0
25.0,88.0,4.0,7.0,1.0,32.87,0.0,86.4,163.0,26.5,1726.0,61.63325,57.0
5.0,62.0,0.0,10.0,0.0,24.18,1.0,68.3,71.0,30.92,396.0,54.83875,53.0
30.0,77.0,3.0,9.0,0.0,72.52,1.0,83.2,368.0,59.45,1128.0,49.053837,56.0
17.0,12.0,4.0,4.0,0.0,24.28,0.0,54.9,275.0,29.89,910.0,34.34101,34.0
9.0,74.0,3.0,11.0,0.0,75.5,0.0,54.6,461.0,85.71,915.0,38.676746,34.0
16.0,87.0,2.0,1.0,0.0,15.2,0.0,51.1,218.0,19.36,852.0,25.949015,28.0
6.0,69.0,0.0,8.0,0.0,45.56,0.0,102.1,57.0,38.56,1823.0,48.80866,50.0
25.0,20.0,0.0,5.0,0.0,10.28,1.0,79.3,238.0,12.68,776.0,46.863377,48.0
26.0,32.0,6.0,4.0,0.0,27.09,1.0,63.4,112.0,22.99,174.0,42.02602,41.0
8.0,7.0,0.0,1.0,0.0,114.38,1.0,39.5,256.0,145.28,132.0,68.64405,66.0
6.0,4.0,1.0,5.0,0.0,103.86,0.0,86.4,246.0,126.43,750.0,52.46384,59.0
12.0,9.0,6.0,11.0,0.0,11.15,0.0,50.0,333.0,13.66,223.0,41.854774,36.0
25.0,26.0,4.0,4.0,0.0,135.66,1.0,65.2,460.0,126.41,133.0,45.388977,37.0
26.0,60.0,6.0,1.0,0.0,50.29,0.0,38.5,213.0,55.49,85.0,26.142475,22.0
24.0,43.0,4.0,11.0,0.0,52.22,0.0,66.2,366.0,61.56,1656.0,41.535423,40.0
8.0,58.0,0.0,5.0,0.0,31.09,1.0,75.5,33.0,34.08,1406.0,63.93656,73.0
21.0,21.0,5.0,11.0,0.0,31.83,1.0,44.5,197.0,29.37,1772.0,50.171223,55.0
8.0,64.0,5.0,3.0,0.0,92.46,0.0,66.9,450.0,106.28,1276.0,45.654774,51.0
3.0,2.0,4.0,8.0,0.0,60.89,1.0,94.8,37.0,60.14,343.0,59.11048,44.0
15.0,88.0,0.0,5.0,0.0,102.62,0.0,85.1,483.0,93.79,917.0,32.470634,34.0
30.0,68.0,0.0,4.0,0.0,134.37,0.0,65.8,227.0,107.68,207.0,22.635223,12.0
24.0,77.0,3.0,7.0,0.0,40.83,0.0,105.3,158.0,49.14,156.0,35.799503,37.0
6.0,48.0,0.0,5.0,0.0,142.55,0.0,82.8,119.0,141.71,421.0,40.598938,42.0
30.0,48.0,3.0,1.0,0.0,23.16,1.0,45.8,151.0,28.16,1055.0,55.79787,65.0
27.0,20.0,4.0,1.0,0.0,113.03,0.0,40.0,281.0,138.82,181.0,38.755688,48.0
13.0,75.0,6.0,1.0,0.0,137.36,1.0,47.6,219.0,130.92,1160.0,50.742867,45.0
7.0,61.0,1.0,11.0,0.0,35.06,1.0,47.5,114.0,41.61,1527.0,65.0587,60.0
22.0,15.0,4.0,3.0,0.0,126.98,1.0,54.4,34.0,152.81,541.0,70.177925,83.0
4.0,5.0,6.0,3.0,0.0,30.97,0.0,55.0,306.0,34.46,811.0,33.710613,33.0
23.0,12.0,1.0,5.0,0.0,9.27,1.0,86.1,72.0,8.06,887.0,53.769123,56.0
12.0,92.0,5.0,10.0,0.0,77.04,1.0,65.8,458.0,96.97,858.0,67.77007,68.0
12.0,33.0,5.0,2.0,0.0,58.25,1.0,56.6,304.0,73.23,407.0,59.970352,63.0
24.0,13.0,6.0,8.0,0.0,93.36,1.0,93.3,269.0,78.56,471.0,41.991745,40.0
9.0,19.0,0.0,2.0,0.0,133.41,0.0,44.6,82.0,125.34,1579.0,31.350824,28.0
12.0,2.0,2.0,6.0,0.0,53.95,1.0,91.1,106.0,69.32,1362.0,62.815384,62.0
6.0,99.0,5.0,5.0,0.0,98.0,1.0,83.4,233.0,127.35,1017.0,77.01477,80.0
8.0,33.0,5.0,4.0,0.0,40.76,0.0,82.0,281.0,42.47,619.0,38.690506,37.0
15.0,30.0,2.0,2.0,0.0,143.57,1.0,35.0,267.0,115.52,1059.0,41.30806,45.0
9.0,68.0,1.0,8.0,0.0,87.3,1.0,91.1,97.0,105.92,1535.0,65.2791,62.0
16.0,7.0,4.0,12.0,0.0,104.45,0.0,50.2,278.0,89.49,1590.0,25.405102,19.0
13.0,5.0,6.0,9.0,0.0,90.48,0.0,86.5,194.0,91.45,917.0,33.08358,33.0
17.0,62.0,4.0,10.0,0.0,41.73,1.0,63.1,161.0,38.88,83.0,50.00265,42.0
30.0,77.0,1.0,11.0,0.0,85.6,0.0,63.3,270.0,68.83,134.0,23.942093,20.0
30.0,63.0,0.0,3.0,0.0,10.96,1.0,52.2,242.0,10.91,158.0,55.183292,53.0
23.0,37.0,0.0,1.0,0.0,103.3,0.0,41.0,46.0,93.0,124.0,29.491987,31.0
12.0,22.0,4.0,3.0,0.0,147.9,0.0,62.6,454.0,173.69,592.0,47.219086,46.0
18.0,38.0,5.0,12.0,1.0,57.7,0.0,40.2,19.0,56.86,1679.0,67.824165,70.0
6.0,77.0,3.0,5.0,0.0,138.15,0.0,82.8,194.0,149.54,1265.0,50.163937,58.0
10.0,30.0,1.0,1.0,0.0,122.48,1.0,50.6,95.0,115.33,1979.0,56.752518,44.0
19.0,39.0,1.0,5.0,0.0,108.16,1.0,82.3,29.0,99.7,1841.0,56.483307,48.0
11.0,93.0,6.0,11.0,1.0,72.75,1.0,56.3,168.0,59.37,541.0,81.42098,78.0
16.0,51.0,2.0,11.0,0.0,33.12,0.0,59.8,55.0,31.5,1254.0,30.44511,23.0
20.0,24.0,6.0,1.0,0.0,14.13,1.0,46.5,87.0,13.22,744.0,48.036,36.0
3.0,47.0,6.0,1.0,0.0,113.76,0.0,46.2,304.0,105.16,191.0,36.551968,37.0
5.0,56.0,5.0,8.0,0.0,116.03,0.0,75.6,350.0,118.3,78.0,31.216496,31.0
20.0,20.0,0.0,2.0,0.0,85.52,1.0,39.9,70.0,101.82,743.0,54.01435,54.0
10.0,83.0,1.0,4.0,0.0,131.63,1.0,73.6,251.0,141.16,1971.0,65.50781,60.0
24.0,28.0,4.0,5.0,0.0,19.87,0.0,79.7,260.0,21.19,951.0,33.116013,32.0
13.0,86.0,0.0,4.0,0.0,53.12,1.0,67.0,499.0,57.54,181.0,53.949596,56.0
23.0,26.0,2.0,6.0,0.0,58.69,1.0,92.4,212.0,60.83,1947.0,65.59931,79.0
1.0,24.0,1.0,3.0,0.0,10.74,1.0,57.7,21.0,10.04,1135.0,50.1564,28.0
13.0,29.0,2.0,2.0,0.0,45.49,1.0,63.1,144.0,48.96,622.0,63.393936,65.0
25.0,59.0,1.0,4.0,0.0,143.32,0.0,65.2,348.0,127.64,1186.0,26.924334,23.0
21.0,74.0,6.0,11.0,1.0,125.39,1.0,74.5,478.0,120.05,1609.0,69.12802,67.0
4.0,64.0,0.0,1.0,0.0,69.37,0.0,44.1,375.0,80.33,165.0,37.636414,36.0
19.0,90.0,5.0,7.0,0.0,143.17,0.0,83.3,356.0,124.85,555.0,29.360607,25.0
6.0,51.0,5.0,6.0,0.0,54.12,1.0,95.6,358.0,46.61,1277.0,57.870487,53.0
15.0,65.0,5.0,10.0,0.0,5.01,0.0,59.0,213.0,5.42,966.0,35.61405,38.0
13.0,36.0,5.0,7.0,0.0,87.67,1.0,108.8,461.0,72.48,456.0,46.51686,37.0
13.0,76.0,4.0,3.0,0.0,92.28,0.0,58.2,458.0,80.15,489.0,27.801699,22.0
26.0,95.0,3.0,4.0,0.0,77.05,1.0,71.0,295.0,88.37,78.0,46.405293,58.0
25.0,17.0,6.0,9.0,0.0,126.98,1.0,89.0,482.0,102.67,732.0,37.678257,41.0
20.0,91.0,6.0,1.0,0.0,71.4,1.0,46.2,197.0,61.34,1383.0,44.660305,32.0
24.0,26.0,2.0,2.0,0.0,89.34,1.0,40.2,431.0,80.3,675.0,51.790672,57.0
12.0,43.0,4.0,2.0,0.0,16.53,0.0,47.9,47.0,15.26,1121.0,37.989727,37.0
15.0,65.0,4.0,4.0,0.0,121.33,0.0,66.5,297.0,149.0,252.0,44.544563,44.0
11.0,35.0,2.0,11.0,0.0,104.82,1.0,56.3,498.0,109.61,750.0,60.705566,58.0
20.0,77.0,6.0,7.0,1.0,17.61,0.0,98.3,347.0,19.23,1160.0,52.48732,70.0
20.0,94.0,5.0,6.0,0.0,67.68,1.0,87.4,449.0,54.99,1687.0,44.482567,46.0
16.0,81.0,0.0,4.0,0.0,100.41,0.0,78.6,268.0,100.27,1137.0,27.771729,25.0
17.0,97.0,4.0,8.0,0.0,148.14,0.0,71.0,371.0,134.09,381.0,29.172571,25.0
21.0,98.0,6.0,12.0,1.0,81.48,0.0,53.3,291.0,66.67,1714.0,60.202576,50.0
12.0,89.0,3.0,3.0,0.0,85.31,1.0,65.3,81.0,109.63,78.0,63.53244,64.0
17.0,62.0,3.0,5.0,0.0,130.32,1.0,82.1,260.0,163.35,1653.0,66.942116,59.0
1.0,26.0,3.0,12.0,0.0,8.34,1.0,42.8,83.0,7.35,1301.0,53.668545,48.0
26.0,42.0,5.0,1.0,0.0,75.57,0.0,57.6,279.0,69.51,1121.0,21.14287,24.0
30.0,100.0,4.0,11.0,0.0,104.35,1.0,69.5,167.0,123.44,1911.0,61.849266,70.0
18.0,18.0,2.0,5.0,0.0,69.63,1.0,91.5,124.0,64.16,303.0,53.14874,58.0
29.0,26.0,0.0,1.0,0.0,46.49,0.0,53.9,298.0,54.69,621.0,50.005943,52.0
20.0,31.0,3.0,5.0,0.0,100.64,1.0,85.9,190.0,83.34,282.0,43.896362,32.0
26.0,25.0,3.0,5.0,0.0,23.31,0.0,87.0,121.0,19.79,1566.0,28.970898,31.0
18.0,87.0,2.0,4.0,0.0,16.16,1.0,69.9,308.0,14.38,166.0,56.64485,54.0
20.0,35.0,0.0,1.0,0.0,92.2,0.0,36.2,137.0,117.01,1595.0,44.272495,42.0
14.0,87.0,2.0,8.0,0.0,22.2,0.0,86.7,336.0,19.34,1091.0,35.246117,36.0
1.0,4.0,6.0,12.0,0.0,70.19,1.0,37.0,35.0,79.86,1802.0,61.556217,64.0
26.0,72.0,1.0,3.0,0.0,43.8,1.0,51.0,274.0,47.95,1776.0,53.647015,57.0
5.0,65.0,5.0,1.0,0.0,34.22,1.0,41.0,56.0,39.92,1766.0,59.652702,65.0
1.0,52.0,1.0,11.0,1.0,5.09,0.0,53.1,427.0,6.55,287.0,56.60391,44.0
12.0,95.0,4.0,9.0,0.0,96.0,1.0,78.8,61.0,82.21,1117.0,48.81036,46.0
8.0,99.0,5.0,1.0,0.0,68.34,0.0,50.1,398.0,58.07,889.0,33.08796,28.0
20.0,24.0,3.0,12.0,0.0,54.04,1.0,47.5,129.0,59.75,115.0,45.390377,37.0
8.0,3.0,1.0,3.0,0.0,6.35,0.0,63.3,74.0,6.75,1353.0,38.655354,41.0
12.0,51.0,5.0,1.0,0.0,23.45,0.0,47.1,265.0,25.53,252.0,38.972145,41.0
1.0,82.0,5.0,1.0,0.0,85.59,0.0,39.3,223.0,90.42,1291.0,31.93681,42.0
1.0,92.0,6.0,8.0,0.0,136.72,1.0,90.4,206.0,129.28,1054.0,45.143486,44.0
20.0,59.0,0.0,10.0,0.0,12.06,1.0,83.6,25.0,11.52,1997.0,50.467262,47.0
2.0,62.0,3.0,8.0,0.0,40.24,0.0,97.2,321.0,33.78,178.0,32.790257,34.0
1.0,46.0,2.0,8.0,0.0,51.02,1.0,80.2,377.0,61.16,1046.0,48.695892,63.0
1.0,30.0,4.0,11.0,0.0,42.13,1.0,46.2,114.0,51.18,1678.0,53.570393,55.0
23.0,98.0,3.0,8.0,0.0,94.66,1.0,86.9,80.0,121.35,735.0,68.97568,87.0
1.0,78.0,1.0,8.0,0.0,82.24,0.0,86.7,41.0,75.71,670.0,27.11921,30.0
30.0,18.0,3.0,4.0,0.0,97.37,1.0,71.2,71.0,90.23,1687.0,49.226658,43.0
14.0,24.0,6.0,3.0,0.0,33.49,0.0,55.9,219.0,28.58,556.0,27.116682,28.0
14.0,69.0,4.0,5.0,0.0,37.94,1.0,86.5,323.0,38.3,818.0,54.529877,49.0
25.0,57.0,2.0,1.0,0.0,47.13,0.0,51.7,47.0,39.42,1046.0,24.291538,27.0
9.0,67.0,0.0,2.0,0.0,6.02,0.0,44.1,177.0,7.63,802.0,32.678535,34.0
7.0,98.0,0.0,8.0,0.0,51.75,1.0,87.9,318.0,54.32,1331.0,65.65024,70.0
12.0,10.0,2.0,3.0,0.0,147.84,0.0,67.3,23.0,164.74,1201.0,47.552433,49.0
25.0,91.0,0.0,6.0,0.0,129.07,0.0,91.4,146.0,121.35,458.0,28.847544,27.0
2.0,33.0,6.0,9.0,0.0,109.32,1.0,85.0,493.0,120.35,94.0,58.180397,63.0
1.0,35.0,2.0,4.0,0.0,88.67,0.0,67.6,16.0,89.47,980.0,30.355463,31.0
16.0,52.0,0.0,2.0,0.0,78.46,0.0,45.0,457.0,79.87,1815.0,29.932018,27.0
8.0,74.0,2.0,11.0,0.0,74.87,0.0,58.1,137.0,75.94,1270.0,36.050446,34.0
6.0,87.0,1.0,4.0,0.0,87.45,0.0,68.8,146.0,112.09,268.0,53.178207,57.0
9.0,11.0,3.0,2.0,0.0,130.06,1.0,41.1,122.0,132.67,556.0,52.114952,51.0
30.0,90.0,5.0,11.0,0.0,103.15,1.0,63.4,188.0,133.38,921.0,69.2596,69.0
26.0,82.0,2.0,5.0,0.0,14.97,0.0,82.5,65.0,18.1,1952.0,32.246677,39.0
5.0,7.0,4.0,10.0,0.0,58.88,1.0,63.1,158.0,50.14,1720.0,57.454613,67.0
2.0,73.0,0.0,12.0,1.0,146.75,0.0,45.8,259.0,174.76,702.0,69.6906,73.0
3.0,63.0,1.0,2.0,0.0,93.33,0.0,50.8,118.0,87.74,503.0,37.89512,42.0
18.0,13.0,0.0,7.0,0.0,137.26,1.0,99.8,230.0,113.36,1770.0,51.446438,33.0
11.0,51.0,1.0,1.0,0.0,92.7,1.0,48.7,234.0,84.26,403.0,52.16091,43.0
6.0,71.0,2.0,8.0,0.0,103.25,0.0,89.8,158.0,116.29,827.0,49.873055,49.0
14.0,64.0,2.0,2.0,0.0,29.94,1.0,46.7,296.0,36.22,1551.0,60.104652,62.0
19.0,41.0,2.0,5.0,0.0,84.29,0.0,91.1,439.0,97.13,1378.0,42.371876,42.0
8.0,65.0,6.0,5.0,0.0,66.85,0.0,83.4,498.0,78.48,219.0,41.281483,43.0
14.0,50.0,6.0,2.0,0.0,144.76,1.0,38.9,186.0,139.95,565.0,47.82978,52.0
19.0,49.0,6.0,4.0,0.0,83.62,0.0,74.9,51.0,98.03,1148.0,44.565857,47.0
24.0,28.0,4.0,3.0,0.0,144.41,0.0,49.6,109.0,176.55,1292.0,45.387215,47.0
15.0,85.0,1.0,2.0,0.0,127.4,0.0,45.9,264.0,124.59,938.0,33.820904,37.0
24.0,95.0,3.0,11.0,1.0,47.51,0.0,60.7,377.0,39.75,1892.0,52.07714,55.0
9.0,44.0,0.0,10.0,0.0,73.62,1.0,57.0,321.0,79.17,808.0,55.737724,48.0
10.0,71.0,0.0,3.0,0.0,95.77,0.0,48.4,363.0,122.72,1023.0,49.921886,52.0
25.0,41.0,2.0,8.0,0.0,120.24,1.0,102.7,111.0,123.46,1179.0,49.156334,48.0
9.0,2.0,4.0,2.0,0.0,20.81,0.0,40.9,316.0,17.1,674.0,27.668358,22.0
18.0,25.0,5.0,7.0,0.0,107.14,1.0,94.4,276.0,95.22,1554.0,53.364445,55.0
20.0,1.0,3.0,2.0,0.0,140.4,0.0,41.9,76.0,144.82,1478.0,33.176586,34.0
16.0,16.0,1.0,1.0,0.0,59.18,1.0,35.9,486.0,58.94,1927.0,44.966896,44.0
17.0,96.0,2.0,7.0,0.0,66.4,1.0,88.4,19.0,82.6,565.0,60.029766,61.0
27.0,41.0,4.0,9.0,0.0,105.99,1.0,94.2,396.0,91.78,1142.0,47.10595,51.0
25.0,1.0,0.0,4.0,0.0,89.44,1.0,82.4,484.0,100.12,1064.0,51.536816,47.0
28.0,12.0,6.0,4.0,0.0,121.21,1.0,80.0,248.0,145.59,820.0,59.792286,71.0
29.0,5.0,2.0,9.0,0.0,27.22,0.0,79.4,99.0,28.16,1802.0,46.19216,45.0
10.0,8.0,5.0,9.0,0.0,115.3,1.0,82.2,232.0,126.46,559.0,63.958622,63.0
1.0,64.0,6.0,1.0,0.0,137.33,1.0,42.4,193.0,129.99,311.0,43.786293,50.0
13.0,52.0,3.0,1.0,0.0,148.14,1.0,53.1,469.0,170.04,193.0,57.65031,69.0
2.0,69.0,3.0,6.0,0.0,18.1,1.0,98.0,170.0,20.56,1367.0,63.330685,73.0
9.0,17.0,6.0,2.0,0.0,29.17,1.0,46.6,273.0,29.71,743.0,47.51175,46.0
29.0,74.0,6.0,3.0,0.0,67.32,0.0,63.4,191.0,84.85,1405.0,48.73993,49.0
16.0,76.0,0.0,8.0,0.0,26.26,1.0,99.0,120.0,30.2,1934.0,50.14997,45.0
20.0,66.0,0.0,9.0,0.0,33.72,1.0,66.3,142.0,36.84,1306.0,51.24096,42.0
17.0,10.0,6.0,4.0,0.0,101.76,0.0,77.3,145.0,93.11,1312.0,31.148407,28.0
24.0,23.0,0.0,10.0,0.0,96.47,1.0,63.5,44.0,121.8,246.0,59.58185,59.0
8.0,21.0,3.0,5.0,0.0,70.22,1.0,89.4,402.0,60.05,1440.0,53.820473,46.0
17.0,82.0,6.0,3.0,0.0,86.68,0.0,63.4,14.0,98.57,406.0,40.353935,46.0
29.0,93.0,6.0,2.0,0.0,31.37,1.0,59.7,399.0,36.61,1021.0,68.909355,56.0
12.0,72.0,0.0,2.0,0.0,56.7,0.0,54.8,153.0,59.43,1888.0,44.582005,43.0
3.0,33.0,4.0,8.0,0.0,18.15,0.0,94.1,245.0,18.19,1009.0,39.90988,41.0
22.0,63.0,6.0,5.0,0.0,117.66,0.0,85.2,201.0,152.12,183.0,56.300068,58.0
10.0,63.0,4.0,10.0,0.0,8.44,1.0,52.7,234.0,7.23,358.0,59.018543,52.0
16.0,46.0,2.0,3.0,0.0,130.05,1.0,60.4,398.0,155.13,325.0,57.6149,49.0
24.0,83.0,0.0,4.0,0.0,19.02,1.0,79.3,205.0,16.64,1102.0,48.537487,44.0
17.0,89.0,5.0,7.0,0.0,94.88,1.0,88.7,105.0,87.41,800.0,50.149864,61.0
11.0,88.0,1.0,4.0,0.0,21.23,0.0,71.5,346.0,21.19,1106.0,35.256413,36.0
20.0,56.0,3.0,2.0,0.0,55.9,1.0,66.8,492.0,69.9,1361.0,56.05311,61.0
15.0,99.0,5.0,10.0,0.0,67.34,0.0,74.2,348.0,59.76,58.0,29.411552,25.0
26.0,15.0,5.0,4.0,0.0,39.14,0.0,76.0,199.0,46.97,1152.0,30.22942,34.0
3.0,83.0,2.0,3.0,0.0,75.66,1.0,62.1,77.0,91.8,777.0,67.26057,66.0
28.0,99.0,0.0,3.0,0.0,80.63,1.0,47.0,244.0,103.84,256.0,60.67101,64.0
29.0,15.0,3.0,3.0,0.0,141.67,1.0,47.6,236.0,153.47,932.0,65.002625,64.0
24.0,22.0,1.0,4.0,0.0,8.66,0.0,78.2,442.0,8.1,1381.0,31.113554,34.0
15.0,9.0,2.0,5.0,0.0,105.13,1.0,86.3,153.0,129.46,362.0,62.27366,58.0
16.0,73.0,6.0,6.0,0.0,21.72,1.0,98.8,327.0,24.47,437.0,42.83754,48.0
28.0,94.0,4.0,11.0,0.0,100.27,0.0,59.4,50.0,89.5,1444.0,29.630474,29.0
16.0,59.0,2.0,7.0,0.0,52.51,0.0,80.1,26.0,50.62,858.0,25.71366,18.0
25.0,62.0,5.0,8.0,0.0,148.58,1.0,84.8,76.0,174.57,583.0,61.00411,57.0
14.0,76.0,4.0,2.0,0.0,11.89,0.0,47.9,288.0,14.68,1796.0,35.41055,36.0
22.0,81.0,0.0,2.0,0.0,118.09,1.0,51.4,283.0,121.92,284.0,62.759197,78.0
28.0,53.0,6.0,9.0,0.0,133.44,0.0,91.1,343.0,112.67,1021.0,25.08305,25.0
6.0,13.0,2.0,4.0,0.0,48.71,0.0,71.4,148.0,57.32,1242.0,45.805035,46.0
8.0,95.0,6.0,4.0,0.0,65.62,0.0,60.8,93.0,69.16,1712.0,42.94395,41.0
19.0,67.0,6.0,3.0,0.0,41.1,1.0,75.9,416.0,38.07,202.0,51.25975,43.0
5.0,82.0,4.0,4.0,0.0,16.35,1.0,71.5,53.0,13.61,1035.0,56.468517,60.0
27.0,18.0,6.0,2.0,0.0,45.14,1.0,41.6,355.0,46.57,769.0,55.033752,63.0
18.0,58.0,4.0,1.0,0.0,20.08,0.0,18.7,166.0,24.24,1101.0,46.55453,48.0
11.0,48.0,6.0,9.0,0.0,11.15,0.0,85.2,485.0,11.94,957.0,35.183346,33.0
16.0,30.0,4.0,3.0,0.0,117.11,1.0,52.8,91.0,120.97,1750.0,52.595497,44.0
1.0,44.0,6.0,2.0,0.0,121.26,1.0,49.1,355.0,100.26,1031.0,41.83019,38.0
28.0,32.0,2.0,1.0,0.0,43.34,0.0,45.5,21.0,51.5,1051.0,34.67484,31.0
29.0,66.0,3.0,1.0,0.0,61.67,1.0,34.8,126.0,78.06,1777.0,65.494385,82.0
25.0,90.0,0.0,7.0,0.0,138.42,0.0,94.3,67.0,173.38,1585.0,49.559105,51.0
29.0,95.0,5.0,3.0,0.0,113.21,1.0,56.1,346.0,123.55,1892.0,62.674377,53.0
4.0,47.0,5.0,6.0,0.0,24.54,0.0,80.4,171.0,21.43,1934.0,37.709526,38.0
11.0,38.0,6.0,4.0,0.0,29.38,1.0,79.3,386.0,30.35,1783.0,56.567398,53.0
11.0,7.0,6.0,5.0,0.0,113.63,0.0,84.6,469.0,135.28,1812.0,46.461597,44.0
4.0,88.0,0.0,10.0,0.0,93.4,1.0,85.0,459.0,84.68,487.0,51.74603,52.0
19.0,9.0,3.0,5.0,0.0,45.43,1.0,82.8,484.0,52.96,1276.0,57.5755,65.0
1.0,27.0,4.0,4.0,0.0,115.73,0.0,64.2,230.0,143.81,1697.0,46.2712,47.0
11.0,44.0,0.0,2.0,0.0,119.71,1.0,46.7,182.0,96.83,1824.0,43.244217,44.0
29.0,98.0,4.0,3.0,0.0,16.12,1.0,49.0,308.0,17.57,1526.0,64.426994,82.0
24.0,6.0,0.0,10.0,0.0,127.34,0.0,64.8,179.0,117.74,1177.0,30.499895,23.0
23.0,94.0,1.0,8.0,0.0,131.57,0.0,91.1,274.0,107.83,347.0,28.136547,34.0
24.0,76.0,4.0,4.0,0.0,56.2,0.0,61.8,448.0,66.8,527.0,34.37662,30.0
8.0,62.0,1.0,8.0,0.0,107.87,0.0,104.0,240.0,132.39,420.0,47.54513,53.0
1.0,74.0,2.0,8.0,0.0,15.85,0.0,82.7,106.0,18.48,663.0,25.705112,26.0
15.0,14.0,6.0,12.0,0.0,40.95,1.0,47.7,79.0,34.31,899.0,51.56388,56.0
26.0,61.0,5.0,10.0,0.0,67.96,1.0,56.8,41.0,71.8,1773.0,51.874905,47.0
8.0,99.0,3.0,5.0,0.0,59.76,1.0,76.1,427.0,71.5,808.0,63.858414,72.0
9.0,83.0,3.0,7.0,0.0,144.82,0.0,97.2,40.0,146.67,1594.0,37.281193,28.0
26.0,52.0,1.0,2.0,0.0,126.81,0.0,50.1,52.0,137.86,101.0,37.850937,22.0
24.0,75.0,6.0,2.0,0.0,48.33,1.0,49.3,152.0,45.08,357.0,49.900547,60.0
17.0,20.0,4.0,5.0,0.0,13.87,0.0,89.2,477.0,16.26,164.0,27.676144,32.0
7.0,89.0,0.0,9.0,0.0,92.04,0.0,76.9,371.0,78.27,367.0,31.680893,27.0
11.0,10.0,6.0,3.0,0.0,10.13,0.0,51.7,384.0,12.77,557.0,34.08487,37.0
5.0,3.0,5.0,3.0,0.0,133.04,1.0,63.7,263.0,163.08,188.0,68.322495,73.0
3.0,62.0,5.0,2.0,0.0,21.14,0.0,38.1,62.0,24.26,255.0,38.651196,34.0
13.0,85.0,2.0,11.0,0.0,59.51,1.0,39.9,267.0,54.29,1128.0,52.780994,45.0
12.0,60.0,2.0,4.0,0.0,29.2,1.0,76.7,442.0,35.21,932.0,59.698154,58.0
12.0,82.0,6.0,11.0,0.0,18.23,0.0,65.1,103.0,14.67,481.0,40.3645,34.0
17.0,51.0,6.0,2.0,0.0,92.86,0.0,62.3,454.0,100.23,756.0,35.169888,35.0
22.0,38.0,4.0,3.0,0.0,99.42,0.0,48.5,66.0,95.27,858.0,37.986362,37.0
17.0,82.0,2.0,10.0,0.0,52.21,1.0,72.1,10.0,66.44,1023.0,61.14617,59.0
4.0,39.0,6.0,12.0,0.0,103.14,0.0,46.9,328.0,123.7,255.0,45.37662,40.0
6.0,77.0,0.0,7.0,0.0,38.07,1.0,96.9,443.0,38.04,1564.0,69.926636,75.0
26.0,17.0,0.0,3.0,0.0,24.93,1.0,58.4,33.0,24.85,636.0,45.70821,47.0
7.0,67.0,5.0,5.0,0.0,141.44,1.0,82.9,420.0,140.76,126.0,54.251976,65.0
1.0,66.0,3.0,1.0,0.0,14.12,1.0,48.3,111.0,11.8,921.0,52.143333,51.0
15.0,76.0,5.0,6.0,0.0,121.29,0.0,86.8,45.0,126.13,800.0,39.038445,34.0
9.0,9.0,3.0,11.0,1.0,31.89,1.0,59.3,407.0,35.1,1708.0,87.32504,75.0
12.0,66.0,6.0,4.0,0.0,116.05,0.0,78.8,59.0,109.59,1170.0,37.04198,34.0
18.0,34.0,6.0,5.0,0.0,67.54,0.0,71.4,124.0,74.02,239.0,38.46904,39.0
12.0,1.0,5.0,4.0,0.0,21.21,1.0,71.0,102.0,27.5,574.0,59.835632,62.0
12.0,90.0,4.0,12.0,0.0,91.94,1.0,45.5,12.0,93.64,885.0,57.81547,67.0
13.0,32.0,6.0,10.0,0.0,66.55,0.0,70.4,299.0,63.42,1387.0,32.783318,38.0
10.0,66.0,3.0,2.0,0.0,43.57,1.0,62.5,423.0,51.37,1329.0,61.507286,57.0
8.0,83.0,3.0,6.0,0.0,81.5,0.0,95.3,319.0,81.69,1274.0,37.635468,40.0
29.0,22.0,1.0,2.0,0.0,45.7,1.0,57.2,368.0,48.06,789.0,58.320847,69.0
28.0,49.0,4.0,6.0,0.0,69.74,0.0,84.3,25.0,78.78,1408.0,38.816956,42.0
24.0,76.0,6.0,4.0,0.0,44.63,1.0,72.4,266.0,47.65,1473.0,56.195274,57.0
29.0,82.0,1.0,10.0,0.0,28.23,1.0,63.7,268.0,28.23,220.0,64.24841,70.0
29.0,84.0,5.0,10.0,0.0,67.69,1.0,69.6,357.0,63.0,1681.0,55.79491,62.0
22.0,82.0,0.0,10.0,0.0,12.85,0.0,53.7,59.0,13.39,1309.0,45.895905,48.0
4.0,72.0,0.0,3.0,0.0,46.17,1.0,54.1,12.0,53.09,307.0,55.957653,51.0
2.0,55.0,3.0,7.0,0.0,99.36,0.0,86.2,268.0,112.46,1904.0,45.554058,45.0
26.0,29.0,3.0,2.0,0.0,17.78,1.0,38.9,424.0,15.21,1561.0,52.59014,54.0
22.0,67.0,1.0,5.0,0.0,31.05,0.0,85.7,206.0,33.03,466.0,41.66052,41.0
5.0,34.0,3.0,4.0,0.0,109.21,1.0,61.4,168.0,139.63,822.0,68.59389,68.0
29.0,21.0,5.0,2.0,0.0,74.61,0.0,44.5,38.0,69.35,670.0,35.02379,37.0
18.0,32.0,3.0,7.0,0.0,113.7,0.0,87.7,62.0,147.36,1065.0,52.08931,60.0
1.0,11.0,0.0,8.0,0.0,35.12,1.0,90.0,169.0,38.64,1655.0,51.92983,43.0
14.0,97.0,0.0,4.0,0.0,93.68,1.0,72.9,428.0,80.2,477.0,51.255272,62.0
8.0,67.0,3.0,6.0,0.0,85.67,1.0,101.8,401.0,81.47,324.0,49.869717,49.0
18.0,35.0,4.0,4.0,0.0,35.27,0.0,72.9,82.0,40.19,1714.0,45.560936,50.0
5.0,84.0,6.0,4.0,0.0,31.07,0.0,68.3,114.0,39.68,336.0,36.594997,35.0
10.0,9.0,6.0,7.0,0.0,86.88,1.0,94.9,167.0,71.69,89.0,48.23576,57.0
13.0,55.0,0.0,8.0,0.0,31.48,0.0,85.8,204.0,34.96,221.0,32.649414,29.0
13.0,6.0,2.0,4.0,0.0,15.68,1.0,82.3,276.0,13.94,1221.0,54.9644,57.0
10.0,73.0,6.0,2.0,0.0,125.58,0.0,49.2,287.0,147.77,1852.0,51.532898,52.0
16.0,14.0,0.0,5.0,0.0,102.44,1.0,90.0,442.0,121.8,1007.0,50.111595,62.0
25.0,88.0,4.0,12.0,1.0,62.01,1.0,47.3,398.0,59.31,587.0,83.043755,79.0
25.0,10.0,3.0,12.0,1.0,99.05,0.0,51.6,314.0,108.43,778.0,65.322815,58.0
13.0,29.0,3.0,5.0,0.0,65.42,1.0,71.2,291.0,53.07,899.0,52.91915,56.0
20.0,73.0,5.0,10.0,0.0,35.63,1.0,77.8,305.0,43.84,161.0,49.159206,36.0
2.0,60.0,1.0,4.0,0.0,86.3,0.0,59.6,495.0,98.22,714.0,39.022865,47.0
5.0,7.0,3.0,4.0,0.0,94.52,1.0,63.8,28.0,107.73,1412.0,65.088715,64.0
4.0,55.0,5.0,3.0,0.0,23.83,1.0,50.5,282.0,20.46,157.0,50.809586,40.0
30.0,11.0,1.0,5.0,0.0,87.89,0.0,76.4,212.0,93.35,1698.0,39.146683,33.0
16.0,37.0,4.0,12.0,0.0,76.93,1.0,45.9,278.0,79.01,550.0,50.57399,40.0
3.0,53.0,2.0,11.0,0.0,7.74,1.0,49.8,202.0,7.34,1621.0,70.255775,80.0
26.0,55.0,6.0,7.0,0.0,64.87,1.0,101.4,293.0,53.09,254.0,37.322945,46.0
22.0,25.0,1.0,10.0,0.0,61.7,0.0,87.0,228.0,72.72,242.0,47.060757,45.0
21.0,78.0,2.0,10.0,0.0,130.03,0.0,83.0,473.0,112.13,1204.0,27.341599,24.0
9.0,25.0,1.0,3.0,0.0,57.34,0.0,60.8,43.0,71.02,736.0,38.25821,42.0
23.0,63.0,6.0,6.0,0.0,29.26,1.0,97.2,346.0,28.19,1677.0,62.196163,70.0
26.0,64.0,1.0,9.0,0.0,85.93,1.0,75.8,71.0,107.37,1214.0,59.4484,64.0
27.0,66.0,6.0,2.0,0.0,8.93,0.0,48.9,214.0,11.33,314.0,34.76475,36.0
17.0,21.0,0.0,8.0,0.0,7.27,0.0,97.3,12.0,8.38,787.0,31.547428,32.0
10.0,100.0,0.0,10.0,0.0,112.37,1.0,84.0,306.0,96.75,1784.0,54.987488,52.0
29.0,21.0,2.0,5.0,0.0,131.74,1.0,79.2,496.0,158.34,471.0,63.99503,67.0
14.0,86.0,6.0,10.0,0.0,80.08,1.0,70.8,419.0,87.41,516.0,56.22931,44.0
13.0,48.0,1.0,5.0,0.0,51.46,0.0,94.0,351.0,42.47,708.0,30.940699,35.0
17.0,22.0,6.0,4.0,0.0,56.61,0.0,67.8,496.0,61.98,1590.0,35.475876,38.0
13.0,74.0,4.0,3.0,0.0,60.23,1.0,69.7,98.0,62.16,455.0,51.43177,49.0
19.0,59.0,5.0,4.0,0.0,114.78,1.0,71.1,332.0,131.85,143.0,61.80595,57.0
17.0,22.0,2.0,12.0,1.0,105.05,0.0,47.2,326.0,100.75,631.0,59.653408,63.0
13.0,86.0,6.0,1.0,0.0,111.57,1.0,44.3,480.0,104.66,1825.0,52.354736,57.0
12.0,97.0,0.0,10.0,0.0,73.09,1.0,72.1,42.0,75.01,1715.0,62.3183,70.0
14.0,52.0,4.0,3.0,0.0,115.38,0.0,70.8,458.0,93.59,1262.0,25.100132,17.0
7.0,96.0,6.0,5.0,0.0,88.75,1.0,86.2,129.0,111.69,1795.0,68.01128,57.0
10.0,1.0,4.0,12.0,1.0,145.53,1.0,56.7,457.0,128.0,109.0,70.45118,55.0
23.0,60.0,2.0,2.0,0.0,135.07,1.0,54.5,250.0,132.66,812.0,54.360737,56.0
3.0,68.0,5.0,1.0,0.0,35.1,1.0,46.3,108.0,28.9,1036.0,56.895733,56.0
22.0,44.0,5.0,11.0,0.0,8.65,1.0,58.9,238.0,11.21,516.0,61.087193,62.0
20.0,67.0,2.0,6.0,0.0,15.55,0.0,99.1,482.0,14.94,1946.0,30.898346,30.0
30.0,71.0,5.0,2.0,0.0,61.84,1.0,64.1,83.0,75.75,1080.0,57.753586,69.0
26.0,24.0,5.0,1.0,0.0,44.36,0.0,55.8,14.0,54.87,1158.0,26.67537,26.0
4.0,61.0,3.0,1.0,0.0,43.15,0.0,43.6,251.0,36.7,158.0,34.02587,29.0
12.0,70.0,2.0,3.0,0.0,121.12,1.0,72.5,138.0,142.71,1297.0,68.552826,58.0
5.0,7.0,1.0,3.0,0.0,69.96,0.0,50.0,328.0,72.05,1169.0,38.5135,37.0
27.0,77.0,1.0,2.0,0.0,80.42,1.0,37.5,439.0,65.57,65.0,44.232903,47.0
20.0,56.0,5.0,4.0,0.0,14.85,0.0,79.7,287.0,16.79,518.0,24.89112,25.0
16.0,51.0,3.0,1.0,0.0,38.56,0.0,46.6,439.0,44.67,1600.0,29.213459,28.0
17.0,71.0,3.0,12.0,0.0,39.55,0.0,42.3,24.0,32.52,469.0,32.13012,30.0
28.0,50.0,5.0,10.0,0.0,97.98,0.0,76.8,29.0,90.31,1401.0,27.802374,30.0
26.0,52.0,5.0,6.0,0.0,46.81,0.0,91.6,203.0,37.83,1872.0,25.714273,22.0
9.0,32.0,3.0,2.0,0.0,51.49,1.0,39.6,277.0,51.14,1749.0,57.960308,55.0
2.0,64.0,2.0,3.0,0.0,15.98,1.0,61.2,273.0,20.23,344.0,56.56023,72.0
18.0,37.0,3.0,11.0,1.0,99.78,0.0,69.3,269.0,101.84,1569.0,70.38048,77.0
6.0,31.0,4.0,2.0,0.0,11.47,1.0,41.0,191.0,9.51,622.0,69.911896,63.0
18.0,62.0,1.0,10.0,0.0,10.21,1.0,59.1,83.0,8.9,1947.0,59.484985,55.0
14.0,55.0,6.0,3.0,0.0,93.34,1.0,60.2,215.0,101.52,1036.0,56.121525,47.0
8.0,25.0,5.0,12.0,0.0,31.14,0.0,54.0,32.0,28.62,1708.0,41.760925,37.0
8.0,40.0,3.0,7.0,0.0,69.55,0.0,105.8,21.0,88.44,825.0,49.77257,52.0
10.0,19.0,3.0,2.0,0.0,112.07,0.0,63.7,350.0,112.4,1077.0,33.487793,31.0
13.0,14.0,4.0,8.0,0.0,72.86,1.0,95.0,395.0,77.41,1340.0,57.531498,45.0
23.0,92.0,6.0,2.0,0.0,40.03,0.0,30.1,486.0,32.68,1308.0,34.15084,36.0
28.0,21.0,6.0,3.0,0.0,95.07,1.0,56.8,462.0,79.91,122.0,41.184883,35.0
27.0,67.0,1.0,12.0,0.0,27.29,1.0,46.6,181.0,28.61,76.0,55.083336,55.0
10.0,48.0,5.0,5.0,0.0,107.53,1.0,83.0,217.0,133.92,794.0,70.535255,65.0
25.0,26.0,4.0,2.0,0.0,67.79,1.0,47.4,462.0,85.7,1073.0,60.758762,67.0
9.0,5.0,3.0,5.0,0.0,103.78,0.0,71.7,25.0,98.48,996.0,31.874949,30.0
10.0,22.0,0.0,12.0,1.0,22.76,0.0,38.4,259.0,18.98,1251.0,63.99705,60.0
2.0,81.0,5.0,3.0,0.0,10.06,1.0,64.0,445.0,8.83,1284.0,60.20294,56.0
8.0,51.0,1.0,11.0,0.0,11.19,0.0,69.7,258.0,10.66,945.0,39.308224,37.0
9.0,27.0,5.0,12.0,0.0,119.19,1.0,45.2,399.0,122.07,1609.0,58.466877,56.0
2.0,39.0,1.0,11.0,1.0,56.57,0.0,55.2,91.0,62.49,1160.0,67.86148,63.0
14.0,9.0,2.0,3.0,0.0,54.22,0.0,46.2,48.0,51.87,886.0,33.62143,34.0
29.0,63.0,3.0,7.0,1.0,127.73,0.0,107.9,357.0,154.49,1019.0,73.502846,86.0
5.0,29.0,5.0,7.0,1.0,21.89,0.0,92.2,185.0,18.44,1471.0,66.023186,61.0
21.0,100.0,0.0,4.0,0.0,60.76,1.0,69.6,110.0,75.86,1230.0,60.028343,53.0
26.0,95.0,0.0,5.0,0.0,135.39,1.0,83.0,188.0,115.21,420.0,33.70518,27.0
18.0,59.0,2.0,1.0,0.0,123.03,1.0,54.0,344.0,111.35,630.0,47.970345,60.0
3.0,27.0,6.0,2.0,0.0,35.72,0.0,43.7,228.0,31.95,797.0,39.080135,41.0
11.0,7.0,0.0,5.0,0.0,39.89,0.0,88.1,366.0,44.1,1346.0,36.96276,36.0
8.0,88.0,3.0,6.0,0.0,31.51,1.0,89.5,145.0,33.55,1209.0,63.398483,70.0
21.0,43.0,5.0,11.0,0.0,11.61,0.0,40.1,221.0,11.81,1831.0,35.162125,34.0
19.0,76.0,5.0,12.0,0.0,74.94,1.0,43.9,325.0,77.71,833.0,57.111534,54.0
15.0,42.0,5.0,8.0,0.0,116.64,1.0,98.0,377.0,105.01,1260.0,51.10765,44.0
9.0,94.0,1.0,10.0,0.0,60.68,0.0,68.5,390.0,70.1,792.0,37.82392,42.0
15.0,53.0,1.0,3.0,0.0,44.95,1.0,60.3,18.0,57.77,631.0,59.59047,69.0
8.0,21.0,0.0,5.0,0.0,36.38,0.0,78.1,228.0,31.37,774.0,32.948532,31.0
26.0,62.0,3.0,8.0,0.0,76.83,0.0,88.2,342.0,69.9,1764.0,24.387354,25.0
21.0,32.0,3.0,4.0,0.0,54.34,0.0,55.7,224.0,63.13,514.0,34.449245,36.0
2.0,75.0,0.0,2.0,0.0,125.72,1.0,45.9,488.0,162.67,762.0,71.10807,78.0
8.0,95.0,4.0,12.0,0.0,128.04,1.0,55.5,195.0,150.09,1634.0,70.70049,80.0
16.0,95.0,1.0,5.0,0.0,74.69,1.0,64.2,286.0,66.25,629.0,39.66425,28.0
16.0,91.0,1.0,2.0,0.0,40.8,1.0,49.3,123.0,49.31,1358.0,52.632126,44.0
26.0,44.0,4.0,2.0,0.0,55.32,1.0,58.0,345.0,70.84,1905.0,59.049255,59.0
8.0,13.0,0.0,10.0,0.0,27.36,0.0,75.2,462.0,33.05,433.0,38.268764,36.0
4.0,26.0,1.0,5.0,0.0,133.56,1.0,65.6,326.0,170.85,988.0,73.34332,80.0
27.0,95.0,0.0,8.0,0.0,35.53,0.0,86.1,12.0,38.52,457.0,32.48933,34.0
8.0,65.0,2.0,12.0,0.0,120.97,1.0,49.9,33.0,150.05,129.0,72.17732,71.0
26.0,48.0,6.0,1.0,0.0,21.03,1.0,40.0,146.0,24.98,1166.0,48.841583,54.0
12.0,23.0,4.0,1.0,0.0,107.95,1.0,49.7,157.0,124.41,275.0,62.727264,65.0
18.0,98.0,0.0,4.0,0.0,16.99,1.0,73.4,259.0,15.56,1436.0,64.52559,71.0
1.0,82.0,1.0,11.0,0.0,41.68,1.0,70.5,449.0,52.78,508.0,49.590816,53.0
1.0,87.0,5.0,3.0,0.0,79.17,1.0,62.2,367.0,96.85,396.0,50.244843,68.0
11.0,45.0,4.0,4.0,0.0,5.92,1.0,59.4,128.0,5.93,1730.0,60.586884,62.0
15.0,38.0,4.0,12.0,0.0,129.4,0.0,48.8,307.0,118.91,1078.0,30.579844,29.0
18.0,86.0,2.0,5.0,0.0,116.41,0.0,72.3,489.0,126.19,583.0,38.740784,37.0
14.0,30.0,0.0,4.0,0.0,13.87,1.0,72.6,165.0,15.43,579.0,55.47773,67.0
15.0,91.0,5.0,9.0,0.0,106.84,1.0,77.7,315.0,95.19,64.0,45.261585,43.0
19.0,68.0,5.0,12.0,0.0,90.56,1.0,66.5,427.0,73.99,65.0,45.15404,38.0
4.0,1.0,0.0,1.0,0.0,104.08,1.0,60.1,65.0,94.68,1381.0,49.27526,44.0
7.0,77.0,1.0,2.0,0.0,53.19,0.0,49.3,223.0,52.64,135.0,38.797432,40.0
16.0,29.0,5.0,11.0,0.0,132.57,1.0,61.3,498.0,119.76,1510.0,43.79837,45.0
22.0,58.0,3.0,6.0,0.0,51.06,0.0,93.8,21.0,61.43,1279.0,48.44672,54.0
18.0,60.0,3.0,2.0,0.0,135.83,0.0,37.9,74.0,124.56,148.0,24.994724,27.0
17.0,13.0,1.0,3.0,0.0,89.32,0.0,55.2,224.0,104.54,1754.0,40.18666,36.0
4.0,60.0,6.0,2.0,0.0,128.86,1.0,50.0,197.0,144.21,1086.0,60.20897,66.0
7.0,52.0,3.0,12.0,1.0,94.4,0.0,49.1,66.0,99.86,1453.0,68.63683,82.0
17.0,34.0,1.0,6.0,0.0,15.31,0.0,86.9,476.0,15.24,422.0,31.154896,32.0
14.0,37.0,4.0,6.0,0.0,74.98,0.0,99.6,325.0,62.94,675.0,29.39377,30.0
5.0,37.0,5.0,4.0,0.0,100.69,0.0,76.7,49.0,108.69,1654.0,42.518234,42.0
18.0,98.0,0.0,5.0,0.0,82.13,1.0,74.0,330.0,69.04,1674.0,53.57709,42.0
4.0,95.0,1.0,12.0,0.0,139.86,0.0,61.9,429.0,159.66,784.0,43.986984,48.0
11.0,88.0,4.0,12.0,1.0,50.6,0.0,51.3,67.0,58.67,1910.0,66.74429,68.0
5.0,60.0,2.0,3.0,0.0,27.87,1.0,45.2,457.0,25.66,1669.0,56.038727,55.0
11.0,89.0,5.0,12.0,0.0,99.55,1.0,53.3,69.0,118.29,1260.0,62.703705,53.0
12.0,46.0,0.0,1.0,0.0,84.45,0.0,33.8,452.0,78.51,774.0,32.983788,28.0
1.0,45.0,2.0,12.0,0.0,45.61,0.0,55.4,214.0,39.71,226.0,29.284918,26.0
22.0,99.0,0.0,4.0,0.0,39.28,1.0,78.2,496.0,41.85,809.0,64.0408,60.0
13.0,31.0,4.0,3.0,0.0,20.12,1.0,55.0,389.0,20.63,1203.0,60.01996,67.0
29.0,96.0,3.0,2.0,0.0,53.36,1.0,38.5,463.0,67.4,1696.0,64.50954,63.0
25.0,6.0,5.0,11.0,0.0,92.04,1.0,71.2,210.0,87.25,1141.0,47.259132,37.0
20.0,87.0,4.0,12.0,0.0,20.69,0.0,52.4,14.0,21.39,1211.0,31.701221,31.0
18.0,43.0,6.0,4.0,0.0,60.36,0.0,54.9,405.0,58.26,1132.0,36.80577,35.0
12.0,81.0,1.0,4.0,0.0,139.82,0.0,72.9,218.0,113.09,814.0,24.031471,29.0
22.0,53.0,3.0,10.0,0.0,96.05,1.0,71.3,380.0,116.28,359.0,68.60045,81.0
4.0,38.0,6.0,3.0,0.0,23.37,0.0,68.3,313.0,22.68,796.0,33.386284,34.0
22.0,19.0,1.0,5.0,0.0,9.06,1.0,75.9,142.0,8.24,521.0,61.94772,57.0
1.0,12.0,3.0,6.0,0.0,18.76,1.0,96.9,38.0,21.17,1665.0,44.145943,57.0
24.0,61.0,5.0,1.0,0.0,79.35,0.0,68.5,475.0,102.15,1693.0,46.345993,47.0
12.0,36.0,4.0,8.0,0.0,112.13,0.0,89.0,460.0,119.43,50.0,38.725937,42.0
30.0,64.0,3.0,5.0,0.0,123.39,0.0,71.3,237.0,117.27,1232.0,31.073174,29.0
3.0,28.0,0.0,1.0,0.0,20.87,1.0,31.4,86.0,25.44,480.0,56.985485,63.0
1.0,43.0,6.0,1.0,0.0,79.15,0.0,49.5,162.0,81.07,1171.0,30.53267,30.0
15.0,56.0,5.0,6.0,0.0,76.5,1.0,84.2,61.0,89.1,223.0,57.516586,51.0
7.0,32.0,1.0,1.0,0.0,40.6,1.0,42.9,238.0,32.95,1471.0,60.589333,54.0
18.0,62.0,5.0,2.0,0.0,86.9,1.0,44.3,75.0,77.19,712.0,50.41103,56.0
26.0,11.0,6.0,1.0,0.0,40.39,0.0,34.5,27.0,34.55,1511.0,24.163225,24.0
1.0,57.0,6.0,5.0,0.0,95.31,1.0,66.0,447.0,100.68,234.0,45.33018,42.0
24.0,40.0,4.0,1.0,0.0,37.55,1.0,41.4,209.0,35.79,1705.0,56.168427,58.0
19.0,87.0,2.0,1.0,0.0,147.51,0.0,47.2,356.0,123.64,143.0,25.53396,19.0
17.0,26.0,0.0,12.0,0.0,69.88,1.0,54.4,187.0,68.17,1386.0,56.57025,65.0
24.0,63.0,3.0,8.0,0.0,111.52,1.0,84.3,399.0,99.5,1625.0,49.62143,63.0
27.0,64.0,1.0,6.0,0.0,141.51,0.0,98.9,442.0,116.69,1427.0,25.161844,27.0
23.0,63.0,1.0,4.0,0.0,111.38,0.0,70.2,375.0,91.81,411.0,28.243366,28.0
10.0,85.0,1.0,10.0,0.0,107.99,1.0,81.5,484.0,133.5,1692.0,68.39185,72.0
11.0,87.0,0.0,4.0,0.0,98.68,0.0,70.8,110.0,111.02,105.0,36.624763,33.0
5.0,51.0,2.0,5.0,0.0,50.82,1.0,83.5,47.0,43.46,714.0,46.874516,63.0
18.0,88.0,0.0,4.0,0.0,96.46,0.0,81.2,163.0,101.41,1679.0,40.108856,48.0
26.0,81.0,5.0,3.0,0.0,86.26,0.0,41.2,400.0,72.21,274.0,17.975008,14.0
23.0,19.0,0.0,3.0,0.0,34.71,1.0,66.1,201.0,36.08,482.0,54.053032,58.0
1.0,74.0,3.0,12.0,0.0,13.83,0.0,55.2,12.0,16.64,1642.0,29.375147,23.0
10.0,88.0,1.0,6.0,0.0,56.85,1.0,92.5,485.0,67.74,1765.0,70.806046,62.0
28.0,36.0,0.0,5.0,0.0,56.75,1.0,76.7,146.0,60.77,645.0,58.329964,42.0
25.0,78.0,4.0,5.0,0.0,28.68,1.0,71.0,494.0,36.97,380.0,49.75659,44.0
8.0,35.0,0.0,8.0,0.0,64.7,1.0,97.5,191.0,65.39,871.0,61.292507,63.0
8.0,57.0,4.0,6.0,0.0,99.83,1.0,93.5,440.0,115.74,1927.0,73.16895,79.0
24.0,92.0,5.0,9.0,0.0,70.47,0.0,78.2,366.0,72.07,1738.0,36.95168,35.0
18.0,34.0,4.0,9.0,0.0,133.8,0.0,89.9,475.0,122.44,1621.0,30.876022,28.0
20.0,72.0,6.0,3.0,0.0,11.13,0.0,57.4,499.0,10.2,1520.0,30.824013,32.0
18.0,30.0,3.0,8.0,0.0,122.99,1.0,93.6,330.0,149.0,1961.0,69.536705,80.0
21.0,47.0,4.0,4.0,0.0,140.11,1.0,70.5,411.0,150.81,1461.0,59.13748,62.0
15.0,44.0,6.0,4.0,0.0,133.52,0.0,68.9,49.0,145.04,626.0,37.33691,37.0
18.0,46.0,3.0,1.0,0.0,103.43,1.0,50.9,185.0,132.79,405.0,66.23476,72.0
3.0,43.0,0.0,4.0,0.0,10.52,0.0,65.9,137.0,12.34,1555.0,40.207237,36.0
17.0,78.0,6.0,8.0,0.0,93.24,0.0,96.1,381.0,119.48,1170.0,43.565254,44.0
3.0,87.0,0.0,4.0,0.0,75.33,1.0,63.1,139.0,87.68,805.0,66.75039,76.0
18.0,66.0,1.0,5.0,0.0,136.99,1.0,65.7,275.0,127.09,862.0,47.21252,49.0
5.0,69.0,4.0,8.0,0.0,7.71,0.0,101.6,37.0,8.94,786.0,36.189934,39.0
11.0,22.0,6.0,7.0,0.0,123.8,0.0,99.2,231.0,142.17,511.0,40.37165,39.0
7.0,80.0,5.0,1.0,0.0,137.67,0.0,44.7,177.0,141.58,1929.0,42.764786,44.0
17.0,21.0,1.0,4.0,0.0,36.96,1.0,63.8,455.0,34.75,1090.0,49.24403,56.0
19.0,5.0,4.0,12.0,0.0,141.9,0.0,41.9,67.0,165.52,859.0,44.821598,47.0
9.0,75.0,4.0,3.0,0.0,110.56,1.0,54.4,411.0,109.5,1165.0,50.103928,48.0
2.0,88.0,6.0,12.0,0.0,29.61,0.0,41.6,238.0,26.17,381.0,40.25561,39.0
16.0,46.0,4.0,2.0,0.0,59.66,1.0,38.9,466.0,75.18,1021.0,50.150425,54.0
28.0,89.0,6.0,1.0,0.0,44.86,0.0,40.6,280.0,50.59,166.0,33.534283,37.0
22.0,22.0,3.0,1.0,0.0,96.13,0.0,31.9,464.0,107.32,398.0,43.687595,44.0
2.0,93.0,0.0,6.0,0.0,80.3,0.0,86.3,150.0,96.78,783.0,48.09535,48.0
1.0,82.0,5.0,5.0,0.0,67.63,1.0,78.6,157.0,58.59,1203.0,46.633213,51.0
1.0,47.0,4.0,9.0,0.0,78.16,0.0,80.1,80.0,71.73,625.0,26.668533,29.0
11.0,6.0,5.0,2.0,0.0,123.79,1.0,42.7,32.0,157.98,1589.0,69.67438,66.0
15.0,100.0,6.0,4.0,0.0,36.4,0.0,64.3,326.0,45.47,144.0,37.73673,34.0
1.0,91.0,6.0,6.0,0.0,129.11,0.0,92.2,220.0,140.81,1461.0,37.12746,30.0
17.0,52.0,1.0,12.0,1.0,5.85,1.0,44.5,384.0,5.55,1962.0,90.14833,88.0
23.0,40.0,3.0,3.0,0.0,148.43,1.0,59.2,204.0,154.63,848.0,62.312572,60.0
21.0,67.0,5.0,9.0,0.0,126.73,1.0,79.5,286.0,120.88,1104.0,52.833084,42.0
1.0,42.0,0.0,8.0,0.0,7.97,0.0,100.9,194.0,7.88,1203.0,28.530195,26.0
21.0,17.0,3.0,8.0,0.0,95.0,0.0,94.9,428.0,92.75,1960.0,33.79557,31.0
23.0,99.0,3.0,2.0,0.0,85.64,1.0,44.6,277.0,87.58,709.0,56.36969,56.0
18.0,74.0,3.0,8.0,0.0,122.15,0.0,88.8,200.0,117.99,1818.0,34.8128,39.0
25.0,39.0,0.0,8.0,0.0,104.82,1.0,72.6,459.0,133.91,1549.0,65.26575,72.0
20.0,81.0,4.0,9.0,0.0,77.4,1.0,69.4,223.0,83.45,1620.0,53.15895,49.0
29.0,40.0,0.0,12.0,0.0,96.89,1.0,50.5,278.0,79.61,1434.0,50.25664,61.0
24.0,22.0,0.0,3.0,0.0,8.0,0.0,69.8,289.0,7.02,195.0,32.198494,24.0
6.0,18.0,2.0,5.0,0.0,54.39,1.0,93.4,324.0,56.19,1883.0,65.344444,62.0
4.0,65.0,4.0,10.0,0.0,102.38,1.0,63.4,67.0,115.42,83.0,56.346344,57.0
7.0,66.0,2.0,6.0,0.0,27.42,0.0,87.0,183.0,32.58,429.0,40.51972,40.0
11.0,66.0,3.0,9.0,0.0,107.99,1.0,82.4,293.0,112.78,959.0,58.452663,56.0
20.0,2.0,1.0,2.0,0.0,35.93,1.0,60.2,467.0,41.93,59.0,44.91617,36.0
25.0,55.0,1.0,4.0,0.0,103.48,1.0,69.2,47.0,112.24,1680.0,53.686825,54.0
11.0,80.0,1.0,4.0,0.0,100.38,0.0,67.2,471.0,110.0,439.0,39.509083,36.0
24.0,38.0,5.0,1.0,0.0,85.81,1.0,34.5,162.0,89.33,1003.0,50.778683,56.0
26.0,29.0,4.0,11.0,0.0,87.86,0.0,57.9,415.0,104.12,1124.0,39.92107,42.0
28.0,24.0,0.0,9.0,0.0,55.47,1.0,77.1,53.0,63.92,1332.0,51.780224,47.0
20.0,69.0,2.0,1.0,0.0,71.7,0.0,45.2,68.0,76.61,712.0,32.127464,34.0
6.0,53.0,3.0,5.0,0.0,47.63,1.0,87.3,475.0,49.25,1017.0,66.82754,76.0
11.0,75.0,1.0,12.0,0.0,18.38,1.0,64.9,267.0,17.6,1577.0,55.110638,48.0
12.0,37.0,2.0,12.0,0.0,104.05,1.0,50.2,229.0,83.62,1612.0,53.179688,46.0
1.0,79.0,0.0,5.0,0.0,126.35,1.0,72.3,129.0,109.03,1357.0,39.857456,41.0
4.0,41.0,2.0,8.0,0.0,26.31,0.0,81.8,311.0,32.56,1978.0,37.873806,37.0
7.0,90.0,0.0,1.0,0.0,61.47,1.0,42.3,203.0,71.5,413.0,63.94716,67.0
3.0,52.0,6.0,9.0,0.0,6.4,1.0,86.5,342.0,7.99,737.0,62.35103,70.0
12.0,30.0,5.0,3.0,0.0,139.9,1.0,63.5,142.0,124.77,1346.0,51.297092,48.0
8.0,61.0,4.0,9.0,0.0,118.64,0.0,77.6,488.0,107.97,723.0,35.157314,42.0
14.0,49.0,4.0,5.0,0.0,34.11,0.0,89.8,146.0,32.8,1051.0,35.545296,40.0
7.0,18.0,1.0,4.0,0.0,40.17,0.0,61.3,50.0,46.51,622.0,37.26477,40.0
2.0,21.0,3.0,4.0,0.0,15.96,1.0,68.3,493.0,13.34,1535.0,55.947147,53.0
20.0,1.0,3.0,4.0,0.0,63.38,1.0,70.3,155.0,76.63,1693.0,55.35686,54.0
15.0,84.0,2.0,1.0,0.0,122.15,0.0,38.1,149.0,115.3,1422.0,32.47396,28.0
18.0,86.0,2.0,9.0,0.0,97.94,1.0,78.5,295.0,91.41,1265.0,53.95085,54.0
10.0,12.0,6.0,3.0,0.0,39.09,0.0,35.4,375.0,32.26,61.0,31.786552,29.0
26.0,12.0,5.0,10.0,0.0,90.02,0.0,61.7,340.0,72.17,233.0,17.912899,16.0
6.0,86.0,6.0,1.0,0.0,124.54,1.0,35.7,54.0,109.93,130.0,52.81786,55.0
1.0,99.0,3.0,3.0,0.0,116.02,1.0,55.9,285.0,145.3,1602.0,68.07722,51.0
21.0,71.0,2.0,2.0,0.0,53.9,0.0,65.6,68.0,68.35,1012.0,38.5695,40.0
24.0,96.0,2.0,8.0,0.0,80.38,0.0,88.1,252.0,77.3,112.0,25.905695,26.0
7.0,47.0,0.0,10.0,0.0,8.38,1.0,71.5,245.0,9.66,1146.0,62.373547,55.0
3.0,13.0,3.0,5.0,0.0,81.61,1.0,77.1,137.0,78.49,722.0,55.526005,61.0
16.0,43.0,6.0,7.0,0.0,76.9,0.0,94.8,484.0,85.55,674.0,29.247778,20.0
5.0,75.0,6.0,2.0,0.0,80.09,1.0,51.0,334.0,90.48,1332.0,57.991924,68.0
20.0,79.0,1.0,9.0,0.0,25.22,0.0,98.6,212.0,23.19,1090.0,24.787254,23.0
28.0,7.0,4.0,11.0,0.0,33.69,0.0,39.1,209.0,29.87,958.0,31.895264,31.0
1.0,100.0,5.0,4.0,0.0,65.81,1.0,76.7,70.0,71.23,819.0,53.627235,54.0
28.0,80.0,2.0,7.0,0.0,59.93,0.0,107.6,440.0,67.93,1822.0,37.461464,39.0
19.0,26.0,1.0,3.0,0.0,36.77,1.0,64.0,125.0,41.22,51.0,59.298923,58.0
4.0,77.0,2.0,3.0,0.0,128.95,1.0,64.4,171.0,114.78,903.0,50.01187,46.0
26.0,34.0,6.0,10.0,0.0,145.28,0.0,71.3,429.0,128.46,1815.0,24.52392,11.0
17.0,62.0,1.0,5.0,0.0,35.68,0.0,72.8,308.0,36.14,503.0,32.974586,35.0
18.0,43.0,4.0,12.0,0.0,15.79,1.0,49.0,278.0,17.37,1289.0,56.566616,47.0
22.0,13.0,4.0,11.0,0.0,131.32,1.0,51.8,415.0,132.27,1956.0,57.91773,63.0
20.0,54.0,6.0,4.0,0.0,97.03,0.0,52.8,361.0,109.93,597.0,30.996986,32.0
14.0,15.0,2.0,10.0,0.0,45.95,1.0,76.7,352.0,58.54,771.0,56.084118,66.0
26.0,52.0,3.0,3.0,0.0,44.18,0.0,53.0,308.0,35.86,1613.0,25.545578,23.0
20.0,28.0,3.0,2.0,0.0,84.53,1.0,48.8,185.0,103.31,681.0,55.927578,58.0
1.0,67.0,4.0,1.0,0.0,22.25,1.0,50.7,339.0,23.5,174.0,43.885918,43.0
2.0,68.0,6.0,5.0,0.0,22.71,1.0,79.0,445.0,26.11,870.0,58.188526,59.0
13.0,64.0,6.0,8.0,0.0,106.93,0.0,91.1,317.0,130.47,584.0,40.88218,46.0
16.0,98.0,4.0,7.0,0.0,19.73,0.0,88.8,470.0,25.47,1704.0,31.193422,32.0
10.0,4.0,1.0,3.0,0.0,9.79,1.0,52.1,119.0,12.69,672.0,56.692207,59.0
20.0,8.0,1.0,1.0,0.0,62.74,0.0,45.9,227.0,64.85,1195.0,32.451546,31.0
1.0,87.0,0.0,9.0,0.0,132.25,0.0,76.5,463.0,144.39,260.0,33.996513,32.0
9.0,42.0,2.0,12.0,0.0,35.84,0.0,45.9,497.0,41.9,1598.0,37.73923,34.0
17.0,21.0,1.0,10.0,0.0,99.2,0.0,63.1,270.0,100.0,1180.0,32.039703,31.0
24.0,8.0,6.0,5.0,0.0,54.86,0.0,76.9,96.0,61.76,300.0,37.5324,40.0
14.0,35.0,0.0,8.0,0.0,131.72,1.0,91.3,21.0,127.67,1459.0,57.404087,60.0
5.0,68.0,4.0,4.0,0.0,70.9,0.0,74.3,279.0,75.62,1335.0,39.694176,37.0
2.0,40.0,4.0,8.0,0.0,55.42,1.0,93.8,215.0,49.8,1771.0,59.53139,62.0
23.0,100.0,5.0,4.0,0.0,7.65,1.0,65.4,411.0,6.24,895.0,56.389267,47.0
5.0,71.0,3.0,3.0,0.0,147.01,0.0,50.7,446.0,155.42,1082.0,40.17998,45.0
8.0,96.0,4.0,3.0,0.0,72.1,0.0,74.1,160.0,84.55,1825.0,47.075737,47.0
22.0,40.0,2.0,9.0,0.0,139.67,1.0,71.7,246.0,178.02,651.0,74.266106,78.0
8.0,95.0,4.0,4.0,0.0,43.66,0.0,82.2,499.0,39.87,1548.0,40.09325,36.0
3.0,93.0,6.0,12.0,0.0,137.3,0.0,39.5,477.0,129.35,192.0,36.467464,33.0
16.0,48.0,6.0,5.0,0.0,113.17,0.0,93.3,207.0,109.29,779.0,26.29992,25.0
27.0,7.0,3.0,9.0,0.0,114.84,0.0,73.6,240.0,109.49,1111.0,33.67244,32.0
28.0,97.0,3.0,11.0,0.0,62.49,0.0,60.7,426.0,61.97,1921.0,36.64983,40.0
20.0,82.0,3.0,1.0,0.0,86.58,1.0,53.5,404.0,103.59,1225.0,54.086937,58.0
16.0,58.0,6.0,10.0,0.0,12.79,1.0,77.6,448.0,12.65,266.0,48.791096,52.0
17.0,95.0,2.0,9.0,0.0,109.19,0.0,78.5,466.0,141.94,375.0,43.738205,49.0
13.0,72.0,2.0,11.0,1.0,142.69,1.0,44.8,348.0,130.57,64.0,73.54947,83.0
29.0,82.0,1.0,7.0,1.0,133.36,1.0,110.3,314.0,165.27,1928.0,96.98065,91.0
25.0,55.0,0.0,1.0,0.0,63.69,0.0,53.6,181.0,67.17,1705.0,31.10066,29.0
16.0,85.0,2.0,2.0,0.0,50.38,1.0,45.5,347.0,49.42,168.0,42.213108,45.0
23.0,44.0,2.0,5.0,0.0,77.7,1.0,80.3,100.0,68.56,1445.0,50.550983,43.0
5.0,99.0,5.0,1.0,0.0,63.58,1.0,59.2,301.0,76.47,660.0,54.536907,51.0
21.0,15.0,4.0,6.0,0.0,53.26,1.0,85.4,462.0,49.0,596.0,49.098263,47.0
22.0,22.0,6.0,11.0,1.0,16.41,1.0,62.6,448.0,16.01,1143.0,71.867935,89.0
1.0,34.0,5.0,7.0,0.0,125.15,0.0,100.2,38.0,126.88,1612.0,34.11472,28.0
3.0,79.0,2.0,1.0,0.0,56.99,0.0,55.1,419.0,66.51,726.0,42.66081,47.0
21.0,94.0,1.0,10.0,0.0,27.04,0.0,60.4,398.0,31.21,1510.0,39.07322,38.0
1.0,2.0,2.0,2.0,0.0,61.09,0.0,52.9,396.0,52.11,1886.0,23.459541,20.0
11.0,31.0,3.0,2.0,0.0,56.07,1.0,39.7,386.0,54.51,904.0,55.498486,52.0
7.0,31.0,0.0,11.0,0.0,103.38,1.0,58.2,146.0,82.78,1599.0,58.362278,57.0
23.0,12.0,0.0,3.0,0.0,137.52,0.0,55.0,317.0,132.32,187.0,28.746456,32.0
23.0,8.0,1.0,3.0,0.0,15.16,1.0,59.7,320.0,19.7,1940.0,62.67608,66.0
28.0,59.0,6.0,3.0,0.0,105.08,1.0,49.5,50.0,115.29,1095.0,65.18697,68.0
26.0,32.0,5.0,6.0,0.0,81.71,1.0,89.0,384.0,71.19,1860.0,46.92734,51.0
10.0,8.0,4.0,7.0,0.0,23.63,1.0,110.5,137.0,21.26,728.0,56.87504,63.0
22.0,11.0,3.0,7.0,0.0,101.19,1.0,90.3,245.0,99.85,1606.0,56.352386,52.0
6.0,57.0,3.0,3.0,0.0,33.79,0.0,57.1,206.0,43.37,1947.0,53.82575,54.0
11.0,71.0,3.0,3.0,0.0,19.57,0.0,63.3,449.0,21.43,570.0,32.79436,35.0
15.0,96.0,6.0,4.0,0.0,111.9,0.0,50.0,244.0,112.62,387.0,37.916462,36.0
25.0,1.0,3.0,10.0,0.0,94.54,0.0,68.7,267.0,114.79,1358.0,39.535393,37.0
11.0,46.0,0.0,3.0,0.0,137.69,1.0,57.1,242.0,124.12,1044.0,40.81654,42.0
4.0,49.0,3.0,3.0,0.0,70.83,1.0,59.2,22.0,90.43,280.0,61.31615,54.0
22.0,42.0,5.0,8.0,0.0,52.48,0.0,98.1,295.0,42.42,559.0,34.84776,30.0
28.0,12.0,2.0,4.0,0.0,146.24,0.0,66.9,137.0,125.28,1223.0,24.4759,24.0
10.0,46.0,0.0,12.0,0.0,123.33,0.0,59.9,314.0,157.58,1004.0,54.779625,52.0
12.0,75.0,6.0,10.0,0.0,40.77,0.0,64.7,282.0,42.91,1910.0,43.909702,46.0
12.0,54.0,4.0,2.0,0.0,73.54,0.0,61.6,324.0,84.61,1102.0,44.246117,47.0
15.0,43.0,3.0,4.0,0.0,72.44,1.0,69.8,279.0,82.83,565.0,58.857327,53.0
2.0,34.0,4.0,12.0,0.0,122.97,0.0,55.5,45.0,119.08,1877.0,38.96317,35.0
6.0,92.0,6.0,3.0,0.0,81.73,1.0,52.8,17.0,83.36,396.0,61.445885,53.0
22.0,88.0,2.0,5.0,0.0,22.17,0.0,92.5,306.0,25.0,1314.0,46.550415,47.0
23.0,11.0,1.0,1.0,0.0,20.84,0.0,54.0,11.0,18.33,1428.0,36.64627,33.0
28.0,49.0,3.0,6.0,0.0,91.42,1.0,100.7,400.0,91.91,1874.0,57.244278,67.0
6.0,20.0,2.0,11.0,1.0,44.73,0.0,58.5,216.0,56.67,1949.0,72.099174,91.0
23.0,86.0,4.0,2.0,0.0,77.78,1.0,45.5,485.0,94.54,1433.0,61.00464,74.0
26.0,21.0,3.0,4.0,0.0,33.65,0.0,83.4,377.0,29.15,1402.0,24.374685,23.0
14.0,62.0,1.0,11.0,0.0,76.31,1.0,55.9,92.0,94.22,72.0,64.5029,57.0
13.0,81.0,4.0,1.0,0.0,136.91,0.0,50.3,192.0,109.95,1209.0,24.994326,28.0
28.0,35.0,3.0,11.0,0.0,19.24,1.0,62.3,172.0,19.5,1368.0,54.693752,61.0
28.0,57.0,3.0,2.0,0.0,127.13,1.0,43.9,108.0,156.2,1277.0,62.21159,73.0
6.0,21.0,0.0,4.0,0.0,29.56,0.0,71.0,93.0,34.04,227.0,45.26484,40.0
21.0,65.0,0.0,5.0,0.0,78.93,1.0,95.3,285.0,79.91,1311.0,55.479885,55.0
10.0,73.0,0.0,2.0,0.0,145.9,0.0,54.7,486.0,160.92,1309.0,46.184208,43.0
22.0,66.0,5.0,5.0,0.0,43.39,0.0,74.0,65.0,46.84,775.0,43.53695,46.0
11.0,69.0,3.0,2.0,0.0,79.71,0.0,49.8,442.0,74.89,321.0,30.580355,36.0
16.0,86.0,5.0,4.0,0.0,124.51,0.0,68.8,358.0,134.65,663.0,30.564125,27.0
12.0,27.0,5.0,12.0,0.0,104.29,1.0,53.7,67.0,131.71,1530.0,69.48878,71.0
25.0,11.0,1.0,1.0,0.0,122.3,1.0,36.3,94.0,140.96,136.0,51.754982,56.0
13.0,56.0,3.0,11.0,0.0,52.18,0.0,66.8,421.0,58.47,1005.0,39.61475,28.0
16.0,13.0,1.0,8.0,0.0,129.83,1.0,88.4,155.0,118.97,1698.0,43.417168,26.0
19.0,28.0,0.0,3.0,0.0,141.44,1.0,47.8,420.0,158.24,517.0,58.752686,59.0
16.0,34.0,6.0,4.0,0.0,120.3,1.0,50.2,205.0,101.65,210.0,28.668835,33.0
18.0,80.0,2.0,5.0,0.0,133.53,1.0,82.5,446.0,120.66,122.0,45.214737,49.0
18.0,100.0,1.0,11.0,0.0,88.92,1.0,64.2,267.0,103.41,1144.0,66.78098,63.0
22.0,46.0,2.0,2.0,0.0,44.31,1.0,65.0,89.0,36.07,1717.0,59.454132,58.0
29.0,80.0,6.0,1.0,0.0,90.28,1.0,36.9,477.0,89.52,1778.0,60.75289,57.0
20.0,52.0,2.0,3.0,0.0,13.0,0.0,56.1,60.0,15.73,313.0,26.662766,32.0
29.0,40.0,5.0,1.0,0.0,29.47,1.0,26.1,53.0,30.8,207.0,60.70584,52.0
25.0,64.0,3.0,3.0,0.0,60.39,0.0,32.6,247.0,53.83,1547.0,30.018312,30.0
15.0,70.0,4.0,11.0,0.0,123.21,1.0,70.6,478.0,124.66,733.0,55.066643,48.0
19.0,27.0,2.0,11.0,0.0,98.72,0.0,53.5,78.0,99.3,82.0,37.100353,34.0
8.0,14.0,6.0,10.0,0.0,88.51,0.0,75.1,314.0,93.45,153.0,35.6468,36.0
24.0,30.0,3.0,8.0,0.0,62.79,1.0,78.5,301.0,69.15,1297.0,54.05809,62.0
7.0,39.0,2.0,5.0,0.0,23.64,1.0,76.4,460.0,22.95,1441.0,58.505783,58.0
30.0,44.0,5.0,2.0,0.0,34.79,1.0,38.4,373.0,42.59,1081.0,51.46905,46.0
9.0,70.0,6.0,1.0,0.0,129.16,0.0,36.3,34.0,106.04,751.0,19.131472,8.0
27.0,50.0,2.0,4.0,0.0,119.92,0.0,74.4,210.0,114.59,1244.0,31.389864,31.0
11.0,65.0,4.0,11.0,0.0,128.34,1.0,53.4,447.0,157.27,287.0,63.287952,56.0
24.0,34.0,1.0,10.0,0.0,15.25,0.0,66.1,56.0,18.96,345.0,28.76539,31.0
2.0,22.0,2.0,5.0,0.0,21.28,1.0,85.2,471.0,26.77,899.0,52.038956,57.0
15.0,46.0,2.0,3.0,0.0,100.92,1.0,52.6,340.0,117.51,260.0,59.462856,55.0
15.0,43.0,4.0,9.0,0.0,109.23,0.0,69.5,301.0,130.7,1348.0,44.594852,40.0
29.0,67.0,1.0,12.0,1.0,18.58,1.0,43.4,286.0,22.33,624.0,84.10767,97.0
4.0,76.0,5.0,3.0,0.0,99.97,1.0,54.2,304.0,90.96,1595.0,47.53805,47.0
22.0,2.0,3.0,11.0,0.0,112.89,0.0,55.7,432.0,125.18,1132.0,44.35404,51.0
14.0,37.0,5.0,8.0,0.0,49.49,1.0,94.2,183.0,47.24,258.0,49.873558,57.0
22.0,91.0,4.0,2.0,0.0,127.43,1.0,49.1,296.0,145.1,443.0,66.46628,72.0
24.0,64.0,4.0,9.0,0.0,30.46,1.0,73.2,351.0,24.81,1039.0,52.25616,59.0
16.0,100.0,1.0,3.0,0.0,148.5,1.0,39.4,259.0,178.99,1511.0,61.287075,57.0
2.0,96.0,1.0,1.0,0.0,121.73,1.0,31.1,265.0,131.32,1275.0,59.293797,64.0
8.0,75.0,1.0,1.0,0.0,127.79,1.0,52.8,462.0,102.43,1566.0,45.514816,57.0
5.0,92.0,2.0,3.0,0.0,28.89,1.0,53.5,18.0,26.67,860.0,55.602898,51.0
16.0,46.0,2.0,2.0,0.0,75.63,0.0,40.4,363.0,74.63,1957.0,23.68889,25.0
16.0,33.0,1.0,10.0,0.0,6.05,1.0,72.1,195.0,6.08,483.0,44.783504,46.0
23.0,15.0,1.0,1.0,0.0,40.15,1.0,28.9,375.0,33.99,1858.0,54.92991,50.0
19.0,76.0,5.0,3.0,0.0,36.87,1.0,38.2,245.0,36.69,537.0,51.409473,51.0
28.0,64.0,2.0,3.0,0.0,5.46,1.0,59.7,192.0,5.78,899.0,55.09255,61.0
9.0,56.0,4.0,12.0,0.0,10.32,0.0,40.3,295.0,10.09,1989.0,36.346016,28.0
18.0,70.0,2.0,4.0,0.0,65.67,0.0,76.4,46.0,75.33,410.0,38.99666,34.0
24.0,47.0,0.0,12.0,0.0,11.07,0.0,46.4,134.0,11.64,1309.0,40.841892,36.0
21.0,56.0,6.0,2.0,0.0,87.81,0.0,57.2,266.0,94.43,794.0,31.91878,35.0
13.0,85.0,3.0,12.0,0.0,76.68,1.0,56.7,308.0,75.33,790.0,54.44877,57.0
3.0,86.0,6.0,8.0,0.0,5.28,0.0,83.3,446.0,4.31,1934.0,42.788666,42.0
12.0,21.0,6.0,11.0,1.0,141.03,0.0,58.6,314.0,167.24,542.0,68.66528,84.0
13.0,8.0,0.0,3.0,0.0,24.45,0.0,61.4,480.0,27.4,1635.0,42.53002,40.0
10.0,6.0,3.0,3.0,0.0,16.31,0.0,54.8,210.0,15.9,941.0,38.753883,35.0
17.0,83.0,1.0,4.0,0.0,126.35,1.0,66.1,77.0,133.78,440.0,57.552444,44.0
26.0,84.0,6.0,10.0,0.0,90.52,1.0,87.9,280.0,99.82,1596.0,50.19417,54.0
18.0,94.0,0.0,3.0,0.0,39.22,0.0,65.7,24.0,35.61,1964.0,42.71117,43.0
23.0,7.0,1.0,9.0,0.0,59.22,1.0,70.7,308.0,48.2,551.0,50.5105,41.0
13.0,100.0,5.0,4.0,0.0,135.13,1.0,71.4,397.0,175.2,1921.0,70.45605,78.0
10.0,75.0,1.0,5.0,0.0,111.62,0.0,84.3,487.0,140.82,851.0,51.03241,58.0
13.0,86.0,1.0,4.0,0.0,93.8,0.0,68.2,156.0,94.61,362.0,31.217016,32.0
30.0,14.0,3.0,3.0,0.0,39.42,1.0,47.4,292.0,50.09,59.0,55.161392,56.0
8.0,12.0,0.0,10.0,0.0,72.25,0.0,79.6,352.0,59.94,943.0,31.709053,34.0
16.0,21.0,3.0,5.0,0.0,118.84,1.0,70.3,227.0,97.83,382.0,30.43008,25.0
17.0,15.0,0.0,2.0,0.0,59.97,1.0,50.0,467.0,71.77,1181.0,58.098846,44.0
24.0,19.0,3.0,1.0,0.0,118.77,1.0,27.6,130.0,95.03,1295.0,34.11702,36.0
16.0,55.0,5.0,10.0,0.0,81.58,1.0,73.1,441.0,84.32,1867.0,50.55207,39.0
8.0,9.0,5.0,3.0,0.0,13.61,1.0,57.4,377.0,11.83,1971.0,60.04481,69.0
10.0,63.0,3.0,12.0,1.0,11.09,1.0,49.0,211.0,11.75,1108.0,89.21196,100.0
17.0,31.0,5.0,5.0,0.0,106.02,0.0,86.7,386.0,88.27,1635.0,30.004309,30.0
24.0,96.0,2.0,3.0,0.0,46.07,0.0,51.0,277.0,56.78,1794.0,40.512634,38.0
21.0,51.0,0.0,2.0,0.0,73.95,0.0,58.0,154.0,95.24,1679.0,45.088253,41.0
24.0,11.0,3.0,5.0,0.0,58.54,1.0,77.8,413.0,47.12,1736.0,51.18355,50.0
28.0,9.0,4.0,9.0,0.0,30.23,0.0,73.9,166.0,26.06,152.0,31.105074,22.0
12.0,19.0,1.0,7.0,0.0,42.42,1.0,109.5,77.0,52.51,148.0,61.283405,51.0
15.0,54.0,1.0,2.0,0.0,75.08,1.0,43.0,189.0,95.01,1176.0,68.93487,67.0
14.0,71.0,5.0,8.0,0.0,123.61,1.0,73.8,343.0,158.38,522.0,70.59125,72.0
26.0,94.0,4.0,9.0,0.0,147.56,1.0,82.1,370.0,145.14,1549.0,56.30823,60.0
7.0,54.0,1.0,4.0,0.0,37.45,0.0,53.1,448.0,47.49,366.0,39.501568,37.0
15.0,9.0,2.0,2.0,0.0,75.23,0.0,48.7,309.0,61.23,104.0,25.806091,17.0
27.0,51.0,3.0,8.0,0.0,70.5,0.0,97.4,385.0,79.13,1387.0,40.3181,43.0
14.0,18.0,2.0,11.0,0.0,67.16,0.0,61.2,342.0,74.81,878.0,37.1352,34.0
23.0,99.0,5.0,4.0,0.0,35.14,0.0,81.2,305.0,42.77,1234.0,41.051567,39.0
2.0,77.0,4.0,9.0,0.0,118.27,0.0,79.8,366.0,147.38,1335.0,52.771183,59.0
3.0,38.0,4.0,8.0,0.0,55.67,0.0,82.4,273.0,69.62,1818.0,50.237564,56.0
16.0,81.0,6.0,7.0,0.0,111.73,0.0,81.0,93.0,132.36,460.0,32.575615,35.0
30.0,97.0,2.0,11.0,0.0,102.95,0.0,67.5,487.0,105.19,1761.0,37.80301,42.0
23.0,6.0,4.0,2.0,0.0,14.54,0.0,51.5,308.0,12.06,827.0,37.106293,34.0
11.0,8.0,0.0,1.0,0.0,50.04,1.0,51.0,195.0,61.33,271.0,64.66609,72.0
2.0,46.0,1.0,5.0,0.0,28.04,0.0,77.7,302.0,25.33,793.0,32.786964,32.0
24.0,80.0,5.0,5.0,0.0,34.68,1.0,84.5,56.0,33.64,1437.0,55.671547,63.0
20.0,83.0,6.0,9.0,0.0,83.62,1.0,100.7,168.0,90.7,1376.0,55.151066,51.0
9.0,7.0,4.0,1.0,0.0,33.8,1.0,37.7,258.0,27.52,1473.0,53.079815,45.0
29.0,58.0,3.0,12.0,0.0,48.15,1.0,48.6,492.0,47.63,1173.0,62.578636,63.0
30.0,60.0,2.0,7.0,1.0,19.8,0.0,95.0,249.0,24.65,1979.0,67.353195,66.0
16.0,69.0,5.0,2.0,0.0,48.47,0.0,46.7,423.0,57.79,380.0,29.64394,29.0
29.0,50.0,0.0,1.0,0.0,90.53,1.0,43.9,210.0,87.64,879.0,55.86303,62.0
5.0,32.0,5.0,8.0,0.0,104.07,1.0,98.2,487.0,123.9,401.0,59.32683,54.0
13.0,86.0,6.0,2.0,0.0,69.3,0.0,47.9,184.0,88.57,920.0,40.480217,43.0
22.0,8.0,0.0,4.0,0.0,136.68,1.0,67.9,21.0,130.49,1309.0,55.183773,67.0
18.0,91.0,0.0,4.0,0.0,114.61,0.0,68.0,487.0,101.21,1621.0,31.81067,32.0
16.0,58.0,2.0,10.0,0.0,125.72,1.0,61.9,364.0,112.01,904.0,39.71056,39.0
6.0,68.0,3.0,4.0,0.0,82.91,0.0,71.0,143.0,96.84,1672.0,55.25673,52.0
1.0,97.0,5.0,11.0,0.0,50.74,1.0,57.2,403.0,58.33,1353.0,56.349625,63.0
13.0,73.0,4.0,4.0,0.0,146.46,0.0,68.4,64.0,146.01,119.0,32.244743,23.0
20.0,4.0,0.0,5.0,0.0,68.67,0.0,79.6,368.0,63.91,307.0,23.788956,22.0
3.0,12.0,4.0,3.0,0.0,89.41,0.0,51.4,388.0,99.01,302.0,42.13459,46.0
8.0,62.0,0.0,9.0,0.0,138.57,0.0,73.4,413.0,143.61,450.0,37.336002,34.0
11.0,50.0,2.0,3.0,0.0,104.33,1.0,42.5,374.0,94.9,1410.0,48.93891,43.0
9.0,89.0,6.0,10.0,0.0,96.58,1.0,53.0,442.0,78.28,1534.0,47.107235,54.0
28.0,11.0,6.0,4.0,0.0,110.96,1.0,68.6,273.0,90.97,912.0,42.163822,44.0
26.0,48.0,3.0,1.0,0.0,104.64,0.0,39.4,31.0,108.23,318.0,32.062305,19.0
25.0,57.0,3.0,1.0,0.0,117.29,1.0,41.5,19.0,131.81,975.0,55.110687,40.0
7.0,51.0,2.0,8.0,0.0,76.1,1.0,86.1,229.0,97.27,809.0,65.87334,53.0
24.0,54.0,2.0,5.0,0.0,24.23,1.0,77.5,383.0,22.86,308.0,50.100548,44.0
19.0,23.0,1.0,3.0,0.0,27.87,1.0,62.3,330.0,36.05,1817.0,61.595985,61.0
7.0,22.0,5.0,3.0,0.0,83.89,1.0,50.4,280.0,105.0,567.0,61.45052,70.0
18.0,63.0,3.0,5.0,0.0,79.61,0.0,85.7,186.0,75.59,1217.0,38.836582,42.0
2.0,40.0,5.0,10.0,0.0,21.94,1.0,75.5,36.0,23.27,1071.0,59.593975,50.0
10.0,9.0,5.0,7.0,0.0,8.1,1.0,106.6,358.0,7.29,718.0,57.820175,54.0
4.0,40.0,0.0,6.0,0.0,83.22,1.0,84.7,44.0,88.84,257.0,55.394806,55.0
16.0,50.0,5.0,1.0,0.0,124.51,0.0,38.5,317.0,113.37,1858.0,26.339739,18.0
29.0,23.0,4.0,5.0,0.0,94.37,1.0,82.8,131.0,113.91,1418.0,67.96739,76.0
22.0,32.0,6.0,2.0,0.0,90.26,1.0,60.7,370.0,75.09,438.0,51.059334,55.0
4.0,39.0,3.0,1.0,0.0,103.98,1.0,45.1,237.0,113.01,583.0,55.372017,50.0
5.0,26.0,3.0,3.0,0.0,112.8,0.0,60.0,405.0,142.07,563.0,50.052288,55.0
17.0,17.0,5.0,9.0,0.0,96.59,0.0,70.1,52.0,87.63,665.0,28.446733,23.0
30.0,3.0,3.0,4.0,0.0,106.75,1.0,76.2,15.0,133.26,54.0,63.444836,54.0
22.0,35.0,3.0,2.0,0.0,100.24,1.0,54.5,319.0,98.16,1884.0,56.83646,65.0
26.0,89.0,2.0,1.0,0.0,123.76,1.0,51.9,457.0,122.0,306.0,52.25315,53.0
24.0,80.0,1.0,2.0,0.0,12.13,0.0,47.8,116.0,13.23,1775.0,39.804928,39.0
12.0,21.0,1.0,2.0,0.0,108.26,0.0,24.6,268.0,95.97,1257.0,32.70186,30.0
7.0,77.0,4.0,4.0,0.0,22.02,0.0,80.5,322.0,28.06,1865.0,48.0066,49.0
24.0,14.0,2.0,3.0,0.0,7.95,1.0,57.3,166.0,9.89,1069.0,52.16084,54.0
9.0,98.0,2.0,1.0,0.0,50.16,1.0,33.1,367.0,41.33,194.0,45.684868,47.0
7.0,48.0,4.0,1.0,0.0,67.51,0.0,50.3,32.0,62.97,1432.0,39.81449,36.0
16.0,48.0,3.0,4.0,0.0,96.49,0.0,67.1,78.0,96.09,625.0,25.972225,24.0
25.0,70.0,6.0,4.0,0.0,118.26,0.0,79.0,296.0,126.91,595.0,27.79436,25.0
11.0,84.0,2.0,9.0,0.0,100.77,1.0,90.8,38.0,129.65,812.0,66.765114,73.0
26.0,2.0,2.0,10.0,0.0,148.03,1.0,69.1,175.0,191.63,581.0,62.970303,54.0
5.0,90.0,5.0,1.0,0.0,10.33,1.0,27.9,443.0,11.63,65.0,51.39626,61.0
28.0,72.0,5.0,5.0,0.0,23.03,0.0,80.8,436.0,23.16,1549.0,35.40705,34.0
23.0,93.0,2.0,4.0,0.0,149.55,1.0,64.0,401.0,167.09,1691.0,67.178116,68.0
3.0,86.0,3.0,12.0,1.0,69.47,1.0,60.3,121.0,66.75,1154.0,88.30039,95.0
1.0,23.0,2.0,8.0,0.0,59.02,0.0,98.0,379.0,54.75,1625.0,29.903545,34.0
7.0,75.0,1.0,2.0,0.0,83.24,1.0,45.4,265.0,78.48,1980.0,58.271584,63.0
24.0,83.0,1.0,1.0,0.0,75.79,1.0,37.4,264.0,98.2,1929.0,60.48751,51.0
11.0,73.0,4.0,1.0,0.0,95.65,1.0,32.3,425.0,121.71,85.0,66.85048,63.0
13.0,87.0,0.0,12.0,0.0,132.93,1.0,28.9,110.0,155.37,904.0,61.33402,73.0
8.0,55.0,2.0,9.0,0.0,43.13,0.0,85.1,177.0,36.29,1008.0,36.89997,37.0
17.0,12.0,6.0,4.0,0.0,98.36,1.0,83.7,119.0,82.53,57.0,43.980534,39.0
17.0,38.0,1.0,8.0,0.0,24.1,0.0,87.6,269.0,23.54,1587.0,37.48725,43.0
5.0,11.0,3.0,4.0,0.0,32.57,1.0,67.6,256.0,30.69,583.0,52.394558,37.0
26.0,15.0,1.0,2.0,0.0,59.04,1.0,52.7,197.0,62.32,94.0,45.304276,45.0
9.0,84.0,6.0,11.0,0.0,29.47,0.0,60.5,361.0,34.91,244.0,34.61223,28.0
21.0,62.0,4.0,7.0,0.0,24.13,1.0,70.0,393.0,26.98,83.0,54.60875,52.0
30.0,99.0,2.0,6.0,0.0,125.04,1.0,93.5,149.0,133.93,1259.0,55.49501,41.0
15.0,79.0,0.0,3.0,0.0,46.8,0.0,60.4,382.0,47.25,1295.0,33.462223,30.0
13.0,93.0,4.0,2.0,0.0,134.91,0.0,36.1,303.0,162.53,1282.0,50.050026,49.0
18.0,28.0,0.0,6.0,0.0,6.11,0.0,98.0,451.0,6.1,1713.0,42.28195,43.0
20.0,10.0,4.0,7.0,1.0,118.5,0.0,93.4,332.0,144.92,1866.0,74.00756,63.0
5.0,80.0,6.0,8.0,0.0,110.93,0.0,107.9,431.0,142.95,514.0,49.653976,51.0
22.0,98.0,1.0,3.0,0.0,72.48,0.0,49.1,160.0,81.85,1291.0,50.118587,52.0
11.0,22.0,0.0,2.0,0.0,59.58,1.0,39.2,436.0,75.87,1915.0,57.791733,63.0
23.0,57.0,5.0,12.0,0.0,123.15,0.0,53.5,271.0,159.13,1666.0,57.798203,54.0
17.0,60.0,1.0,1.0,0.0,87.47,1.0,38.5,440.0,88.43,844.0,55.233665,46.0
5.0,9.0,3.0,12.0,0.0,21.36,0.0,51.1,17.0,22.03,514.0,34.512558,29.0
13.0,98.0,5.0,3.0,0.0,73.81,0.0,70.8,376.0,68.32,1879.0,36.647346,37.0
14.0,70.0,3.0,8.0,0.0,38.79,1.0,83.4,411.0,42.32,1662.0,55.278824,49.0
19.0,36.0,5.0,9.0,0.0,62.33,1.0,78.9,186.0,58.59,143.0,49.657455,39.0
21.0,48.0,5.0,11.0,0.0,24.44,1.0,63.2,421.0,21.54,356.0,56.276505,55.0
25.0,21.0,2.0,5.0,0.0,82.63,1.0,69.3,144.0,93.52,65.0,51.985794,60.0
4.0,75.0,4.0,11.0,1.0,83.75,0.0,35.0,299.0,103.94,499.0,64.76519,74.0
23.0,3.0,6.0,4.0,0.0,48.12,0.0,75.6,453.0,61.79,243.0,39.35927,41.0
10.0,60.0,2.0,1.0,0.0,102.86,1.0,38.3,335.0,113.86,1585.0,64.268234,64.0
21.0,86.0,5.0,3.0,0.0,66.06,1.0,61.3,18.0,58.06,510.0,46.9699,41.0
7.0,42.0,3.0,7.0,0.0,127.62,0.0,95.9,383.0,117.43,1150.0,32.97577,33.0
3.0,56.0,6.0,11.0,1.0,55.34,1.0,41.1,62.0,64.61,1997.0,83.08592,88.0
16.0,57.0,2.0,5.0,0.0,135.93,1.0,86.0,279.0,143.23,1561.0,54.14154,45.0
9.0,36.0,5.0,9.0,0.0,134.88,0.0,73.4,224.0,153.25,1135.0,44.615692,36.0
12.0,54.0,3.0,4.0,0.0,50.94,0.0,71.5,167.0,59.08,228.0,41.61019,39.0
2.0,94.0,5.0,2.0,0.0,83.02,0.0,47.2,312.0,87.02,1897.0,41.917896,44.0
17.0,34.0,0.0,4.0,0.0,41.88,1.0,84.5,263.0,44.32,510.0,53.680664,53.0
8.0,36.0,1.0,11.0,0.0,8.63,1.0,65.0,450.0,9.21,573.0,60.132572,64.0
24.0,58.0,3.0,2.0,0.0,104.21,1.0,48.0,278.0,94.97,1411.0,54.494892,60.0
21.0,10.0,5.0,9.0,0.0,144.07,1.0,94.5,124.0,115.63,1938.0,48.499767,45.0
26.0,35.0,6.0,6.0,0.0,24.06,1.0,90.7,107.0,20.62,1336.0,46.758495,55.0
15.0,61.0,4.0,3.0,0.0,47.22,1.0,65.1,179.0,57.93,760.0,61.982185,67.0
9.0,85.0,0.0,12.0,0.0,106.76,1.0,40.1,430.0,98.44,1891.0,54.23654,47.0
20.0,83.0,0.0,3.0,0.0,24.28,0.0,61.6,412.0,31.49,906.0,25.808802,22.0
30.0,68.0,4.0,8.0,0.0,5.74,1.0,91.7,151.0,7.13,436.0,47.29706,53.0
25.0,41.0,1.0,11.0,0.0,18.7,1.0,42.5,168.0,20.87,1442.0,49.876396,50.0
22.0,74.0,4.0,4.0,0.0,114.38,1.0,60.2,305.0,141.55,1729.0,77.74156,83.0
16.0,90.0,2.0,6.0,0.0,11.73,0.0,85.3,194.0,13.04,1089.0,27.282959,31.0
30.0,33.0,1.0,6.0,0.0,117.07,0.0,97.1,405.0,141.24,1295.0,42.232124,40.0
7.0,65.0,3.0,12.0,0.0,148.62,1.0,42.7,353.0,167.0,1912.0,72.37261,61.0
17.0,64.0,2.0,4.0,0.0,125.21,0.0,75.1,407.0,132.08,1384.0,39.978226,43.0
6.0,84.0,4.0,3.0,0.0,140.64,1.0,48.0,182.0,175.77,609.0,74.59496,89.0
19.0,52.0,3.0,1.0,0.0,30.61,1.0,52.2,491.0,35.64,563.0,55.19786,53.0
1.0,89.0,2.0,3.0,0.0,119.82,0.0,60.1,166.0,125.02,1366.0,32.291656,35.0
20.0,45.0,4.0,5.0,0.0,56.25,1.0,86.5,132.0,47.03,1603.0,49.3371,40.0
18.0,89.0,2.0,5.0,0.0,27.01,0.0,63.3,491.0,25.58,1287.0,40.55803,45.0
23.0,82.0,2.0,1.0,0.0,140.96,0.0,63.5,461.0,171.77,177.0,45.01431,50.0
9.0,53.0,3.0,1.0,0.0,108.67,1.0,34.1,90.0,118.9,961.0,60.119846,60.0
20.0,22.0,0.0,1.0,0.0,13.2,0.0,64.4,344.0,12.97,702.0,26.222006,27.0
14.0,29.0,3.0,3.0,0.0,81.03,0.0,47.0,197.0,74.46,1149.0,34.33584,30.0
11.0,52.0,3.0,8.0,0.0,119.25,1.0,89.9,249.0,132.03,1817.0,59.032112,63.0
14.0,97.0,3.0,11.0,0.0,93.46,1.0,71.2,249.0,89.44,550.0,53.43022,59.0
20.0,88.0,5.0,1.0,0.0,77.43,0.0,36.4,123.0,75.86,1906.0,33.755474,34.0
25.0,75.0,4.0,5.0,0.0,142.58,0.0,86.8,88.0,185.07,1223.0,51.576454,55.0
11.0,5.0,0.0,4.0,0.0,123.97,1.0,74.9,269.0,110.04,1808.0,48.46691,57.0
29.0,97.0,3.0,12.0,0.0,93.33,0.0,48.1,82.0,76.21,991.0,33.23838,40.0
21.0,52.0,1.0,4.0,0.0,130.18,0.0,80.1,51.0,116.39,1037.0,25.649204,22.0
20.0,49.0,3.0,3.0,0.0,63.33,0.0,56.2,252.0,78.92,820.0,36.431046,43.0
26.0,36.0,2.0,6.0,0.0,70.73,1.0,93.8,450.0,58.18,1051.0,40.787716,31.0
26.0,62.0,4.0,4.0,0.0,94.48,0.0,72.2,302.0,97.85,1775.0,30.251497,26.0
9.0,69.0,3.0,4.0,0.0,148.2,0.0,52.6,185.0,128.78,1749.0,26.979383,26.0
22.0,42.0,5.0,3.0,0.0,104.93,1.0,55.0,119.0,93.09,1227.0,53.37495,50.0
7.0,10.0,2.0,5.0,0.0,54.2,1.0,71.9,272.0,59.64,1309.0,63.586296,57.0
30.0,77.0,0.0,5.0,0.0,33.5,1.0,93.2,319.0,30.69,860.0,52.66988,51.0
1.0,53.0,0.0,9.0,0.0,19.79,1.0,82.4,24.0,24.12,764.0,45.46108,47.0
28.0,32.0,1.0,8.0,0.0,69.18,1.0,83.5,87.0,65.9,1907.0,49.59904,46.0
30.0,52.0,2.0,12.0,1.0,60.11,0.0,52.5,408.0,51.03,129.0,59.04954,55.0
15.0,53.0,5.0,3.0,0.0,33.57,1.0,57.5,135.0,37.26,1105.0,60.346992,64.0
15.0,100.0,6.0,12.0,0.0,54.59,1.0,66.8,235.0,52.28,1586.0,56.265327,68.0
23.0,43.0,0.0,1.0,0.0,96.44,0.0,45.7,219.0,95.98,1590.0,35.809982,35.0
5.0,90.0,5.0,8.0,0.0,133.51,1.0,93.1,29.0,132.37,1430.0,58.0562,74.0
22.0,41.0,2.0,3.0,0.0,91.78,1.0,55.1,88.0,115.15,620.0,69.359314,68.0
28.0,14.0,1.0,7.0,0.0,100.69,1.0,99.9,372.0,98.8,272.0,44.190968,33.0
25.0,2.0,0.0,4.0,0.0,13.28,0.0,71.5,156.0,11.07,615.0,25.241589,22.0
20.0,35.0,2.0,3.0,0.0,141.56,1.0,58.2,21.0,119.73,1933.0,45.068317,33.0
14.0,29.0,0.0,2.0,0.0,83.43,0.0,43.6,164.0,82.58,162.0,33.60693,42.0
30.0,70.0,6.0,6.0,0.0,26.1,0.0,102.7,184.0,22.41,1467.0,29.65616,22.0
9.0,3.0,1.0,5.0,0.0,75.48,1.0,67.0,13.0,79.85,643.0,52.177666,65.0
6.0,86.0,1.0,9.0,0.0,94.67,1.0,81.8,195.0,100.27,913.0,65.18947,70.0
13.0,5.0,4.0,2.0,0.0,67.23,1.0,51.4,83.0,76.25,1778.0,61.003685,56.0
19.0,74.0,2.0,6.0,0.0,131.05,1.0,93.8,469.0,166.71,753.0,67.57444,72.0
22.0,98.0,1.0,1.0,0.0,14.99,0.0,67.0,151.0,15.24,1830.0,48.14385,52.0
3.0,19.0,3.0,3.0,0.0,149.96,0.0,53.0,110.0,192.52,821.0,51.802326,56.0
29.0,60.0,2.0,10.0,0.0,12.93,0.0,76.1,318.0,15.53,1919.0,43.010555,43.0
18.0,86.0,6.0,3.0,0.0,56.56,1.0,47.7,141.0,56.17,1733.0,60.21305,67.0
12.0,84.0,3.0,11.0,0.0,7.9,1.0,60.4,324.0,7.74,1182.0,63.38158,70.0
1.0,66.0,6.0,8.0,0.0,27.28,1.0,90.7,479.0,25.47,564.0,50.735966,39.0
3.0,97.0,3.0,5.0,0.0,113.24,0.0,74.2,144.0,132.64,405.0,48.60495,55.0
8.0,45.0,5.0,1.0,0.0,107.94,1.0,42.8,61.0,125.38,1478.0,70.457924,72.0
5.0,9.0,0.0,5.0,0.0,146.67,1.0,79.8,485.0,147.63,280.0,48.881104,55.0
4.0,84.0,0.0,8.0,0.0,118.58,0.0,96.7,329.0,136.9,1005.0,40.50645,41.0
24.0,55.0,3.0,2.0,0.0,43.52,1.0,50.4,361.0,38.38,1755.0,54.179115,54.0
17.0,21.0,3.0,8.0,0.0,44.24,0.0,100.7,301.0,43.48,1943.0,36.8123,36.0
8.0,94.0,5.0,5.0,0.0,52.37,1.0,89.7,14.0,66.16,689.0,66.0255,66.0
14.0,40.0,3.0,7.0,0.0,138.26,1.0,90.9,282.0,144.69,1467.0,59.41647,49.0
20.0,3.0,1.0,1.0,0.0,132.51,1.0,45.7,297.0,151.86,593.0,57.835735,41.0
10.0,84.0,3.0,3.0,0.0,94.79,0.0,59.8,249.0,99.48,1441.0,38.11983,39.0
8.0,21.0,5.0,12.0,0.0,124.16,0.0,52.5,475.0,131.9,605.0,41.44013,39.0
20.0,43.0,5.0,6.0,0.0,5.99,1.0,96.3,295.0,6.12,1673.0,45.88715,50.0
21.0,55.0,6.0,7.0,0.0,102.38,0.0,95.7,485.0,112.94,1184.0,37.50457,36.0
25.0,96.0,6.0,12.0,1.0,126.99,0.0,47.6,482.0,114.58,1085.0,57.534245,52.0
23.0,63.0,1.0,11.0,0.0,145.9,1.0,39.7,296.0,175.38,57.0,78.878784,79.0
3.0,50.0,0.0,1.0,0.0,144.96,0.0,40.8,310.0,149.31,900.0,42.418636,42.0
5.0,10.0,0.0,10.0,0.0,57.32,1.0,80.7,475.0,53.77,679.0,51.822258,48.0
6.0,52.0,6.0,1.0,0.0,115.85,0.0,42.0,92.0,128.81,743.0,45.2307,46.0
11.0,94.0,6.0,3.0,0.0,49.16,1.0,48.9,197.0,49.04,1006.0,56.73815,42.0
21.0,98.0,4.0,3.0,0.0,10.63,0.0,51.2,216.0,12.05,1134.0,35.46926,30.0
30.0,38.0,0.0,11.0,0.0,6.36,1.0,68.6,433.0,6.51,1868.0,56.79512,63.0
15.0,63.0,6.0,6.0,0.0,89.97,0.0,79.9,445.0,76.56,702.0,30.66026,28.0
23.0,51.0,0.0,1.0,0.0,114.87,1.0,45.0,459.0,96.6,1801.0,46.465965,61.0
1.0,92.0,0.0,6.0,0.0,139.97,1.0,94.7,171.0,115.92,1232.0,44.364246,32.0
4.0,1.0,3.0,5.0,0.0,75.22,0.0,67.4,320.0,81.45,1960.0,40.109562,36.0
10.0,31.0,1.0,1.0,0.0,147.55,1.0,36.3,281.0,181.35,1446.0,75.24691,73.0
24.0,36.0,4.0,11.0,0.0,77.35,1.0,50.4,362.0,92.53,276.0,57.234764,59.0
7.0,64.0,4.0,1.0,0.0,73.05,1.0,45.9,242.0,64.75,900.0,56.050526,59.0
23.0,73.0,4.0,2.0,0.0,125.07,0.0,76.2,119.0,147.53,1234.0,43.833565,50.0
4.0,97.0,1.0,6.0,0.0,125.77,0.0,102.3,235.0,113.86,1175.0,34.04484,26.0
12.0,84.0,6.0,11.0,0.0,116.56,0.0,58.3,490.0,121.16,1224.0,40.978565,39.0
17.0,82.0,6.0,10.0,0.0,79.16,0.0,63.9,228.0,67.24,234.0,27.43998,30.0
7.0,8.0,5.0,4.0,0.0,123.03,0.0,95.0,298.0,151.85,555.0,51.220703,57.0
17.0,46.0,3.0,8.0,0.0,114.26,1.0,93.7,218.0,128.33,801.0,59.788994,58.0
26.0,73.0,3.0,11.0,0.0,19.06,1.0,64.2,344.0,16.22,1604.0,50.79811,41.0
2.0,70.0,2.0,5.0,0.0,58.63,1.0,85.7,154.0,53.55,1826.0,58.609676,53.0
8.0,35.0,2.0,12.0,0.0,70.6,0.0,46.4,272.0,63.72,772.0,35.07863,41.0
7.0,55.0,3.0,9.0,0.0,29.72,0.0,84.9,159.0,36.1,305.0,40.555687,43.0
21.0,90.0,0.0,8.0,0.0,29.9,1.0,84.8,448.0,32.53,740.0,52.390766,66.0
11.0,98.0,0.0,3.0,0.0,90.44,0.0,66.0,248.0,110.44,1069.0,43.504105,43.0
25.0,41.0,3.0,11.0,0.0,124.47,0.0,54.9,226.0,120.62,1208.0,30.6227,31.0
25.0,53.0,2.0,7.0,0.0,25.46,1.0,93.8,379.0,22.19,369.0,50.608387,47.0
30.0,51.0,2.0,8.0,0.0,60.19,1.0,73.3,483.0,59.69,1273.0,54.00388,48.0
20.0,70.0,5.0,7.0,0.0,23.51,0.0,87.8,439.0,19.02,1698.0,23.026026,20.0
6.0,35.0,1.0,1.0,0.0,85.14,1.0,49.7,474.0,99.84,1516.0,71.522385,78.0
28.0,98.0,5.0,7.0,0.0,26.24,1.0,101.2,182.0,26.33,203.0,50.74783,49.0
2.0,13.0,4.0,7.0,0.0,71.79,1.0,99.0,72.0,74.7,1333.0,57.384132,59.0
29.0,10.0,3.0,7.0,1.0,52.98,0.0,102.0,11.0,47.75,60.0,58.063656,64.0
8.0,20.0,0.0,7.0,0.0,126.99,0.0,93.6,259.0,104.92,391.0,27.053951,27.0
30.0,31.0,4.0,1.0,0.0,14.67,0.0,45.4,323.0,17.15,1172.0,36.40544,34.0
30.0,90.0,6.0,1.0,0.0,106.89,1.0,41.0,210.0,129.56,724.0,58.341755,65.0
5.0,89.0,5.0,6.0,0.0,5.77,1.0,103.3,274.0,6.57,1653.0,54.585762,56.0
26.0,81.0,1.0,4.0,0.0,130.7,1.0,79.7,154.0,119.23,478.0,39.006344,46.0
25.0,59.0,6.0,3.0,0.0,128.7,0.0,41.4,269.0,149.08,215.0,38.373493,34.0
4.0,74.0,1.0,4.0,0.0,41.95,0.0,80.5,383.0,43.22,1026.0,31.937614,32.0
1.0,13.0,2.0,3.0,0.0,11.29,0.0,47.5,356.0,12.4,1759.0,28.258715,28.0
12.0,37.0,5.0,4.0,0.0,47.54,0.0,69.5,462.0,55.91,529.0,42.60678,46.0
3.0,50.0,4.0,9.0,0.0,79.45,1.0,63.8,461.0,84.92,1532.0,62.421684,64.0
22.0,46.0,1.0,2.0,0.0,103.31,1.0,37.0,180.0,128.95,789.0,67.37832,82.0
19.0,68.0,3.0,2.0,0.0,104.16,1.0,43.5,439.0,103.37,1799.0,56.096535,65.0
22.0,64.0,3.0,5.0,0.0,87.86,1.0,73.0,434.0,106.96,220.0,68.21218,71.0
7.0,52.0,5.0,3.0,0.0,135.25,0.0,68.2,478.0,172.19,1043.0,53.725174,53.0
8.0,3.0,6.0,6.0,0.0,76.11,0.0,97.6,120.0,98.91,1748.0,47.54163,49.0
14.0,66.0,0.0,5.0,0.0,100.08,0.0,75.4,256.0,117.1,1093.0,43.8376,44.0
25.0,64.0,5.0,1.0,0.0,132.53,0.0,45.4,337.0,163.92,1001.0,43.118572,42.0
5.0,45.0,1.0,1.0,0.0,49.43,1.0,31.5,394.0,40.32,605.0,60.52622,48.0
15.0,61.0,6.0,3.0,0.0,6.58,1.0,61.8,118.0,5.83,896.0,59.32776,46.0
17.0,48.0,1.0,2.0,0.0,28.39,0.0,38.7,340.0,35.23,894.0,39.747974,36.0
17.0,53.0,4.0,2.0,0.0,125.58,0.0,52.2,33.0,139.79,1772.0,39.65206,45.0
10.0,27.0,5.0,3.0,0.0,42.25,1.0,50.2,451.0,47.24,1628.0,59.43365,53.0
20.0,26.0,6.0,11.0,1.0,53.91,0.0,63.6,329.0,57.66,1553.0,62.40447,51.0
15.0,58.0,4.0,1.0,0.0,55.8,0.0,41.7,156.0,59.21,944.0,39.250233,39.0
11.0,51.0,2.0,4.0,0.0,11.36,0.0,70.9,338.0,9.81,245.0,30.837847,28.0
29.0,10.0,6.0,7.0,0.0,132.04,1.0,94.9,465.0,127.39,1635.0,55.434166,51.0
22.0,26.0,5.0,1.0,0.0,148.66,1.0,40.4,429.0,186.38,1306.0,76.96237,83.0
24.0,42.0,6.0,11.0,0.0,22.04,1.0,44.9,498.0,20.39,634.0,44.038395,37.0
10.0,74.0,5.0,6.0,0.0,64.42,1.0,101.2,92.0,71.92,234.0,59.015884,47.0
16.0,22.0,0.0,1.0,0.0,18.85,1.0,45.0,337.0,16.85,1846.0,46.418823,49.0
14.0,21.0,2.0,5.0,0.0,8.48,1.0,82.3,241.0,9.03,1187.0,51.568638,42.0
4.0,45.0,6.0,2.0,0.0,86.87,0.0,38.3,459.0,92.18,883.0,39.342014,33.0
21.0,6.0,1.0,7.0,0.0,89.53,1.0,95.4,109.0,91.53,1535.0,57.496067,44.0
9.0,84.0,2.0,2.0,0.0,89.79,1.0,59.9,41.0,101.7,1221.0,56.85771,64.0
7.0,67.0,6.0,12.0,0.0,116.64,0.0,55.1,341.0,137.18,1102.0,48.594826,46.0
9.0,20.0,0.0,8.0,0.0,86.01,1.0,99.0,374.0,72.44,820.0,46.646843,47.0
27.0,20.0,3.0,11.0,1.0,143.43,0.0,66.5,441.0,176.16,1470.0,74.89886,86.0
5.0,18.0,5.0,2.0,0.0,47.58,0.0,42.6,195.0,45.49,1853.0,37.274635,38.0
6.0,31.0,6.0,11.0,0.0,133.3,1.0,52.6,265.0,117.43,1382.0,59.70218,68.0
29.0,44.0,4.0,1.0,0.0,124.39,0.0,48.7,347.0,140.76,937.0,43.755577,46.0
25.0,65.0,0.0,7.0,0.0,79.86,0.0,95.6,205.0,73.02,69.0,20.091106,21.0
14.0,70.0,4.0,2.0,0.0,22.26,1.0,38.0,24.0,21.91,1761.0,50.15577,54.0
1.0,3.0,3.0,1.0,0.0,92.21,1.0,50.2,145.0,93.23,1029.0,47.571392,51.0
8.0,83.0,5.0,6.0,0.0,36.01,0.0,101.0,218.0,44.74,1124.0,37.3613,44.0
23.0,63.0,2.0,6.0,0.0,8.93,1.0,97.2,73.0,7.41,1445.0,60.403828,61.0
10.0,88.0,5.0,6.0,0.0,91.05,0.0,81.4,217.0,73.22,813.0,30.930494,29.0
16.0,23.0,3.0,1.0,0.0,15.03,1.0,63.8,105.0,18.11,1123.0,48.33218,46.0
2.0,71.0,0.0,2.0,0.0,69.66,1.0,50.4,234.0,64.72,223.0,54.645508,58.0
7.0,31.0,5.0,9.0,0.0,134.27,0.0,85.7,144.0,109.29,1957.0,33.848385,33.0
7.0,77.0,2.0,3.0,0.0,138.2,1.0,50.2,364.0,129.45,1849.0,53.010185,61.0
20.0,37.0,0.0,4.0,0.0,73.26,0.0,57.5,397.0,88.89,93.0,35.391335,33.0
2.0,9.0,5.0,2.0,0.0,109.41,0.0,53.8,188.0,114.89,906.0,37.56111,41.0
2.0,88.0,4.0,9.0,0.0,15.04,1.0,89.4,41.0,16.61,1193.0,61.49124,58.0
22.0,97.0,3.0,8.0,0.0,51.51,1.0,98.7,14.0,47.56,941.0,57.123817,50.0
5.0,61.0,1.0,1.0,0.0,103.59,0.0,38.1,59.0,134.05,1723.0,50.795315,56.0
22.0,74.0,5.0,9.0,0.0,114.8,1.0,88.8,398.0,126.96,946.0,64.05274,70.0
3.0,57.0,0.0,7.0,0.0,39.04,0.0,98.0,31.0,40.95,522.0,41.413406,42.0
22.0,74.0,0.0,2.0,0.0,84.83,0.0,42.2,120.0,78.01,1396.0,37.63967,35.0
30.0,78.0,5.0,5.0,0.0,26.91,0.0,84.2,276.0,26.39,1929.0,35.599808,36.0
13.0,75.0,1.0,1.0,0.0,77.11,0.0,45.0,446.0,63.41,754.0,28.822287,26.0
8.0,13.0,0.0,10.0,0.0,105.57,0.0,71.0,213.0,89.75,1134.0,28.688656,26.0
10.0,53.0,4.0,9.0,0.0,98.05,1.0,70.1,479.0,86.16,1820.0,54.40866,62.0
29.0,99.0,4.0,2.0,0.0,63.25,1.0,44.0,53.0,66.52,1452.0,50.15148,71.0
16.0,52.0,4.0,11.0,1.0,39.04,0.0,65.2,367.0,40.59,1251.0,57.49954,50.0
15.0,11.0,0.0,8.0,0.0,9.02,1.0,103.4,162.0,11.51,1486.0,56.237595,63.0
10.0,40.0,3.0,1.0,0.0,54.6,1.0,39.0,257.0,65.54,1673.0,64.49063,68.0
2.0,88.0,0.0,5.0,0.0,49.83,0.0,84.7,117.0,49.22,321.0,38.269573,41.0
5.0,11.0,6.0,1.0,0.0,67.17,0.0,41.5,396.0,70.97,143.0,32.732117,30.0
3.0,28.0,3.0,5.0,0.0,30.26,1.0,85.1,120.0,35.91,894.0,64.53684,57.0
3.0,44.0,6.0,2.0,0.0,115.9,1.0,33.9,441.0,147.27,1463.0,68.02125,71.0
20.0,56.0,5.0,11.0,0.0,116.38,1.0,58.7,166.0,99.6,1329.0,40.10716,23.0
6.0,48.0,3.0,2.0,0.0,101.89,1.0,48.3,441.0,129.79,1693.0,76.77293,81.0
19.0,84.0,1.0,8.0,0.0,44.12,1.0,112.1,87.0,55.47,131.0,62.74707,62.0
8.0,53.0,1.0,9.0,0.0,66.19,1.0,81.4,409.0,54.54,1774.0,58.451992,52.0
14.0,1.0,1.0,11.0,0.0,120.55,0.0,54.2,325.0,149.58,1481.0,49.83011,50.0
21.0,83.0,5.0,2.0,0.0,123.34,1.0,57.8,185.0,112.09,1111.0,47.853584,47.0
21.0,47.0,5.0,4.0,0.0,95.88,0.0,53.9,222.0,112.07,225.0,40.01515,46.0
8.0,58.0,5.0,4.0,0.0,8.6,1.0,64.5,367.0,9.37,1191.0,67.0397,62.0
6.0,57.0,5.0,10.0,0.0,45.64,0.0,63.1,349.0,40.69,1004.0,47.9665,42.0
17.0,96.0,5.0,10.0,0.0,101.69,1.0,65.2,18.0,105.73,629.0,54.203194,44.0
2.0,35.0,3.0,6.0,0.0,104.31,0.0,82.5,229.0,122.15,1428.0,47.427486,51.0
10.0,29.0,6.0,10.0,0.0,55.15,0.0,71.5,125.0,70.95,670.0,44.511795,54.0
25.0,81.0,6.0,4.0,0.0,117.27,1.0,88.1,412.0,137.09,1528.0,58.22078,62.0
16.0,84.0,6.0,2.0,0.0,51.04,1.0,64.4,135.0,42.41,1843.0,40.990597,32.0
17.0,10.0,1.0,1.0,0.0,99.4,1.0,56.9,369.0,91.81,1836.0,52.970196,51.0
6.0,35.0,0.0,11.0,0.0,119.65,1.0,57.4,404.0,133.45,1880.0,70.21589,74.0
10.0,41.0,1.0,3.0,0.0,132.75,0.0,46.5,323.0,136.91,1321.0,43.294933,40.0
18.0,41.0,0.0,5.0,0.0,61.39,0.0,98.4,279.0,55.34,465.0,32.024055,28.0
16.0,30.0,5.0,4.0,0.0,26.21,0.0,70.8,445.0,31.58,727.0,29.973894,26.0
3.0,4.0,4.0,1.0,0.0,138.53,0.0,49.6,111.0,170.47,790.0,53.86259,55.0
25.0,97.0,5.0,10.0,0.0,90.23,0.0,72.8,104.0,97.27,1155.0,36.161232,34.0
12.0,26.0,2.0,11.0,1.0,106.92,1.0,48.6,480.0,109.08,1032.0,83.17175,100.0
17.0,71.0,2.0,2.0,0.0,107.94,0.0,53.7,88.0,103.29,1920.0,34.217934,36.0
12.0,20.0,5.0,4.0,0.0,16.19,1.0,73.2,311.0,16.98,1170.0,59.081524,49.0
15.0,68.0,6.0,3.0,0.0,149.02,0.0,35.8,167.0,128.74,431.0,27.906498,22.0
28.0,87.0,5.0,11.0,0.0,87.07,0.0,53.3,324.0,103.55,1855.0,43.79622,42.0
11.0,86.0,5.0,4.0,0.0,45.45,1.0,68.7,24.0,47.37,1399.0,55.17039,50.0
14.0,54.0,4.0,1.0,0.0,95.09,0.0,39.2,307.0,95.79,209.0,33.46138,35.0
6.0,40.0,6.0,4.0,0.0,129.23,1.0,74.9,88.0,153.22,1698.0,79.44341,83.0
1.0,55.0,5.0,7.0,0.0,89.74,0.0,96.6,498.0,85.8,767.0,28.240042,27.0
24.0,81.0,5.0,2.0,0.0,52.69,1.0,37.9,443.0,53.02,1250.0,59.224445,63.0
2.0,56.0,2.0,4.0,0.0,146.73,1.0,76.2,327.0,161.57,563.0,59.19642,53.0
18.0,69.0,3.0,2.0,0.0,64.73,0.0,37.3,111.0,77.53,985.0,45.699535,45.0
16.0,20.0,5.0,2.0,0.0,124.92,0.0,48.0,302.0,102.35,1081.0,15.74844,6.0
5.0,97.0,4.0,2.0,0.0,55.17,1.0,45.9,50.0,45.63,1525.0,54.42612,43.0
29.0,67.0,2.0,10.0,0.0,105.48,1.0,76.9,55.0,97.53,796.0,55.10931,66.0
10.0,94.0,1.0,12.0,1.0,12.25,1.0,51.4,214.0,11.91,537.0,86.41911,93.0
8.0,79.0,4.0,6.0,0.0,137.56,1.0,97.7,245.0,177.11,731.0,77.180435,82.0
25.0,74.0,1.0,1.0,0.0,8.31,0.0,44.3,63.0,8.24,487.0,22.897465,23.0
18.0,11.0,2.0,1.0,0.0,30.74,1.0,49.2,67.0,30.29,1612.0,55.92077,62.0
10.0,57.0,3.0,6.0,0.0,125.67,0.0,82.6,366.0,105.2,1887.0,29.717216,29.0
21.0,52.0,0.0,11.0,0.0,63.48,1.0,60.6,237.0,69.1,1299.0,55.159935,56.0
13.0,27.0,4.0,6.0,0.0,61.44,1.0,74.6,129.0,67.08,384.0,52.06247,63.0
21.0,63.0,2.0,7.0,1.0,52.55,0.0,88.5,334.0,49.75,820.0,57.956745,67.0
16.0,37.0,4.0,1.0,0.0,50.15,1.0,51.8,109.0,43.34,442.0,40.062973,36.0
25.0,68.0,4.0,1.0,0.0,147.39,1.0,50.5,103.0,123.8,124.0,32.85952,27.0
30.0,43.0,5.0,12.0,0.0,63.53,1.0,48.0,383.0,76.9,72.0,54.793125,55.0
14.0,50.0,2.0,5.0,0.0,103.78,0.0,78.4,237.0,122.33,725.0,40.081486,44.0
19.0,65.0,6.0,6.0,0.0,56.25,1.0,72.9,287.0,50.93,1488.0,54.693718,41.0
6.0,35.0,4.0,3.0,0.0,47.21,1.0,60.3,28.0,43.16,1356.0,67.666504,61.0
29.0,33.0,2.0,1.0,0.0,100.29,1.0,46.2,217.0,95.25,1337.0,54.210888,57.0
5.0,48.0,5.0,8.0,0.0,111.33,1.0,76.7,308.0,141.03,1040.0,71.40992,71.0
2.0,82.0,1.0,12.0,0.0,90.59,1.0,45.5,49.0,93.1,1059.0,58.861046,53.0
27.0,5.0,1.0,4.0,0.0,63.52,1.0,77.5,70.0,63.98,615.0,57.349415,58.0
28.0,12.0,2.0,2.0,0.0,79.6,0.0,34.8,490.0,69.67,1638.0,31.051022,26.0
28.0,75.0,0.0,1.0,0.0,114.45,0.0,49.5,95.0,130.2,719.0,34.94452,44.0
1.0,22.0,3.0,1.0,0.0,33.74,0.0,33.7,158.0,37.7,1488.0,31.234583,30.0
26.0,28.0,0.0,4.0,0.0,29.69,1.0,68.4,241.0,36.77,1232.0,49.941715,46.0
13.0,27.0,2.0,3.0,0.0,67.62,1.0,65.8,258.0,59.81,892.0,46.882324,42.0
6.0,56.0,3.0,1.0,0.0,73.95,1.0,43.6,83.0,68.46,1855.0,65.083466,69.0
16.0,41.0,1.0,11.0,0.0,116.66,1.0,43.9,318.0,150.9,1451.0,65.60007,65.0
16.0,35.0,5.0,4.0,0.0,145.14,1.0,79.9,485.0,133.0,1975.0,48.164673,32.0
14.0,12.0,4.0,5.0,0.0,99.28,0.0,86.3,491.0,104.1,864.0,33.226738,32.0
3.0,91.0,4.0,4.0,0.0,6.92,0.0,75.1,134.0,5.55,169.0,37.195152,43.0
26.0,68.0,0.0,12.0,1.0,73.29,1.0,52.6,146.0,62.16,1197.0,68.35829,63.0
16.0,94.0,6.0,2.0,0.0,110.0,0.0,45.0,427.0,125.42,210.0,30.126072,27.0
27.0,35.0,6.0,11.0,0.0,99.01,0.0,51.6,211.0,93.77,1565.0,37.339527,37.0
22.0,76.0,2.0,3.0,0.0,9.88,1.0,62.9,411.0,11.58,774.0,63.194454,70.0
23.0,88.0,6.0,6.0,0.0,72.69,1.0,89.1,54.0,59.54,1213.0,50.355347,51.0
8.0,48.0,2.0,5.0,0.0,98.68,0.0,83.3,203.0,99.25,827.0,40.62704,39.0
21.0,30.0,4.0,12.0,0.0,41.81,0.0,47.5,146.0,45.1,1272.0,37.041626,36.0
17.0,26.0,1.0,2.0,0.0,15.55,1.0,53.6,370.0,13.08,734.0,59.3011,54.0
5.0,36.0,5.0,8.0,0.0,108.45,0.0,94.7,55.0,93.33,1035.0,29.459951,32.0
3.0,45.0,5.0,1.0,0.0,37.9,1.0,50.5,416.0,33.8,167.0,58.328262,51.0
16.0,72.0,4.0,6.0,0.0,44.86,0.0,100.1,395.0,36.59,1831.0,28.652424,26.0
21.0,23.0,3.0,12.0,0.0,124.55,1.0,42.4,196.0,134.55,703.0,56.078156,56.0
21.0,81.0,4.0,4.0,0.0,116.12,0.0,75.4,41.0,103.17,1243.0,27.860891,31.0
8.0,17.0,6.0,3.0,0.0,47.72,0.0,49.1,46.0,38.93,1795.0,36.603874,26.0
29.0,92.0,5.0,2.0,0.0,29.88,0.0,46.8,447.0,32.65,954.0,40.875908,34.0
21.0,49.0,4.0,3.0,0.0,135.6,1.0,50.2,337.0,114.41,1981.0,45.32248,52.0
20.0,93.0,6.0,11.0,0.0,8.16,0.0,60.0,405.0,7.65,1118.0,33.21566,33.0
19.0,90.0,4.0,11.0,1.0,144.99,1.0,55.4,320.0,133.37,1746.0,77.774536,76.0
10.0,80.0,4.0,9.0,0.0,43.59,0.0,79.9,66.0,46.82,892.0,40.975838,37.0
11.0,2.0,4.0,5.0,0.0,30.73,1.0,78.1,284.0,27.88,1121.0,46.57815,43.0
26.0,12.0,5.0,6.0,0.0,27.91,1.0,103.4,159.0,27.51,1040.0,42.855312,38.0
1.0,56.0,2.0,8.0,0.0,55.16,0.0,84.9,258.0,48.94,1182.0,26.100101,26.0
29.0,13.0,0.0,3.0,0.0,135.45,1.0,51.8,452.0,143.23,1108.0,55.012947,54.0
6.0,31.0,4.0,9.0,0.0,135.35,0.0,84.2,420.0,112.32,1047.0,36.58596,38.0
24.0,83.0,0.0,9.0,0.0,7.96,0.0,77.3,213.0,9.27,83.0,30.29067,22.0
24.0,97.0,6.0,11.0,1.0,120.75,1.0,69.8,302.0,136.22,754.0,80.07115,84.0
3.0,79.0,5.0,7.0,0.0,131.36,0.0,105.4,320.0,112.67,535.0,32.453934,24.0
5.0,87.0,5.0,9.0,0.0,91.0,1.0,76.2,489.0,86.75,751.0,53.934517,62.0
26.0,95.0,4.0,11.0,0.0,35.55,0.0,57.1,77.0,33.26,1246.0,26.50073,27.0
28.0,40.0,3.0,1.0,0.0,125.12,0.0,61.0,32.0,119.21,384.0,28.201818,23.0
18.0,77.0,2.0,6.0,0.0,34.14,0.0,80.6,226.0,31.04,66.0,35.457413,38.0
6.0,90.0,1.0,4.0,0.0,23.41,1.0,56.1,338.0,27.68,247.0,64.53096,58.0
30.0,27.0,3.0,5.0,0.0,17.14,0.0,92.7,420.0,20.55,1106.0,35.87175,35.0
30.0,27.0,1.0,4.0,0.0,58.09,0.0,78.5,214.0,69.99,641.0,39.66926,40.0
7.0,62.0,4.0,4.0,0.0,125.74,1.0,79.2,351.0,122.56,887.0,54.327778,45.0
5.0,54.0,0.0,3.0,0.0,71.82,0.0,53.0,93.0,77.64,1106.0,37.62565,36.0
25.0,12.0,2.0,2.0,0.0,146.17,1.0,38.9,475.0,144.49,1643.0,46.75502,41.0
29.0,31.0,6.0,5.0,0.0,63.31,0.0,81.6,476.0,65.76,429.0,40.580788,47.0
13.0,78.0,1.0,2.0,0.0,109.17,1.0,49.8,459.0,135.25,1625.0,69.30319,72.0
10.0,35.0,3.0,3.0,0.0,38.4,0.0,55.2,271.0,39.98,686.0,39.838234,36.0
21.0,5.0,1.0,5.0,0.0,146.16,1.0,78.6,220.0,126.08,1080.0,45.581642,49.0
29.0,34.0,6.0,4.0,0.0,104.6,0.0,72.7,122.0,118.2,613.0,43.739796,43.0
15.0,67.0,5.0,1.0,0.0,149.25,0.0,50.9,200.0,192.44,1744.0,57.254402,54.0
3.0,78.0,6.0,1.0,0.0,84.73,0.0,38.9,229.0,102.59,811.0,46.401844,48.0
5.0,4.0,5.0,4.0,0.0,95.01,0.0,63.7,406.0,77.5,159.0,26.294106,23.0
2.0,66.0,5.0,7.0,0.0,149.83,1.0,109.4,233.0,167.22,1109.0,65.553,67.0
5.0,50.0,0.0,6.0,0.0,120.36,0.0,88.3,416.0,141.64,644.0,42.08737,44.0
17.0,50.0,1.0,4.0,0.0,72.37,1.0,75.5,299.0,65.98,1182.0,51.153244,60.0
20.0,63.0,3.0,7.0,1.0,128.58,1.0,75.2,469.0,110.53,1780.0,67.45236,82.0
2.0,86.0,1.0,1.0,0.0,61.45,1.0,53.0,267.0,73.72,651.0,61.47297,67.0
6.0,50.0,3.0,5.0,0.0,143.57,1.0,89.1,206.0,174.16,681.0,76.566086,81.0
20.0,6.0,0.0,3.0,0.0,115.49,0.0,60.5,120.0,141.02,318.0,37.676216,33.0
29.0,39.0,6.0,3.0,0.0,86.86,0.0,57.8,68.0,75.72,1833.0,37.16279,37.0
13.0,58.0,1.0,4.0,0.0,121.48,0.0,66.8,118.0,102.64,1429.0,28.61327,35.0
28.0,88.0,5.0,1.0,0.0,70.19,0.0,48.0,250.0,59.21,1466.0,32.03562,33.0
14.0,71.0,1.0,4.0,0.0,114.96,1.0,68.4,413.0,136.27,991.0,64.09808,63.0
23.0,91.0,2.0,3.0,0.0,141.95,1.0,54.0,159.0,122.44,422.0,50.93922,52.0
16.0,13.0,5.0,10.0,0.0,130.01,0.0,70.7,323.0,111.84,1007.0,16.174047,12.0
5.0,77.0,5.0,5.0,0.0,35.22,0.0,85.1,188.0,30.98,994.0,36.505344,37.0
18.0,81.0,3.0,11.0,0.0,56.53,1.0,59.8,84.0,62.14,628.0,64.567696,76.0
19.0,46.0,2.0,3.0,0.0,122.43,1.0,67.8,47.0,135.72,406.0,55.264824,55.0
22.0,50.0,5.0,8.0,0.0,79.58,1.0,91.9,344.0,88.58,540.0,61.736855,73.0
11.0,88.0,5.0,2.0,0.0,48.12,1.0,45.6,29.0,52.03,506.0,53.70535,62.0
4.0,100.0,5.0,5.0,0.0,118.1,0.0,82.5,348.0,104.28,1908.0,28.544693,28.0
6.0,49.0,3.0,2.0,0.0,52.16,1.0,50.1,68.0,56.95,175.0,69.75229,75.0
24.0,72.0,1.0,2.0,0.0,27.56,0.0,58.7,169.0,24.2,109.0,31.490776,32.0
25.0,44.0,3.0,4.0,0.0,14.67,1.0,72.4,73.0,18.19,1316.0,46.203873,40.0
24.0,36.0,2.0,12.0,0.0,76.65,0.0,41.8,229.0,68.11,1772.0,35.291306,28.0
4.0,86.0,3.0,5.0,0.0,107.09,0.0,80.2,167.0,125.33,982.0,42.44838,39.0
5.0,96.0,3.0,12.0,0.0,140.37,0.0,47.1,258.0,142.71,1005.0,35.499462,37.0
5.0,58.0,1.0,8.0,0.0,88.25,0.0,108.9,231.0,74.33,845.0,32.499924,28.0
18.0,81.0,3.0,4.0,0.0,120.92,0.0,62.1,42.0,122.41,451.0,34.385117,36.0
7.0,33.0,5.0,12.0,0.0,121.0,0.0,50.7,417.0,125.46,384.0,39.534134,34.0
4.0,65.0,5.0,4.0,0.0,139.87,0.0,72.7,32.0,158.52,96.0,40.09218,37.0
24.0,45.0,0.0,2.0,0.0,46.34,0.0,46.1,72.0,54.72,1903.0,41.891525,42.0
4.0,13.0,3.0,12.0,0.0,105.53,0.0,57.7,311.0,117.9,1685.0,38.103954,36.0
6.0,31.0,2.0,11.0,1.0,89.62,0.0,66.7,248.0,79.43,151.0,57.08882,59.0
10.0,38.0,0.0,2.0,0.0,31.97,1.0,46.6,64.0,27.52,1043.0,56.71809,49.0
19.0,79.0,3.0,4.0,0.0,68.82,1.0,64.2,78.0,74.54,1369.0,54.99939,65.0
30.0,91.0,3.0,1.0,0.0,83.75,0.0,51.5,291.0,92.88,1813.0,40.868748,36.0
19.0,83.0,0.0,4.0,0.0,68.55,0.0,69.9,411.0,64.05,1223.0,33.40773,28.0
9.0,69.0,6.0,5.0,0.0,14.37,0.0,84.6,171.0,11.56,591.0,34.043526,35.0
15.0,22.0,0.0,10.0,0.0,76.97,0.0,66.7,300.0,92.16,377.0,37.3484,40.0
29.0,46.0,6.0,6.0,0.0,59.57,0.0,100.3,72.0,58.41,1707.0,41.17109,37.0
9.0,32.0,1.0,1.0,0.0,65.77,0.0,34.5,187.0,79.41,1390.0,39.123886,36.0
5.0,54.0,2.0,8.0,0.0,44.59,0.0,86.0,386.0,52.49,1586.0,39.155556,46.0
28.0,97.0,3.0,10.0,0.0,26.65,1.0,63.9,113.0,30.07,637.0,56.004414,49.0
11.0,1.0,0.0,11.0,0.0,34.18,1.0,64.3,120.0,41.79,157.0,55.5223,44.0
19.0,11.0,3.0,12.0,0.0,96.61,0.0,39.0,472.0,90.98,1620.0,37.266075,28.0
6.0,66.0,0.0,11.0,0.0,62.44,0.0,48.2,281.0,57.64,898.0,41.775246,42.0
21.0,68.0,5.0,2.0,0.0,137.97,1.0,44.9,104.0,137.79,361.0,53.448692,60.0
27.0,93.0,5.0,3.0,0.0,68.99,1.0,69.0,461.0,56.68,1831.0,55.719376,49.0
19.0,14.0,5.0,4.0,0.0,142.63,0.0,71.2,268.0,140.63,1821.0,32.36914,36.0
24.0,65.0,2.0,8.0,0.0,6.05,0.0,85.6,184.0,7.43,1188.0,33.506104,37.0
7.0,28.0,3.0,2.0,0.0,95.01,0.0,52.1,60.0,106.77,1880.0,48.541332,49.0
5.0,7.0,2.0,8.0,0.0,80.73,1.0,83.0,99.0,76.83,1640.0,58.68336,62.0
10.0,89.0,3.0,1.0,0.0,33.34,1.0,48.6,373.0,36.67,357.0,56.379425,51.0
17.0,86.0,6.0,2.0,0.0,36.24,0.0,52.4,424.0,40.9,1199.0,33.623234,29.0
27.0,30.0,6.0,1.0,0.0,112.56,1.0,57.2,155.0,125.97,693.0,61.028484,64.0
23.0,28.0,5.0,4.0,0.0,35.81,0.0,89.4,430.0,37.66,374.0,34.814217,37.0
12.0,86.0,6.0,3.0,0.0,91.64,1.0,64.3,431.0,82.72,1987.0,52.408787,67.0
25.0,34.0,6.0,4.0,0.0,41.36,1.0,80.9,146.0,38.13,52.0,41.873436,40.0
20.0,70.0,3.0,3.0,0.0,78.23,0.0,50.9,482.0,80.7,1400.0,29.184944,18.0
27.0,19.0,6.0,9.0,0.0,105.91,0.0,101.1,51.0,105.6,857.0,34.8738,28.0
20.0,38.0,3.0,11.0,0.0,95.19,1.0,62.6,431.0,115.98,895.0,60.658287,54.0
4.0,83.0,5.0,3.0,0.0,85.17,0.0,58.0,386.0,95.16,260.0,37.03981,30.0
13.0,11.0,1.0,2.0,0.0,98.66,1.0,47.4,136.0,90.93,1298.0,50.648476,49.0
7.0,82.0,3.0,12.0,0.0,109.76,1.0,43.8,484.0,125.15,257.0,60.865044,74.0
17.0,76.0,2.0,8.0,0.0,54.02,1.0,86.7,109.0,45.43,1203.0,50.840492,42.0
24.0,79.0,6.0,1.0,0.0,17.51,1.0,38.1,293.0,19.09,1656.0,62.707977,54.0
6.0,22.0,0.0,1.0,0.0,121.46,0.0,47.4,149.0,137.91,386.0,48.37115,51.0
10.0,69.0,6.0,3.0,0.0,95.59,1.0,56.6,48.0,81.47,110.0,47.723873,54.0
9.0,11.0,4.0,11.0,1.0,110.74,0.0,64.1,423.0,128.81,1099.0,70.072,68.0
7.0,43.0,2.0,6.0,0.0,119.06,0.0,92.5,208.0,144.62,1336.0,47.014034,50.0
7.0,17.0,3.0,4.0,0.0,102.52,0.0,70.5,313.0,118.67,1803.0,49.192005,49.0
9.0,94.0,5.0,1.0,0.0,41.65,0.0,56.3,125.0,40.65,1091.0,35.45217,32.0
11.0,83.0,1.0,1.0,0.0,144.17,0.0,55.4,408.0,182.8,634.0,50.01567,51.0
4.0,51.0,5.0,5.0,0.0,8.97,0.0,77.8,283.0,7.48,783.0,32.29461,28.0
17.0,81.0,2.0,10.0,0.0,113.67,0.0,70.9,191.0,139.96,123.0,44.08542,47.0
9.0,95.0,5.0,2.0,0.0,76.04,1.0,36.9,366.0,65.12,531.0,41.50525,45.0
13.0,25.0,5.0,3.0,0.0,6.78,0.0,59.5,320.0,8.67,438.0,29.909193,40.0
26.0,92.0,0.0,7.0,0.0,59.35,0.0,96.5,409.0,50.95,1440.0,22.31327,18.0
17.0,79.0,2.0,3.0,0.0,121.05,0.0,46.6,491.0,140.64,752.0,41.4713,42.0
4.0,4.0,5.0,4.0,0.0,38.57,1.0,70.6,185.0,40.48,56.0,53.3883,60.0
26.0,39.0,3.0,4.0,0.0,53.29,0.0,75.2,395.0,62.74,1232.0,30.459032,32.0
4.0,24.0,6.0,1.0,0.0,62.79,0.0,37.1,229.0,71.02,904.0,32.025337,35.0
27.0,52.0,4.0,3.0,0.0,24.73,1.0,47.3,215.0,31.96,1892.0,60.828533,54.0
21.0,21.0,3.0,7.0,0.0,89.94,1.0,110.1,471.0,94.49,1718.0,58.95228,50.0
22.0,3.0,0.0,8.0,0.0,61.35,1.0,91.6,431.0,72.8,902.0,61.4751,66.0
5.0,52.0,3.0,7.0,0.0,88.51,0.0,96.4,470.0,114.7,655.0,42.550323,43.0
12.0,46.0,6.0,12.0,0.0,62.96,1.0,52.2,251.0,53.54,95.0,49.945164,41.0
18.0,64.0,5.0,1.0,0.0,144.11,1.0,33.8,362.0,179.4,1250.0,75.364555,71.0
13.0,87.0,4.0,4.0,0.0,119.36,1.0,71.3,172.0,120.28,1340.0,57.63784,54.0
13.0,48.0,5.0,4.0,0.0,92.71,0.0,65.9,271.0,91.96,1968.0,37.347965,38.0
9.0,82.0,5.0,3.0,0.0,86.73,1.0,50.6,453.0,87.87,1554.0,59.33416,66.0
28.0,77.0,2.0,2.0,0.0,81.73,1.0,59.0,233.0,76.63,1197.0,51.200336,50.0
10.0,10.0,0.0,2.0,0.0,134.36,1.0,51.0,38.0,134.31,1604.0,57.07902,51.0
30.0,20.0,6.0,1.0,0.0,100.26,1.0,37.1,373.0,123.01,139.0,57.809036,54.0
29.0,31.0,4.0,2.0,0.0,102.16,0.0,51.7,95.0,107.55,1834.0,47.18505,49.0
28.0,45.0,3.0,1.0,0.0,108.38,0.0,42.5,59.0,109.84,1585.0,35.576855,39.0
2.0,74.0,1.0,4.0,0.0,116.43,0.0,70.0,489.0,137.37,1435.0,45.919174,45.0
1.0,26.0,1.0,4.0,0.0,76.86,1.0,65.5,87.0,85.89,934.0,58.522423,58.0
21.0,5.0,0.0,5.0,0.0,21.69,0.0,87.5,275.0,18.65,1144.0,34.673218,32.0
27.0,93.0,4.0,5.0,0.0,55.56,0.0,90.4,212.0,46.99,207.0,33.083805,34.0
27.0,43.0,3.0,2.0,0.0,29.4,1.0,41.1,44.0,29.45,927.0,49.51204,47.0
13.0,18.0,3.0,3.0,0.0,15.59,1.0,52.5,145.0,12.76,1388.0,57.08,58.0
18.0,5.0,5.0,7.0,0.0,109.78,1.0,89.0,62.0,130.25,298.0,62.70278,66.0
20.0,85.0,3.0,4.0,0.0,39.78,1.0,64.6,253.0,48.76,403.0,49.681973,58.0
16.0,88.0,1.0,8.0,0.0,149.68,1.0,77.0,300.0,162.41,629.0,57.39231,40.0
30.0,53.0,1.0,4.0,0.0,125.67,0.0,70.6,44.0,156.77,1009.0,48.235947,51.0
13.0,19.0,4.0,3.0,0.0,125.81,1.0,61.4,201.0,142.6,578.0,58.798077,63.0
29.0,56.0,5.0,10.0,0.0,52.29,0.0,62.2,329.0,55.35,475.0,41.89218,36.0
19.0,92.0,1.0,4.0,0.0,78.66,0.0,69.4,329.0,86.08,772.0,36.677628,36.0
30.0,94.0,4.0,5.0,0.0,100.06,0.0,82.2,305.0,127.11,687.0,47.672733,46.0
5.0,40.0,5.0,6.0,0.0,108.99,1.0,77.5,34.0,119.53,1031.0,57.729313,70.0
16.0,57.0,1.0,2.0,0.0,36.68,0.0,57.6,273.0,35.25,1846.0,28.053423,28.0
14.0,84.0,4.0,10.0,0.0,132.49,1.0,56.4,211.0,110.3,1450.0,41.528404,35.0
23.0,62.0,2.0,5.0,0.0,134.47,0.0,90.8,193.0,141.57,590.0,39.617447,31.0
28.0,63.0,0.0,1.0,0.0,143.55,0.0,34.8,314.0,153.97,1958.0,41.864456,45.0
15.0,49.0,6.0,10.0,0.0,149.76,1.0,87.6,422.0,148.22,418.0,57.32345,50.0
11.0,88.0,2.0,4.0,0.0,76.61,1.0,58.6,347.0,95.97,300.0,60.20562,68.0
17.0,78.0,4.0,6.0,0.0,48.08,0.0,95.0,340.0,42.74,699.0,30.772911,27.0
23.0,25.0,6.0,9.0,0.0,50.97,0.0,79.6,240.0,42.8,1305.0,35.61201,34.0
6.0,85.0,4.0,2.0,0.0,32.94,0.0,40.7,23.0,26.38,439.0,41.39104,39.0
17.0,15.0,0.0,5.0,0.0,48.85,0.0,80.8,311.0,55.79,1527.0,39.23575,39.0
7.0,61.0,0.0,2.0,0.0,76.55,1.0,36.3,178.0,89.23,1477.0,71.334755,83.0
9.0,50.0,6.0,5.0,0.0,28.59,0.0,73.8,145.0,25.14,1783.0,33.717224,32.0
25.0,40.0,0.0,10.0,0.0,38.02,0.0,78.6,355.0,43.69,1367.0,33.93329,38.0
24.0,82.0,5.0,1.0,0.0,46.82,1.0,38.9,449.0,44.68,1227.0,57.192505,53.0
7.0,8.0,4.0,9.0,0.0,114.27,1.0,85.2,264.0,143.51,1473.0,73.86043,74.0
14.0,51.0,6.0,10.0,0.0,111.32,0.0,53.5,212.0,140.0,332.0,44.618126,41.0
25.0,56.0,6.0,5.0,0.0,129.45,1.0,93.8,399.0,136.12,864.0,48.8897,49.0
10.0,81.0,6.0,9.0,0.0,48.35,0.0,78.1,187.0,56.7,1558.0,43.862614,46.0
20.0,17.0,1.0,10.0,0.0,71.0,1.0,60.8,27.0,62.72,1589.0,41.160755,45.0
21.0,15.0,3.0,2.0,0.0,63.69,0.0,48.7,142.0,61.55,1972.0,34.38316,33.0
3.0,14.0,4.0,1.0,0.0,34.89,0.0,41.3,303.0,28.6,1195.0,37.703136,39.0
1.0,1.0,3.0,3.0,0.0,90.04,0.0,71.6,17.0,81.87,822.0,24.93537,21.0
9.0,54.0,2.0,4.0,0.0,105.7,0.0,75.1,225.0,93.74,1769.0,28.8465,31.0
11.0,46.0,6.0,4.0,0.0,143.3,0.0,79.5,50.0,134.89,793.0,26.961185,22.0
15.0,81.0,4.0,8.0,0.0,110.13,1.0,96.5,122.0,113.98,1067.0,57.54334,61.0
15.0,99.0,6.0,10.0,0.0,137.78,1.0,83.9,234.0,145.73,1673.0,60.51494,61.0
5.0,76.0,6.0,1.0,0.0,92.41,1.0,41.5,440.0,96.44,1754.0,58.72705,47.0
25.0,66.0,5.0,10.0,0.0,139.42,0.0,68.1,250.0,128.13,1485.0,29.020657,21.0
16.0,97.0,5.0,11.0,0.0,133.74,0.0,64.3,200.0,134.64,970.0,32.56996,30.0
2.0,38.0,4.0,6.0,0.0,16.16,1.0,88.1,442.0,14.96,884.0,56.1596,53.0
6.0,74.0,0.0,12.0,1.0,130.34,0.0,54.3,206.0,110.11,1166.0,54.646435,48.0
22.0,58.0,6.0,9.0,0.0,131.58,0.0,85.4,378.0,156.53,849.0,53.669373,58.0
21.0,57.0,5.0,3.0,0.0,36.82,0.0,53.0,416.0,30.67,482.0,31.58327,27.0
11.0,32.0,2.0,2.0,0.0,103.71,0.0,52.7,326.0,122.13,1929.0,43.245544,44.0
1.0,41.0,2.0,2.0,0.0,114.75,1.0,37.2,104.0,111.2,256.0,39.206467,38.0
20.0,97.0,4.0,12.0,1.0,18.23,1.0,61.7,152.0,20.88,291.0,82.29065,70.0
5.0,35.0,3.0,8.0,0.0,27.16,0.0,107.6,252.0,28.62,1207.0,38.135456,35.0
14.0,11.0,5.0,5.0,0.0,104.87,0.0,91.8,204.0,116.85,500.0,37.812492,36.0
19.0,70.0,3.0,8.0,0.0,53.13,1.0,75.5,289.0,56.67,762.0,51.72933,62.0
8.0,38.0,2.0,9.0,0.0,88.27,1.0,83.1,474.0,112.63,103.0,57.276035,70.0
24.0,99.0,3.0,9.0,0.0,43.29,1.0,73.7,310.0,45.34,443.0,53.825146,60.0
27.0,91.0,4.0,3.0,0.0,124.32,0.0,50.3,95.0,157.16,1458.0,50.571835,50.0
25.0,35.0,5.0,3.0,0.0,74.29,1.0,55.4,485.0,64.7,1310.0,42.46923,43.0
29.0,95.0,6.0,2.0,0.0,66.64,0.0,52.0,379.0,60.69,1534.0,39.54622,39.0
11.0,65.0,6.0,6.0,0.0,40.48,1.0,78.0,208.0,37.21,852.0,48.275387,56.0
13.0,47.0,1.0,9.0,0.0,6.72,0.0,85.7,61.0,6.36,1171.0,38.322582,36.0
10.0,3.0,0.0,1.0,0.0,149.0,0.0,39.3,275.0,161.2,1252.0,44.16552,43.0
10.0,52.0,3.0,11.0,1.0,141.09,0.0,64.9,340.0,113.23,989.0,54.51056,36.0
2.0,63.0,1.0,1.0,0.0,145.35,1.0,47.5,135.0,181.0,518.0,71.44841,76.0
24.0,89.0,2.0,8.0,0.0,63.1,0.0,91.8,26.0,80.5,831.0,42.048885,41.0
19.0,33.0,4.0,3.0,0.0,93.61,1.0,50.9,324.0,90.8,1533.0,54.716156,47.0
26.0,84.0,0.0,7.0,0.0,67.59,0.0,94.0,59.0,58.01,1659.0,25.261524,24.0
19.0,8.0,5.0,2.0,0.0,104.11,1.0,62.6,154.0,130.55,1872.0,71.28787,73.0
6.0,78.0,1.0,10.0,0.0,95.48,1.0,76.1,82.0,106.15,775.0,71.63637,78.0
20.0,57.0,3.0,5.0,0.0,107.55,0.0,70.0,444.0,109.15,832.0,29.900911,29.0
29.0,7.0,4.0,12.0,1.0,24.67,0.0,58.2,254.0,31.83,450.0,64.14726,60.0
11.0,10.0,3.0,1.0,0.0,103.18,1.0,37.9,114.0,90.76,1104.0,48.249153,39.0
14.0,2.0,1.0,9.0,0.0,83.13,1.0,103.0,125.0,92.57,1697.0,58.006237,58.0
5.0,38.0,1.0,9.0,0.0,127.97,0.0,68.7,45.0,166.26,1803.0,57.80225,51.0
9.0,84.0,5.0,8.0,0.0,100.07,0.0,94.5,248.0,128.2,1373.0,47.61519,45.0
26.0,77.0,2.0,6.0,0.0,38.07,0.0,86.3,88.0,47.97,1356.0,32.23915,36.0
12.0,35.0,1.0,2.0,0.0,67.69,1.0,48.0,44.0,84.71,1439.0,67.77393,68.0
16.0,89.0,6.0,3.0,0.0,42.75,1.0,54.3,120.0,38.03,1341.0,44.298744,45.0
24.0,7.0,6.0,3.0,0.0,71.2,1.0,56.1,266.0,80.56,1517.0,59.09823,52.0
5.0,62.0,6.0,4.0,0.0,95.12,0.0,66.3,26.0,119.81,322.0,47.112057,45.0
27.0,49.0,5.0,1.0,0.0,130.84,0.0,46.2,179.0,149.17,451.0,45.193832,48.0
10.0,91.0,3.0,4.0,0.0,71.08,1.0,60.0,121.0,86.96,141.0,62.92685,54.0
2.0,44.0,6.0,3.0,0.0,34.84,1.0,50.8,392.0,38.35,918.0,60.0782,56.0
14.0,69.0,3.0,7.0,0.0,24.49,1.0,102.7,499.0,22.28,534.0,53.86581,47.0
25.0,67.0,0.0,5.0,0.0,111.51,0.0,76.6,25.0,124.22,1953.0,39.489418,37.0
11.0,69.0,3.0,5.0,0.0,136.03,1.0,82.0,203.0,120.57,1295.0,44.1614,51.0
11.0,32.0,6.0,10.0,0.0,119.97,1.0,68.6,466.0,147.39,1235.0,64.79949,64.0
2.0,55.0,6.0,6.0,0.0,107.25,0.0,88.2,370.0,91.97,144.0,26.546291,28.0
3.0,19.0,6.0,9.0,0.0,78.15,1.0,79.7,400.0,88.51,1776.0,69.92192,64.0
11.0,61.0,1.0,11.0,0.0,98.16,0.0,51.8,440.0,87.63,1272.0,33.077026,32.0
30.0,93.0,5.0,10.0,0.0,14.01,0.0,69.7,354.0,11.45,1117.0,33.44251,32.0
16.0,31.0,4.0,4.0,0.0,87.85,1.0,65.0,46.0,85.33,1031.0,45.164574,58.0
17.0,28.0,1.0,2.0,0.0,90.76,1.0,42.0,382.0,112.79,1540.0,65.641464,70.0
2.0,84.0,6.0,7.0,0.0,39.78,1.0,95.5,194.0,44.34,1169.0,58.858772,67.0
3.0,56.0,5.0,5.0,0.0,107.02,0.0,78.3,381.0,89.64,449.0,28.27214,25.0
16.0,47.0,6.0,5.0,0.0,116.51,1.0,93.9,381.0,136.33,1719.0,60.00061,62.0
7.0,32.0,6.0,2.0,0.0,61.63,0.0,45.1,102.0,56.26,847.0,35.347054,29.0
17.0,94.0,3.0,12.0,0.0,45.6,1.0,56.5,233.0,41.36,670.0,53.821213,57.0
24.0,34.0,3.0,11.0,1.0,126.59,1.0,60.0,114.0,136.06,478.0,80.8864,70.0
18.0,22.0,3.0,12.0,1.0,91.08,0.0,58.8,105.0,117.25,115.0,63.459923,81.0
5.0,45.0,5.0,7.0,0.0,121.01,1.0,96.8,223.0,125.91,1155.0,56.752235,57.0
15.0,73.0,6.0,9.0,0.0,71.13,0.0,81.0,450.0,58.66,705.0,28.355873,23.0
8.0,16.0,1.0,10.0,0.0,56.23,1.0,73.7,400.0,64.8,1311.0,62.1777,69.0
2.0,95.0,3.0,2.0,0.0,21.98,1.0,48.6,368.0,21.97,1968.0,58.558685,52.0
27.0,90.0,4.0,5.0,0.0,97.17,1.0,85.7,164.0,86.76,1423.0,53.527744,44.0
14.0,42.0,2.0,6.0,0.0,23.59,0.0,91.7,328.0,22.46,1216.0,33.53766,30.0
8.0,45.0,3.0,4.0,0.0,11.88,1.0,89.8,154.0,9.73,776.0,60.084335,66.0
9.0,76.0,1.0,4.0,0.0,39.54,1.0,71.0,43.0,41.23,586.0,49.043594,56.0
30.0,68.0,2.0,2.0,0.0,17.68,1.0,42.7,117.0,20.62,1236.0,56.826633,49.0
2.0,49.0,2.0,12.0,1.0,61.18,1.0,50.8,269.0,56.57,1341.0,86.766304,71.0
14.0,83.0,2.0,3.0,0.0,37.56,1.0,56.9,134.0,42.38,1594.0,58.583576,50.0
19.0,45.0,1.0,4.0,0.0,80.14,0.0,82.5,397.0,73.72,1556.0,34.607265,33.0
23.0,62.0,3.0,6.0,0.0,149.34,0.0,75.7,100.0,141.17,1772.0,32.046967,34.0
14.0,42.0,0.0,9.0,0.0,118.44,1.0,83.9,390.0,119.16,788.0,50.21832,41.0
21.0,23.0,2.0,2.0,0.0,141.6,1.0,47.9,82.0,182.71,558.0,66.91609,77.0
1.0,55.0,1.0,12.0,1.0,7.8,0.0,60.1,56.0,6.83,1164.0,52.73467,51.0
18.0,38.0,2.0,12.0,0.0,8.72,1.0,33.8,493.0,10.25,1429.0,54.74568,68.0
2.0,79.0,3.0,10.0,0.0,49.46,1.0,67.6,293.0,51.53,146.0,53.99364,53.0
11.0,53.0,2.0,11.0,1.0,78.77,0.0,71.9,22.0,100.51,1973.0,68.55275,68.0
26.0,8.0,3.0,8.0,0.0,47.16,1.0,102.0,295.0,45.95,1758.0,46.58403,57.0
10.0,42.0,6.0,4.0,0.0,143.39,0.0,72.3,361.0,148.5,1488.0,41.2722,34.0
22.0,54.0,3.0,10.0,0.0,119.4,1.0,60.0,350.0,117.21,1209.0,58.046356,48.0
7.0,16.0,5.0,5.0,0.0,103.59,1.0,71.8,251.0,114.28,1517.0,63.917824,52.0
24.0,6.0,1.0,2.0,0.0,98.25,0.0,48.7,267.0,109.0,507.0,35.156036,39.0
8.0,71.0,3.0,4.0,0.0,49.69,1.0,64.6,441.0,61.31,1182.0,67.204155,74.0
15.0,72.0,3.0,5.0,0.0,85.5,0.0,99.6,380.0,90.0,686.0,38.544632,41.0
18.0,45.0,2.0,9.0,0.0,124.5,0.0,109.1,92.0,138.79,1712.0,48.614044,51.0
13.0,83.0,0.0,5.0,0.0,33.35,1.0,67.9,83.0,40.1,315.0,50.052082,58.0
21.0,6.0,1.0,12.0,0.0,66.59,0.0,36.0,81.0,86.31,1369.0,43.1224,38.0
28.0,50.0,6.0,4.0,0.0,23.21,0.0,61.0,20.0,27.77,603.0,34.00208,28.0
28.0,64.0,6.0,11.0,0.0,40.62,1.0,47.2,180.0,36.39,202.0,49.408783,51.0
5.0,78.0,2.0,1.0,0.0,30.25,0.0,40.9,244.0,37.16,1162.0,38.2095,41.0
26.0,10.0,4.0,8.0,0.0,87.13,0.0,97.7,274.0,70.67,522.0,19.561514,24.0
21.0,76.0,5.0,8.0,0.0,101.93,1.0,82.7,381.0,101.57,65.0,48.044617,45.0
3.0,78.0,1.0,6.0,0.0,116.93,0.0,83.6,457.0,101.88,1255.0,30.02318,31.0
9.0,95.0,1.0,9.0,0.0,51.82,1.0,85.3,113.0,41.65,358.0,46.37752,35.0
14.0,36.0,5.0,4.0,0.0,31.24,0.0,69.5,293.0,29.7,312.0,33.027416,32.0
29.0,73.0,3.0,8.0,0.0,98.42,0.0,86.4,466.0,111.69,796.0,47.0889,39.0
29.0,77.0,2.0,1.0,0.0,63.4,0.0,33.3,283.0,80.49,131.0,44.22746,52.0
28.0,94.0,5.0,6.0,0.0,10.7,1.0,80.4,19.0,11.88,1142.0,53.941696,52.0
13.0,99.0,3.0,5.0,0.0,112.04,0.0,87.1,279.0,114.38,279.0,35.982285,27.0
16.0,45.0,5.0,11.0,0.0,91.46,1.0,61.4,96.0,83.43,458.0,44.739784,45.0
16.0,56.0,3.0,2.0,0.0,70.33,0.0,47.2,33.0,69.78,833.0,21.777525,18.0
7.0,33.0,0.0,6.0,0.0,147.17,0.0,93.4,108.0,150.26,827.0,40.549103,42.0
13.0,53.0,6.0,3.0,0.0,145.46,0.0,61.1,271.0,124.35,602.0,26.001562,26.0
27.0,49.0,2.0,9.0,0.0,38.22,0.0,93.5,211.0,36.88,507.0,34.59031,35.0
15.0,35.0,5.0,12.0,1.0,27.61,0.0,55.3,407.0,22.45,1328.0,60.66719,51.0
14.0,60.0,1.0,11.0,1.0,77.78,1.0,63.0,170.0,62.33,1587.0,73.15729,86.0
19.0,63.0,6.0,11.0,0.0,136.9,0.0,61.4,143.0,174.41,1918.0,58.551693,61.0
6.0,99.0,0.0,10.0,0.0,16.18,0.0,66.5,102.0,19.79,760.0,45.39392,52.0
11.0,93.0,0.0,1.0,0.0,95.6,0.0,50.4,390.0,109.31,1852.0,43.17915,44.0
8.0,3.0,6.0,5.0,0.0,64.96,1.0,92.2,435.0,80.75,70.0,62.532364,57.0
7.0,77.0,2.0,1.0,0.0,25.22,1.0,49.0,355.0,29.51,1654.0,64.52536,66.0
6.0,66.0,6.0,3.0,0.0,99.58,0.0,41.9,254.0,124.5,1531.0,55.17623,59.0
8.0,37.0,5.0,4.0,0.0,134.7,1.0,66.3,220.0,168.44,328.0,75.49401,89.0
7.0,67.0,3.0,7.0,0.0,28.06,1.0,99.5,280.0,26.78,842.0,57.347458,54.0
26.0,69.0,3.0,8.0,0.0,64.62,0.0,81.7,477.0,59.03,184.0,24.854563,27.0
26.0,51.0,4.0,1.0,0.0,27.83,1.0,48.9,325.0,30.18,1302.0,47.601555,53.0
27.0,74.0,5.0,1.0,0.0,144.38,0.0,51.7,398.0,160.55,224.0,37.328472,37.0
29.0,39.0,4.0,1.0,0.0,138.35,0.0,50.3,238.0,168.06,1678.0,55.04283,54.0
29.0,84.0,0.0,5.0,0.0,35.5,0.0,76.7,344.0,30.06,1964.0,45.24908,41.0
22.0,42.0,2.0,3.0,0.0,66.04,1.0,49.8,266.0,71.84,686.0,63.385143,53.0
28.0,45.0,0.0,4.0,0.0,79.53,1.0,62.7,225.0,97.04,1354.0,61.935394,72.0
3.0,40.0,6.0,4.0,0.0,128.39,1.0,69.5,371.0,145.67,475.0,66.46967,76.0
8.0,10.0,5.0,5.0,0.0,76.17,1.0,72.6,401.0,79.82,1465.0,57.4487,67.0
29.0,62.0,2.0,10.0,0.0,147.35,0.0,71.3,167.0,163.55,982.0,47.766186,51.0
14.0,3.0,4.0,1.0,0.0,65.37,0.0,41.9,457.0,73.28,1237.0,36.77447,34.0
4.0,66.0,2.0,4.0,0.0,57.65,1.0,72.1,38.0,58.16,352.0,48.94767,47.0
25.0,43.0,1.0,1.0,0.0,39.66,1.0,34.6,245.0,37.57,1125.0,45.814472,37.0
13.0,54.0,6.0,10.0,0.0,116.15,0.0,76.4,429.0,137.24,93.0,41.537827,41.0
20.0,7.0,0.0,4.0,0.0,147.4,0.0,72.2,270.0,153.21,1304.0,35.24735,33.0
22.0,85.0,4.0,4.0,0.0,83.67,1.0,71.4,281.0,103.41,1420.0,71.40904,74.0
19.0,69.0,1.0,1.0,0.0,5.55,1.0,43.8,129.0,5.87,1329.0,58.74822,67.0
26.0,92.0,2.0,8.0,0.0,113.95,1.0,93.0,458.0,119.59,1880.0,53.65093,50.0
24.0,88.0,3.0,1.0,0.0,42.11,0.0,60.4,357.0,44.72,1915.0,40.71259,44.0
24.0,4.0,3.0,5.0,0.0,137.71,1.0,90.2,127.0,119.39,1269.0,42.501312,35.0
23.0,8.0,4.0,3.0,0.0,124.12,1.0,58.2,335.0,128.7,712.0,61.728226,55.0
15.0,44.0,6.0,4.0,0.0,138.91,0.0,61.0,407.0,149.53,496.0,36.814964,35.0
28.0,59.0,0.0,11.0,1.0,53.2,1.0,71.6,227.0,51.8,111.0,83.6839,94.0
27.0,9.0,1.0,4.0,0.0,105.58,1.0,65.9,102.0,110.08,1335.0,56.516544,55.0
24.0,29.0,5.0,1.0,0.0,139.75,0.0,40.3,295.0,161.05,1558.0,44.90888,46.0
10.0,82.0,3.0,2.0,0.0,135.82,1.0,41.2,370.0,140.36,855.0,58.994274,64.0
28.0,87.0,3.0,8.0,0.0,113.98,0.0,90.2,418.0,130.9,557.0,38.786167,47.0
26.0,48.0,3.0,7.0,0.0,117.39,0.0,76.8,360.0,110.91,1536.0,25.769783,23.0
29.0,78.0,2.0,2.0,0.0,60.22,1.0,50.1,413.0,74.89,1459.0,67.06737,62.0
22.0,6.0,6.0,9.0,0.0,148.6,1.0,91.3,431.0,193.17,1055.0,76.24205,90.0
1.0,59.0,4.0,3.0,0.0,51.07,1.0,67.2,340.0,61.24,1865.0,57.89088,64.0
13.0,87.0,6.0,10.0,0.0,19.51,1.0,57.1,83.0,15.93,412.0,53.304756,60.0
17.0,96.0,1.0,1.0,0.0,116.21,0.0,42.6,23.0,133.61,401.0,39.95164,38.0
5.0,3.0,0.0,2.0,0.0,128.16,0.0,61.0,450.0,133.03,1469.0,37.406464,38.0
1.0,94.0,0.0,6.0,0.0,50.17,1.0,89.7,201.0,59.0,465.0,52.309795,63.0
20.0,3.0,3.0,5.0,0.0,14.15,1.0,96.2,377.0,14.75,1337.0,48.104065,44.0
11.0,58.0,1.0,6.0,0.0,18.28,0.0,102.8,495.0,23.15,1398.0,39.100002,45.0
19.0,8.0,6.0,3.0,0.0,86.86,1.0,50.6,52.0,82.13,187.0,52.20555,62.0
8.0,85.0,4.0,3.0,0.0,106.4,1.0,55.1,424.0,89.27,1741.0,54.922928,61.0
25.0,36.0,4.0,2.0,0.0,27.04,0.0,54.9,201.0,33.91,325.0,29.835249,30.0
8.0,28.0,2.0,4.0,0.0,121.13,0.0,64.4,297.0,102.91,1500.0,33.619946,33.0
4.0,65.0,5.0,4.0,0.0,15.99,0.0,62.6,208.0,16.42,809.0,32.373726,33.0
7.0,65.0,0.0,12.0,1.0,78.06,1.0,50.6,494.0,85.06,238.0,88.5746,64.0
22.0,91.0,2.0,5.0,0.0,27.2,1.0,84.6,281.0,29.54,126.0,64.07327,67.0
21.0,94.0,3.0,12.0,0.0,129.64,0.0,39.8,92.0,156.96,1383.0,52.29809,48.0
11.0,33.0,2.0,10.0,0.0,105.45,0.0,73.9,84.0,129.85,1036.0,46.604416,43.0
14.0,98.0,5.0,6.0,0.0,144.22,1.0,87.1,209.0,153.49,912.0,61.83534,72.0
12.0,27.0,5.0,4.0,0.0,52.98,1.0,58.5,433.0,59.74,1705.0,65.368095,67.0
7.0,76.0,6.0,7.0,0.0,11.98,1.0,97.3,219.0,11.87,1405.0,59.69336,56.0
15.0,76.0,6.0,6.0,0.0,114.67,0.0,79.8,296.0,129.27,800.0,40.05603,41.0
30.0,50.0,1.0,5.0,0.0,136.05,0.0,99.2,269.0,145.46,682.0,36.543545,33.0
25.0,88.0,6.0,8.0,0.0,106.8,0.0,101.2,23.0,136.52,1113.0,43.80606,53.0
24.0,49.0,6.0,11.0,1.0,6.71,1.0,51.5,232.0,5.47,1531.0,83.04175,100.0
21.0,51.0,0.0,2.0,0.0,128.77,1.0,59.4,354.0,147.82,203.0,57.001263,63.0
1.0,70.0,1.0,1.0,0.0,28.4,1.0,59.1,291.0,29.63,1163.0,52.450836,38.0
13.0,69.0,0.0,4.0,0.0,94.94,1.0,66.7,64.0,102.38,674.0,56.54367,58.0
14.0,8.0,3.0,1.0,0.0,87.31,0.0,43.6,326.0,94.91,1266.0,43.418648,46.0
8.0,85.0,2.0,1.0,0.0,126.49,1.0,44.8,387.0,107.45,1428.0,48.095596,46.0
27.0,87.0,5.0,3.0,0.0,55.43,1.0,55.7,191.0,50.75,1780.0,56.853703,44.0
7.0,25.0,4.0,1.0,0.0,68.27,0.0,40.7,46.0,76.63,1446.0,41.454876,43.0
24.0,44.0,1.0,4.0,0.0,33.11,1.0,75.1,185.0,29.92,1457.0,52.826725,50.0
11.0,2.0,3.0,9.0,0.0,126.41,1.0,80.3,176.0,114.59,605.0,42.71306,31.0
6.0,30.0,3.0,5.0,0.0,122.98,0.0,88.3,213.0,136.22,519.0,46.20135,52.0
25.0,3.0,2.0,4.0,0.0,82.55,1.0,62.8,343.0,104.06,1645.0,62.703716,64.0
13.0,11.0,0.0,1.0,0.0,17.65,1.0,43.3,273.0,19.06,1300.0,52.56122,55.0
30.0,11.0,4.0,4.0,0.0,132.12,1.0,68.5,168.0,142.89,131.0,52.145393,47.0
26.0,5.0,2.0,5.0,0.0,101.27,0.0,91.0,186.0,110.03,559.0,29.83297,26.0
13.0,91.0,6.0,5.0,0.0,143.07,0.0,82.5,465.0,147.24,746.0,38.524174,34.0
29.0,81.0,1.0,5.0,0.0,140.5,0.0,80.7,320.0,163.82,357.0,46.337097,52.0
26.0,71.0,1.0,9.0,0.0,50.95,1.0,81.8,496.0,40.85,1102.0,40.67793,43.0
17.0,75.0,3.0,1.0,0.0,93.31,1.0,42.3,75.0,84.71,1668.0,51.928757,54.0
25.0,51.0,3.0,1.0,0.0,74.93,0.0,39.2,400.0,86.82,665.0,29.74933,34.0
10.0,68.0,5.0,9.0,0.0,66.36,0.0,85.1,444.0,71.93,624.0,41.26586,33.0
2.0,95.0,0.0,6.0,0.0,73.22,0.0,86.2,79.0,87.79,52.0,39.7899,34.0
15.0,44.0,1.0,7.0,0.0,97.76,1.0,82.7,138.0,110.07,282.0,58.03245,59.0
12.0,17.0,2.0,3.0,0.0,133.92,1.0,58.9,106.0,140.12,696.0,58.522724,64.0
14.0,20.0,1.0,5.0,0.0,59.71,1.0,86.6,316.0,60.94,1707.0,53.250484,56.0
18.0,89.0,6.0,4.0,0.0,21.76,0.0,71.2,75.0,27.42,667.0,40.92743,39.0
23.0,67.0,1.0,1.0,0.0,62.76,1.0,53.6,226.0,77.34,1993.0,63.99555,59.0
5.0,29.0,3.0,6.0,0.0,116.52,1.0,100.8,240.0,137.08,1437.0,67.91135,78.0
14.0,47.0,5.0,6.0,0.0,44.1,0.0,88.1,438.0,51.15,1413.0,39.63501,45.0
8.0,36.0,3.0,1.0,0.0,136.88,1.0,42.9,353.0,142.28,1770.0,62.541836,73.0
4.0,25.0,4.0,12.0,1.0,6.04,1.0,54.1,78.0,6.67,643.0,80.8344,78.0
4.0,5.0,0.0,11.0,0.0,145.46,1.0,54.7,98.0,139.44,190.0,49.07813,57.0
14.0,98.0,6.0,11.0,1.0,98.65,0.0,62.1,176.0,90.33,1752.0,60.72524,63.0
24.0,6.0,3.0,1.0,0.0,86.71,0.0,32.2,416.0,105.88,800.0,39.381447,38.0
19.0,47.0,6.0,7.0,0.0,100.87,0.0,79.2,187.0,109.56,1486.0,43.00147,47.0
21.0,40.0,3.0,6.0,0.0,114.27,1.0,101.2,29.0,124.31,1890.0,61.116875,69.0
26.0,43.0,0.0,1.0,0.0,133.95,0.0,42.0,464.0,139.92,1026.0,31.826357,29.0
29.0,8.0,3.0,4.0,0.0,107.97,0.0,61.7,270.0,138.28,1143.0,54.430443,66.0
1.0,32.0,1.0,1.0,0.0,127.58,0.0,39.9,347.0,131.12,1566.0,36.451405,28.0
5.0,78.0,5.0,2.0,0.0,88.22,0.0,42.5,116.0,77.44,138.0,28.269371,28.0
22.0,85.0,5.0,9.0,0.0,77.32,1.0,74.9,453.0,95.17,1086.0,70.81011,73.0
1.0,6.0,6.0,9.0,0.0,35.41,0.0,82.0,339.0,34.4,1000.0,30.315237,23.0
2.0,16.0,3.0,1.0,0.0,28.21,0.0,43.4,53.0,27.51,1557.0,35.214607,41.0
26.0,50.0,4.0,4.0,0.0,138.94,1.0,64.2,271.0,143.62,1902.0,55.72141,42.0
2.0,36.0,5.0,7.0,0.0,145.84,0.0,93.8,65.0,134.29,512.0,34.839573,30.0
28.0,23.0,4.0,11.0,0.0,125.86,0.0,59.1,193.0,124.78,495.0,32.951233,32.0
13.0,53.0,3.0,12.0,0.0,7.83,0.0,32.1,66.0,8.74,1445.0,40.344162,44.0
16.0,79.0,5.0,4.0,0.0,65.95,0.0,73.2,115.0,82.35,1708.0,34.358906,32.0
3.0,98.0,6.0,10.0,0.0,46.0,1.0,72.2,228.0,37.59,1942.0,61.216183,58.0
23.0,49.0,4.0,8.0,0.0,33.4,0.0,86.8,31.0,40.68,343.0,42.244686,44.0
10.0,30.0,0.0,5.0,0.0,7.54,0.0,79.2,142.0,9.36,1305.0,39.59635,40.0
26.0,95.0,4.0,8.0,0.0,96.88,1.0,98.8,382.0,87.25,1337.0,41.375008,31.0
24.0,64.0,4.0,2.0,0.0,6.91,1.0,47.1,193.0,7.86,1452.0,60.41193,57.0
20.0,2.0,2.0,1.0,0.0,79.34,1.0,35.8,299.0,80.02,1685.0,50.834957,36.0
21.0,3.0,2.0,6.0,0.0,40.06,1.0,100.9,145.0,33.83,1093.0,52.13637,52.0
18.0,4.0,1.0,1.0,0.0,35.99,1.0,38.9,422.0,37.63,1715.0,60.537277,70.0
23.0,2.0,1.0,3.0,0.0,141.07,0.0,66.2,107.0,134.28,1742.0,31.505625,27.0
13.0,66.0,4.0,3.0,0.0,39.83,0.0,67.1,231.0,49.63,1797.0,38.059864,44.0
30.0,62.0,6.0,3.0,0.0,19.2,0.0,58.6,181.0,24.29,913.0,30.522453,32.0
25.0,60.0,3.0,3.0,0.0,115.22,1.0,51.9,305.0,127.99,1754.0,56.59467,45.0
13.0,1.0,1.0,10.0,0.0,114.24,1.0,68.0,394.0,146.43,1086.0,67.192665,75.0
23.0,23.0,3.0,3.0,0.0,56.03,1.0,51.1,425.0,62.41,601.0,61.21904,60.0
2.0,24.0,5.0,10.0,0.0,136.97,0.0,65.9,66.0,131.34,497.0,32.6463,26.0
22.0,77.0,5.0,2.0,0.0,17.0,0.0,51.3,449.0,17.54,170.0,42.749916,45.0
16.0,33.0,5.0,3.0,0.0,5.41,1.0,46.9,38.0,5.3,1973.0,45.796448,40.0
7.0,81.0,2.0,12.0,0.0,91.89,1.0,47.9,338.0,93.52,1528.0,63.14908,72.0
1.0,21.0,1.0,2.0,0.0,120.79,0.0,53.4,270.0,149.52,534.0,43.494473,35.0
9.0,18.0,4.0,10.0,0.0,73.55,1.0,72.8,420.0,68.09,564.0,51.269836,52.0
15.0,82.0,3.0,6.0,0.0,111.27,0.0,94.6,246.0,130.41,1965.0,46.283783,48.0
27.0,82.0,6.0,8.0,0.0,5.2,1.0,96.3,243.0,5.37,1515.0,61.796013,71.0
20.0,85.0,1.0,4.0,0.0,112.21,1.0,64.0,54.0,116.93,273.0,48.10312,48.0
22.0,69.0,2.0,10.0,0.0,7.93,0.0,77.7,90.0,9.78,949.0,46.198486,55.0
17.0,61.0,0.0,7.0,1.0,79.02,1.0,94.3,211.0,68.4,1866.0,73.832436,80.0
8.0,70.0,4.0,10.0,0.0,102.61,1.0,61.5,249.0,95.37,1401.0,57.1096,53.0
26.0,37.0,4.0,3.0,0.0,41.22,0.0,55.1,294.0,42.28,1243.0,27.788162,33.0
21.0,5.0,0.0,4.0,0.0,131.02,1.0,75.4,345.0,133.75,252.0,49.93629,46.0
17.0,37.0,2.0,7.0,0.0,31.39,0.0,84.1,382.0,31.6,1704.0,40.855854,37.0
2.0,3.0,3.0,12.0,0.0,136.93,0.0,34.7,223.0,145.75,1666.0,44.972168,39.0
28.0,49.0,5.0,9.0,0.0,14.07,0.0,91.5,230.0,17.89,360.0,36.190735,38.0
25.0,48.0,0.0,2.0,0.0,27.49,0.0,37.8,306.0,30.8,1236.0,33.54271,37.0
2.0,64.0,2.0,5.0,0.0,68.38,1.0,89.7,266.0,70.0,1436.0,62.95689,71.0
24.0,51.0,4.0,5.0,0.0,85.96,0.0,84.2,146.0,107.45,1617.0,43.017902,42.0
19.0,38.0,6.0,5.0,0.0,74.94,1.0,87.3,59.0,70.61,1276.0,58.387253,63.0
12.0,28.0,2.0,1.0,0.0,114.02,0.0,36.0,489.0,132.19,717.0,44.533924,44.0
1.0,40.0,4.0,8.0,0.0,146.46,1.0,105.2,21.0,121.55,451.0,38.210396,35.0
8.0,80.0,3.0,1.0,0.0,62.45,0.0,49.0,39.0,52.87,1797.0,38.741768,41.0
6.0,82.0,5.0,2.0,0.0,145.35,1.0,46.4,199.0,184.22,640.0,77.877426,94.0
4.0,6.0,0.0,5.0,0.0,108.48,1.0,78.3,341.0,91.66,1098.0,46.33017,53.0
27.0,26.0,5.0,4.0,0.0,129.29,0.0,66.3,100.0,104.81,758.0,26.516663,26.0
10.0,2.0,2.0,3.0,0.0,139.62,0.0,63.4,51.0,135.19,1141.0,33.20604,32.0
20.0,72.0,2.0,6.0,0.0,131.49,0.0,82.4,137.0,168.24,1591.0,50.92415,57.0
8.0,60.0,2.0,4.0,0.0,93.86,1.0,78.9,206.0,86.99,361.0,50.941677,45.0
8.0,85.0,6.0,7.0,1.0,34.48,1.0,89.8,474.0,28.51,1231.0,80.9007,89.0
8.0,34.0,2.0,2.0,0.0,84.43,1.0,58.0,283.0,91.41,1409.0,60.786266,67.0
6.0,15.0,6.0,1.0,0.0,63.99,0.0,53.6,353.0,63.32,336.0,38.47838,46.0
15.0,100.0,2.0,2.0,0.0,12.27,0.0,39.1,55.0,10.54,520.0,35.212616,34.0
7.0,84.0,2.0,3.0,0.0,87.88,0.0,50.6,450.0,98.71,293.0,36.42959,38.0
27.0,3.0,0.0,11.0,0.0,17.91,1.0,49.0,308.0,18.18,1468.0,57.17769,58.0
15.0,50.0,6.0,10.0,0.0,88.52,0.0,88.5,280.0,98.98,1111.0,39.524124,41.0
6.0,51.0,3.0,2.0,0.0,148.63,1.0,41.3,110.0,145.53,722.0,56.51294,73.0
26.0,86.0,4.0,9.0,0.0,128.76,0.0,77.3,275.0,111.88,190.0,19.202425,12.0
23.0,25.0,0.0,2.0,0.0,8.5,0.0,42.9,480.0,10.1,1935.0,41.28132,37.0
3.0,85.0,0.0,6.0,0.0,74.05,1.0,109.6,194.0,82.38,1226.0,63.25455,64.0
28.0,60.0,6.0,2.0,0.0,87.25,0.0,56.2,74.0,87.32,918.0,32.658787,29.0
19.0,54.0,0.0,4.0,0.0,74.23,0.0,53.3,439.0,60.14,1400.0,31.752829,30.0
11.0,44.0,5.0,5.0,0.0,138.73,0.0,82.6,352.0,134.84,1841.0,31.185137,26.0
19.0,83.0,5.0,1.0,0.0,123.59,0.0,40.3,325.0,132.12,423.0,36.774017,38.0
6.0,96.0,1.0,3.0,0.0,79.76,1.0,62.8,82.0,64.17,1995.0,56.899693,58.0
29.0,19.0,6.0,7.0,1.0,128.3,1.0,95.6,333.0,105.22,651.0,66.62526,81.0
3.0,30.0,1.0,11.0,1.0,101.28,0.0,52.8,420.0,99.73,1281.0,73.0181,81.0
8.0,84.0,6.0,12.0,0.0,59.31,1.0,68.6,349.0,63.11,1036.0,60.30167,58.0
26.0,23.0,2.0,3.0,0.0,148.96,1.0,54.9,477.0,184.03,1461.0,67.31165,69.0
20.0,78.0,4.0,5.0,0.0,60.51,0.0,94.3,22.0,52.66,342.0,23.84145,24.0
22.0,4.0,4.0,1.0,0.0,91.79,1.0,49.0,352.0,88.19,1698.0,62.982964,60.0
6.0,14.0,0.0,4.0,0.0,55.3,0.0,69.0,437.0,60.15,333.0,40.11564,43.0
6.0,32.0,1.0,5.0,0.0,139.91,0.0,87.9,271.0,145.73,582.0,45.08512,51.0
11.0,98.0,1.0,6.0,0.0,72.63,0.0,101.0,291.0,60.62,1770.0,34.71257,28.0
8.0,43.0,5.0,1.0,0.0,5.44,0.0,53.9,88.0,5.74,1697.0,41.139706,37.0
21.0,43.0,3.0,11.0,1.0,145.92,1.0,42.6,427.0,132.4,1848.0,71.12002,55.0
28.0,31.0,6.0,2.0,0.0,141.96,1.0,51.6,239.0,179.49,1672.0,70.28314,88.0
22.0,96.0,0.0,2.0,0.0,138.7,1.0,54.7,136.0,161.93,1106.0,67.20818,69.0
28.0,92.0,2.0,1.0,0.0,114.37,0.0,33.4,391.0,147.66,950.0,45.863544,43.0
23.0,24.0,4.0,4.0,0.0,54.75,0.0,65.4,89.0,63.49,1636.0,37.47055,40.0
25.0,30.0,0.0,1.0,0.0,141.03,0.0,38.9,201.0,113.9,1220.0,19.183136,16.0
6.0,65.0,2.0,6.0,0.0,16.88,1.0,100.5,287.0,18.46,255.0,63.4981,57.0
21.0,44.0,1.0,12.0,1.0,31.02,0.0,39.0,54.0,32.21,1895.0,60.648464,53.0
26.0,53.0,3.0,2.0,0.0,75.66,0.0,47.5,447.0,61.74,1196.0,27.074682,26.0
23.0,23.0,6.0,4.0,0.0,63.3,0.0,74.5,96.0,65.6,430.0,34.9544,34.0
3.0,2.0,0.0,9.0,0.0,91.63,1.0,81.6,169.0,99.14,1957.0,65.2465,70.0
19.0,50.0,2.0,2.0,0.0,71.35,0.0,42.7,52.0,87.68,1329.0,45.639587,44.0
17.0,20.0,3.0,1.0,0.0,22.25,0.0,37.9,33.0,23.4,1299.0,35.26506,33.0
7.0,70.0,6.0,4.0,0.0,40.23,1.0,75.9,116.0,41.22,1100.0,56.016056,62.0
15.0,10.0,4.0,5.0,0.0,94.23,0.0,75.3,87.0,102.49,975.0,40.349213,42.0
24.0,73.0,4.0,5.0,0.0,117.38,1.0,84.2,113.0,122.19,586.0,52.341393,60.0
19.0,33.0,4.0,9.0,0.0,100.79,1.0,91.7,154.0,111.22,649.0,61.619926,57.0
18.0,70.0,1.0,3.0,0.0,15.44,1.0,48.0,167.0,14.42,849.0,52.75572,58.0
1.0,9.0,0.0,3.0,0.0,23.82,0.0,62.8,273.0,30.96,50.0,28.410475,28.0
6.0,6.0,4.0,12.0,0.0,147.73,1.0,31.5,378.0,179.87,1824.0,81.6593,89.0
14.0,33.0,1.0,6.0,0.0,100.7,1.0,92.0,241.0,86.2,955.0,45.217625,45.0
3.0,13.0,1.0,3.0,0.0,39.63,1.0,80.7,229.0,33.43,567.0,54.217773,60.0
4.0,15.0,0.0,3.0,0.0,107.3,0.0,53.1,256.0,96.95,934.0,25.381813,21.0
20.0,68.0,4.0,3.0,0.0,12.67,1.0,61.6,62.0,11.74,1517.0,47.18652,51.0
16.0,23.0,0.0,5.0,0.0,54.24,0.0,87.9,347.0,59.54,1942.0,31.184574,30.0
9.0,73.0,0.0,1.0,0.0,126.56,1.0,47.4,86.0,119.03,1419.0,51.74595,35.0
6.0,27.0,2.0,1.0,0.0,74.91,0.0,57.3,481.0,64.79,779.0,38.86421,41.0
19.0,50.0,4.0,9.0,0.0,102.5,0.0,86.7,353.0,118.49,1147.0,40.48218,44.0
20.0,70.0,1.0,5.0,0.0,16.43,0.0,75.1,118.0,20.44,624.0,22.784039,17.0
16.0,13.0,2.0,8.0,0.0,107.58,0.0,89.7,216.0,88.08,1319.0,14.730633,12.0
1.0,73.0,0.0,2.0,0.0,28.7,0.0,47.1,365.0,34.07,1198.0,30.264692,30.0
24.0,50.0,2.0,10.0,0.0,143.89,0.0,73.4,402.0,150.63,1586.0,40.439346,31.0
15.0,98.0,3.0,1.0,0.0,57.06,1.0,38.1,84.0,62.37,1207.0,58.92906,55.0
7.0,40.0,3.0,3.0,0.0,142.5,0.0,68.8,470.0,167.57,1180.0,49.58032,48.0
4.0,11.0,0.0,3.0,0.0,138.74,0.0,55.0,340.0,145.61,1067.0,31.978697,31.0
23.0,28.0,2.0,9.0,0.0,143.19,0.0,81.1,106.0,147.37,1076.0,41.57854,34.0
30.0,16.0,3.0,4.0,0.0,96.44,0.0,69.6,92.0,103.91,1995.0,36.99694,33.0
10.0,21.0,1.0,8.0,0.0,82.55,0.0,79.3,107.0,87.54,437.0,36.15348,33.0
18.0,87.0,3.0,4.0,0.0,136.57,0.0,77.1,229.0,175.79,1417.0,56.622887,59.0
7.0,76.0,5.0,5.0,0.0,92.22,0.0,68.0,471.0,83.78,976.0,36.466293,35.0
24.0,76.0,2.0,5.0,0.0,134.7,1.0,75.4,231.0,117.98,1009.0,46.17717,53.0
10.0,75.0,4.0,3.0,0.0,21.04,0.0,57.1,173.0,26.01,253.0,38.97573,39.0
26.0,19.0,2.0,2.0,0.0,139.55,1.0,56.0,91.0,134.09,217.0,38.735683,44.0
9.0,62.0,0.0,7.0,0.0,112.12,1.0,99.0,370.0,96.68,1857.0,50.58796,39.0
30.0,45.0,6.0,5.0,0.0,28.66,1.0,81.3,298.0,23.79,171.0,52.851685,53.0
19.0,36.0,6.0,1.0,0.0,49.45,0.0,54.4,49.0,47.05,510.0,32.000122,35.0
3.0,9.0,1.0,1.0,0.0,23.98,1.0,54.6,345.0,21.82,389.0,60.58023,61.0
25.0,66.0,4.0,2.0,0.0,121.47,0.0,37.4,331.0,124.05,902.0,30.31195,27.0
16.0,22.0,3.0,2.0,0.0,146.89,1.0,52.8,77.0,173.6,378.0,52.17271,58.0
3.0,59.0,5.0,9.0,0.0,29.72,1.0,92.3,348.0,24.9,1367.0,63.067764,72.0
7.0,46.0,6.0,10.0,0.0,88.63,1.0,75.8,417.0,112.03,1934.0,69.56482,57.0
15.0,78.0,3.0,1.0,0.0,33.06,0.0,40.0,116.0,34.93,197.0,34.311993,35.0
9.0,96.0,0.0,5.0,0.0,145.44,0.0,94.3,154.0,169.36,946.0,47.617218,43.0
18.0,5.0,2.0,6.0,0.0,5.75,1.0,92.4,79.0,6.21,1451.0,60.749577,57.0
6.0,72.0,0.0,10.0,0.0,53.93,0.0,59.1,456.0,66.62,238.0,51.426926,54.0
20.0,65.0,1.0,10.0,0.0,48.4,1.0,83.6,70.0,39.77,1206.0,45.577663,51.0
15.0,67.0,3.0,7.0,0.0,74.06,0.0,99.7,491.0,92.55,1636.0,47.855713,45.0
27.0,61.0,5.0,4.0,0.0,58.77,0.0,59.5,15.0,65.11,412.0,38.37294,38.0
14.0,72.0,6.0,6.0,0.0,127.12,1.0,93.6,255.0,137.96,157.0,60.38144,58.0
22.0,94.0,2.0,3.0,0.0,139.76,1.0,65.5,148.0,137.4,899.0,57.48749,55.0
23.0,78.0,3.0,7.0,0.0,125.95,1.0,82.7,254.0,107.0,1367.0,47.161854,54.0
11.0,46.0,1.0,9.0,0.0,16.72,0.0,85.2,205.0,16.49,1159.0,30.74685,31.0
5.0,81.0,6.0,12.0,0.0,44.45,1.0,44.7,412.0,48.98,135.0,58.449936,72.0
22.0,96.0,6.0,7.0,1.0,123.44,0.0,97.5,145.0,158.13,1704.0,79.69854,81.0
9.0,12.0,1.0,10.0,0.0,40.1,1.0,78.5,176.0,48.11,1559.0,53.881798,52.0
18.0,90.0,5.0,5.0,0.0,89.85,0.0,83.6,61.0,79.08,590.0,30.401031,32.0
16.0,1.0,6.0,7.0,0.0,71.5,0.0,101.0,257.0,77.3,1902.0,31.094517,34.0
28.0,24.0,2.0,8.0,0.0,55.29,1.0,108.8,40.0,48.99,1900.0,47.029903,46.0
21.0,17.0,1.0,1.0,0.0,144.43,1.0,39.5,199.0,146.78,158.0,45.533474,41.0
19.0,57.0,6.0,12.0,0.0,131.56,1.0,38.3,122.0,158.83,797.0,67.15279,70.0
25.0,40.0,2.0,7.0,1.0,52.86,1.0,91.3,423.0,44.27,1950.0,82.283844,82.0
6.0,70.0,3.0,1.0,0.0,97.35,1.0,48.8,322.0,118.46,1548.0,69.22547,76.0
7.0,21.0,2.0,11.0,1.0,132.64,1.0,64.6,240.0,111.08,1555.0,68.85132,66.0
5.0,46.0,4.0,2.0,0.0,36.62,1.0,55.4,40.0,30.36,1430.0,51.953186,60.0
2.0,83.0,1.0,7.0,1.0,138.04,0.0,93.5,190.0,157.66,1168.0,72.90069,68.0
30.0,56.0,0.0,4.0,0.0,88.35,0.0,59.4,468.0,82.81,1521.0,32.091366,30.0
11.0,98.0,5.0,4.0,0.0,124.84,1.0,78.0,343.0,104.38,1266.0,45.102585,52.0
24.0,54.0,6.0,7.0,0.0,26.06,0.0,83.7,417.0,29.52,1728.0,36.218147,38.0
2.0,23.0,1.0,8.0,0.0,97.31,1.0,81.2,57.0,79.11,974.0,50.107616,48.0
18.0,55.0,1.0,8.0,0.0,115.4,0.0,95.9,174.0,143.19,965.0,49.985718,51.0
11.0,25.0,0.0,5.0,0.0,82.45,0.0,82.9,455.0,97.76,867.0,41.26,40.0
17.0,91.0,1.0,11.0,0.0,56.53,0.0,49.1,493.0,69.87,178.0,42.42724,44.0
27.0,64.0,6.0,3.0,0.0,98.56,0.0,71.2,426.0,114.17,1543.0,45.43893,45.0
27.0,6.0,1.0,5.0,0.0,85.23,1.0,73.7,488.0,84.51,278.0,55.228363,51.0
14.0,57.0,3.0,5.0,0.0,15.93,0.0,78.8,182.0,19.3,1100.0,35.48766,36.0
1.0,1.0,6.0,8.0,0.0,50.53,1.0,87.6,134.0,61.69,1876.0,57.045124,59.0
27.0,17.0,3.0,4.0,0.0,21.46,0.0,74.4,300.0,17.66,242.0,30.741146,29.0
16.0,86.0,5.0,2.0,0.0,9.04,1.0,49.9,79.0,9.95,1185.0,42.212727,35.0
1.0,99.0,1.0,7.0,0.0,100.82,0.0,95.0,141.0,120.21,831.0,36.206627,34.0
15.0,32.0,3.0,11.0,0.0,104.02,0.0,57.2,30.0,100.95,1668.0,39.426216,38.0
11.0,68.0,0.0,6.0,0.0,32.99,1.0,99.0,313.0,38.12,857.0,55.669468,58.0
25.0,22.0,6.0,12.0,0.0,39.84,1.0,55.5,473.0,50.7,80.0,51.40507,56.0
20.0,48.0,4.0,10.0,0.0,134.65,1.0,83.5,436.0,120.43,991.0,42.19102,41.0
7.0,35.0,0.0,4.0,0.0,61.97,1.0,100.3,323.0,63.84,1511.0,60.362114,73.0
7.0,98.0,6.0,11.0,0.0,80.87,0.0,60.5,263.0,85.46,223.0,40.051895,45.0
6.0,28.0,5.0,11.0,1.0,86.88,0.0,71.1,146.0,85.31,1792.0,67.17941,72.0
19.0,86.0,6.0,3.0,0.0,13.23,0.0,71.2,307.0,12.19,1080.0,33.198154,29.0
21.0,72.0,4.0,2.0,0.0,145.22,1.0,34.9,292.0,169.6,1844.0,66.3257,72.0
14.0,94.0,5.0,3.0,0.0,80.83,0.0,48.5,169.0,69.2,865.0,29.30172,26.0
21.0,72.0,1.0,1.0,0.0,96.51,1.0,51.1,113.0,107.37,1103.0,62.026733,66.0
29.0,43.0,1.0,4.0,0.0,130.19,1.0,68.2,366.0,133.28,1678.0,63.073437,49.0
16.0,5.0,6.0,5.0,0.0,31.37,0.0,77.5,484.0,37.96,1106.0,26.782335,24.0
25.0,84.0,2.0,5.0,0.0,116.58,1.0,87.4,264.0,123.22,352.0,47.56,55.0
25.0,15.0,6.0,1.0,0.0,143.29,0.0,43.9,121.0,144.41,1023.0,30.295101,26.0
9.0,4.0,4.0,9.0,0.0,135.06,0.0,85.5,21.0,149.17,969.0,43.59853,43.0
22.0,34.0,1.0,4.0,0.0,141.15,1.0,74.9,189.0,178.86,1499.0,75.29421,78.0
21.0,11.0,5.0,12.0,0.0,74.05,0.0,57.3,262.0,69.86,1441.0,31.621563,32.0
22.0,48.0,5.0,6.0,0.0,74.87,0.0,91.2,266.0,68.24,781.0,39.412354,39.0
10.0,71.0,1.0,3.0,0.0,44.29,0.0,52.5,206.0,56.92,1267.0,43.50865,40.0
9.0,78.0,5.0,4.0,0.0,126.43,0.0,82.0,400.0,140.44,902.0,39.70114,38.0
13.0,15.0,3.0,4.0,0.0,70.06,0.0,67.2,10.0,56.47,762.0,27.322823,28.0
16.0,79.0,0.0,10.0,0.0,103.18,1.0,78.4,84.0,82.75,117.0,35.61305,29.0
9.0,84.0,0.0,1.0,0.0,68.9,1.0,58.0,26.0,72.13,1845.0,52.776146,57.0
4.0,2.0,2.0,1.0,0.0,102.29,0.0,31.8,410.0,123.49,898.0,38.84108,38.0
11.0,14.0,1.0,4.0,0.0,74.62,1.0,61.4,438.0,84.75,1415.0,59.548416,66.0
5.0,98.0,1.0,6.0,0.0,101.3,0.0,91.2,135.0,114.84,623.0,43.56404,49.0
28.0,79.0,3.0,5.0,0.0,56.82,0.0,79.1,475.0,51.07,224.0,25.874155,22.0
2.0,41.0,0.0,6.0,0.0,128.79,1.0,96.9,252.0,121.56,744.0,51.320385,51.0
1.0,23.0,1.0,4.0,0.0,30.59,0.0,86.2,354.0,38.82,719.0,34.603058,31.0
29.0,33.0,2.0,9.0,0.0,143.49,1.0,86.1,419.0,137.69,331.0,49.41879,54.0
4.0,98.0,1.0,9.0,0.0,146.51,1.0,92.1,43.0,159.9,103.0,53.123528,63.0
17.0,9.0,5.0,11.0,1.0,148.15,0.0,60.6,290.0,177.01,1435.0,76.069855,81.0
27.0,6.0,6.0,3.0,0.0,124.11,1.0,64.1,49.0,111.01,357.0,45.23231,55.0
21.0,23.0,3.0,2.0,0.0,58.2,1.0,47.2,289.0,56.58,84.0,55.843937,43.0
10.0,99.0,0.0,7.0,0.0,77.1,0.0,94.2,418.0,65.39,1172.0,37.4346,31.0
23.0,80.0,5.0,3.0,0.0,63.23,0.0,59.8,30.0,52.18,556.0,31.691505,37.0
22.0,35.0,3.0,5.0,0.0,123.94,1.0,79.6,262.0,101.18,1599.0,52.4879,57.0
27.0,81.0,4.0,4.0,0.0,99.9,0.0,74.0,457.0,85.71,1146.0,27.975899,30.0
23.0,12.0,1.0,9.0,0.0,92.39,1.0,85.3,409.0,102.03,184.0,56.413784,66.0
8.0,98.0,2.0,8.0,0.0,145.03,0.0,83.0,442.0,133.61,152.0,34.55596,32.0
24.0,5.0,0.0,3.0,0.0,91.72,1.0,55.2,192.0,113.47,1856.0,61.873753,69.0
5.0,24.0,3.0,8.0,0.0,33.91,0.0,91.5,248.0,28.33,1541.0,32.29767,25.0
24.0,83.0,3.0,1.0,0.0,21.85,0.0,41.7,23.0,26.69,858.0,32.56983,31.0
22.0,63.0,2.0,4.0,0.0,20.97,0.0,64.1,13.0,22.82,1098.0,46.126842,49.0
1.0,16.0,6.0,4.0,0.0,97.79,0.0,66.2,20.0,103.54,345.0,25.955877,28.0
26.0,28.0,1.0,6.0,0.0,14.77,1.0,85.8,118.0,13.84,1167.0,45.759563,36.0
25.0,46.0,0.0,5.0,0.0,35.46,0.0,75.3,334.0,31.03,562.0,24.56755,24.0
29.0,24.0,1.0,4.0,0.0,137.14,0.0,73.6,31.0,111.96,1502.0,30.348719,26.0
6.0,67.0,3.0,10.0,0.0,92.23,1.0,71.1,315.0,91.32,728.0,64.19956,64.0
5.0,85.0,2.0,8.0,0.0,32.88,1.0,78.3,194.0,39.24,1163.0,55.4776,67.0
4.0,70.0,5.0,8.0,0.0,88.74,0.0,86.3,352.0,101.8,1680.0,37.911644,36.0
11.0,62.0,6.0,2.0,0.0,73.15,1.0,49.2,195.0,59.94,547.0,44.390602,39.0
3.0,28.0,3.0,10.0,0.0,55.21,1.0,66.0,250.0,65.25,1620.0,67.118904,76.0
12.0,33.0,4.0,4.0,0.0,49.87,0.0,85.0,439.0,49.8,527.0,37.052986,34.0
7.0,19.0,1.0,11.0,1.0,40.08,0.0,48.5,58.0,50.07,721.0,60.8989,74.0
21.0,94.0,3.0,1.0,0.0,138.84,1.0,42.7,236.0,131.11,138.0,50.461548,54.0
16.0,12.0,3.0,6.0,0.0,66.94,0.0,90.2,34.0,69.12,1117.0,26.038002,26.0
18.0,8.0,5.0,8.0,0.0,64.12,1.0,75.1,397.0,63.75,924.0,58.089687,73.0
19.0,11.0,2.0,8.0,0.0,45.42,1.0,70.8,13.0,37.42,288.0,47.458416,55.0
4.0,69.0,5.0,4.0,0.0,57.14,1.0,67.9,289.0,50.27,922.0,50.699345,51.0
2.0,42.0,2.0,4.0,0.0,136.69,0.0,67.2,428.0,166.38,559.0,49.780724,47.0
30.0,79.0,2.0,1.0,0.0,137.28,1.0,34.6,112.0,128.1,753.0,45.066746,54.0
11.0,63.0,6.0,6.0,0.0,26.48,1.0,86.0,401.0,33.29,141.0,51.678326,61.0
19.0,16.0,1.0,10.0,0.0,48.56,1.0,53.6,26.0,59.69,1537.0,57.62802,57.0
10.0,75.0,1.0,3.0,0.0,130.78,1.0,46.3,155.0,114.59,1493.0,54.215607,58.0
2.0,9.0,2.0,11.0,0.0,97.06,0.0,39.3,190.0,107.55,634.0,42.50986,40.0
10.0,78.0,6.0,2.0,0.0,66.64,0.0,54.9,221.0,66.38,730.0,36.33006,41.0
26.0,82.0,4.0,9.0,0.0,12.71,0.0,72.5,486.0,14.24,83.0,26.187551,31.0
9.0,72.0,6.0,12.0,0.0,59.0,1.0,51.3,473.0,47.68,1057.0,52.75415,37.0
19.0,33.0,0.0,5.0,0.0,146.68,0.0,96.6,101.0,157.16,335.0,39.59401,36.0
30.0,9.0,0.0,7.0,0.0,80.6,1.0,94.5,266.0,102.08,916.0,57.82601,76.0
13.0,100.0,4.0,3.0,0.0,103.75,0.0,53.0,290.0,133.89,284.0,48.191128,45.0
8.0,79.0,5.0,1.0,0.0,66.92,1.0,45.5,58.0,54.45,1981.0,55.393433,49.0
15.0,88.0,1.0,7.0,1.0,121.12,1.0,93.5,382.0,142.11,812.0,85.67598,113.0
3.0,90.0,4.0,4.0,0.0,14.76,1.0,74.1,400.0,13.85,1501.0,62.908524,70.0
30.0,10.0,2.0,4.0,0.0,18.06,1.0,70.3,278.0,22.43,235.0,54.842426,49.0
9.0,92.0,2.0,8.0,0.0,111.14,0.0,94.3,463.0,138.38,120.0,44.527393,40.0
29.0,57.0,5.0,5.0,0.0,122.54,0.0,92.9,238.0,101.4,555.0,29.391523,28.0
29.0,83.0,0.0,5.0,0.0,129.48,0.0,95.5,230.0,165.17,675.0,51.078484,52.0
19.0,88.0,5.0,7.0,0.0,103.72,0.0,100.6,24.0,106.17,463.0,39.374718,39.0
22.0,93.0,3.0,3.0,0.0,124.37,0.0,59.4,329.0,108.73,1147.0,30.87365,38.0
29.0,64.0,4.0,7.0,0.0,87.36,1.0,86.8,226.0,71.0,1303.0,55.196606,62.0
16.0,6.0,3.0,10.0,0.0,46.35,0.0,77.9,215.0,54.8,1844.0,29.669544,27.0
15.0,80.0,5.0,1.0,0.0,10.89,1.0,29.1,425.0,11.45,1373.0,53.756382,69.0
27.0,15.0,0.0,5.0,0.0,92.22,1.0,72.5,482.0,92.06,1722.0,59.089592,53.0
29.0,93.0,0.0,1.0,0.0,65.0,1.0,47.5,281.0,68.17,1981.0,63.039722,73.0
9.0,85.0,5.0,4.0,0.0,36.24,0.0,57.0,290.0,45.71,1191.0,35.14133,36.0
30.0,59.0,5.0,12.0,0.0,116.94,1.0,31.9,387.0,127.19,1529.0,55.743385,71.0
1.0,69.0,6.0,10.0,0.0,87.9,0.0,65.8,430.0,75.03,420.0,25.698713,27.0
24.0,42.0,5.0,4.0,0.0,141.32,1.0,67.2,273.0,176.27,241.0,65.17392,63.0
18.0,44.0,2.0,9.0,0.0,137.26,0.0,76.5,127.0,113.06,176.0,22.91332,22.0
5.0,87.0,0.0,4.0,0.0,83.13,1.0,68.8,172.0,79.48,667.0,52.8776,43.0
6.0,7.0,6.0,6.0,0.0,50.13,0.0,100.5,128.0,46.59,1175.0,44.163307,46.0
21.0,95.0,5.0,3.0,0.0,70.65,1.0,59.3,12.0,58.57,1956.0,54.814445,48.0
13.0,43.0,2.0,5.0,0.0,119.8,0.0,90.9,452.0,116.48,821.0,30.872128,31.0
18.0,7.0,0.0,5.0,0.0,62.62,0.0,101.2,362.0,65.48,1070.0,42.100727,45.0
11.0,41.0,4.0,12.0,0.0,100.21,0.0,45.0,496.0,94.15,1142.0,32.182957,31.0
17.0,59.0,1.0,2.0,0.0,138.28,1.0,49.7,283.0,144.7,1064.0,56.08323,49.0
5.0,76.0,2.0,1.0,0.0,10.55,1.0,44.2,181.0,8.71,211.0,54.199593,49.0
14.0,69.0,2.0,6.0,0.0,127.8,1.0,102.7,150.0,133.28,1807.0,62.4363,55.0
12.0,70.0,6.0,4.0,0.0,137.42,0.0,66.4,253.0,162.77,777.0,46.718117,44.0
15.0,38.0,0.0,11.0,0.0,24.18,1.0,44.6,392.0,22.56,1004.0,54.97619,55.0
18.0,9.0,5.0,12.0,1.0,8.25,0.0,51.5,160.0,9.77,1480.0,66.65812,77.0
3.0,65.0,5.0,1.0,0.0,128.18,0.0,34.8,301.0,163.74,267.0,50.795425,54.0
25.0,51.0,0.0,1.0,0.0,70.55,1.0,47.9,466.0,91.14,531.0,55.899586,58.0
1.0,28.0,5.0,7.0,0.0,35.18,1.0,87.4,365.0,38.36,966.0,57.916634,56.0
27.0,53.0,3.0,10.0,0.0,68.27,1.0,69.0,64.0,83.6,1101.0,63.65158,64.0
20.0,95.0,1.0,8.0,0.0,91.98,0.0,94.4,425.0,84.82,1722.0,28.419266,20.0
27.0,78.0,2.0,5.0,0.0,138.15,1.0,92.4,325.0,142.99,656.0,56.268547,58.0
17.0,91.0,3.0,6.0,0.0,34.84,0.0,90.3,493.0,43.5,686.0,35.25456,38.0
15.0,51.0,4.0,6.0,0.0,91.05,1.0,96.3,159.0,84.7,843.0,51.657505,49.0
28.0,43.0,3.0,2.0,0.0,73.51,0.0,58.1,442.0,77.89,1214.0,33.256706,29.0
6.0,83.0,5.0,3.0,0.0,19.94,0.0,68.6,181.0,22.36,958.0,45.989853,40.0
29.0,30.0,3.0,7.0,0.0,141.24,0.0,95.0,189.0,133.92,133.0,33.53344,32.0
3.0,67.0,3.0,3.0,0.0,47.3,0.0,45.1,306.0,52.32,858.0,43.677998,34.0
23.0,54.0,1.0,9.0,0.0,33.99,1.0,84.1,46.0,36.11,1627.0,56.689785,66.0
23.0,62.0,4.0,7.0,1.0,82.66,0.0,89.3,184.0,99.1,980.0,66.61658,55.0
11.0,59.0,5.0,12.0,0.0,66.72,0.0,60.7,285.0,54.24,1727.0,36.886097,32.0
11.0,19.0,5.0,12.0,0.0,68.99,1.0,47.4,304.0,83.21,1916.0,62.64599,50.0
28.0,65.0,5.0,4.0,0.0,50.79,0.0,82.7,160.0,46.94,1135.0,28.779137,28.0
17.0,49.0,0.0,6.0,0.0,96.37,0.0,85.9,264.0,81.67,1986.0,35.502457,35.0
3.0,17.0,6.0,8.0,0.0,147.12,1.0,89.7,416.0,185.77,1820.0,72.72926,74.0
18.0,94.0,6.0,4.0,0.0,49.39,0.0,73.0,194.0,62.46,600.0,49.252316,46.0
20.0,37.0,4.0,1.0,0.0,42.14,0.0,33.4,346.0,35.0,1686.0,29.483044,30.0
20.0,69.0,6.0,6.0,0.0,31.6,1.0,91.0,241.0,37.32,1895.0,56.049095,62.0
23.0,30.0,0.0,1.0,0.0,109.59,1.0,46.0,472.0,133.24,753.0,62.74852,64.0
7.0,80.0,1.0,4.0,0.0,62.93,1.0,70.9,19.0,80.66,1294.0,61.157974,68.0
24.0,3.0,4.0,7.0,0.0,67.62,1.0,78.0,32.0,72.58,1987.0,53.1065,61.0
21.0,98.0,1.0,5.0,0.0,146.81,0.0,75.3,221.0,148.71,704.0,32.63766,38.0
5.0,40.0,3.0,1.0,0.0,10.64,0.0,51.3,43.0,11.36,218.0,37.007965,37.0
9.0,1.0,4.0,11.0,0.0,112.67,1.0,46.9,158.0,106.28,1506.0,53.931923,46.0
2.0,30.0,5.0,3.0,0.0,97.77,0.0,48.8,200.0,88.83,1114.0,33.3125,35.0
19.0,2.0,6.0,6.0,0.0,10.16,0.0,102.8,489.0,8.88,1300.0,35.284595,33.0
13.0,68.0,1.0,11.0,0.0,134.0,0.0,60.5,40.0,139.72,1298.0,40.50774,33.0
21.0,22.0,2.0,2.0,0.0,27.68,0.0,53.3,472.0,24.6,941.0,29.863804,28.0
16.0,23.0,6.0,1.0,0.0,149.44,0.0,61.8,331.0,168.06,258.0,34.576385,32.0
16.0,91.0,1.0,6.0,0.0,138.69,1.0,85.7,165.0,131.77,1562.0,48.62848,32.0
24.0,41.0,6.0,2.0,0.0,59.76,1.0,44.3,358.0,53.64,1140.0,50.169662,51.0
12.0,80.0,2.0,7.0,0.0,68.91,0.0,89.2,331.0,80.1,295.0,45.14343,39.0
15.0,59.0,1.0,1.0,0.0,45.14,1.0,40.8,457.0,39.35,1121.0,53.71492,63.0
8.0,88.0,0.0,11.0,0.0,83.07,1.0,78.5,452.0,91.44,1530.0,65.5623,72.0
7.0,35.0,5.0,8.0,0.0,134.01,0.0,96.0,103.0,133.78,1922.0,42.42709,39.0
10.0,82.0,2.0,1.0,0.0,78.47,1.0,48.7,61.0,77.57,537.0,59.291515,63.0
24.0,68.0,0.0,5.0,0.0,43.99,0.0,96.2,198.0,49.37,229.0,33.633232,34.0
27.0,14.0,2.0,7.0,1.0,65.18,1.0,91.7,69.0,71.8,496.0,83.37062,93.0
30.0,29.0,2.0,1.0,0.0,134.97,1.0,25.6,436.0,109.71,265.0,42.91816,36.0
16.0,85.0,2.0,3.0,0.0,129.56,1.0,42.6,493.0,166.12,1066.0,60.105625,71.0
25.0,29.0,0.0,11.0,1.0,112.22,1.0,60.9,19.0,94.3,660.0,73.38789,85.0
30.0,37.0,5.0,1.0,0.0,29.51,0.0,49.9,454.0,35.74,59.0,33.33487,33.0
6.0,8.0,5.0,4.0,0.0,145.67,1.0,62.6,59.0,155.86,119.0,71.69461,67.0
25.0,47.0,3.0,1.0,0.0,52.64,0.0,46.1,374.0,66.13,1598.0,40.16416,41.0
11.0,77.0,0.0,1.0,0.0,64.95,1.0,33.4,229.0,68.12,1065.0,54.7957,57.0
30.0,54.0,2.0,9.0,0.0,82.82,1.0,79.0,35.0,105.25,850.0,62.61281,68.0
4.0,14.0,6.0,8.0,0.0,134.44,1.0,86.5,101.0,132.5,359.0,56.598724,45.0
30.0,47.0,3.0,12.0,0.0,91.07,1.0,56.1,370.0,107.61,1949.0,64.69197,67.0
11.0,26.0,2.0,5.0,0.0,122.06,1.0,92.1,483.0,124.72,101.0,53.15249,49.0
15.0,82.0,1.0,12.0,0.0,16.54,0.0,50.8,103.0,17.36,1984.0,37.739403,45.0
6.0,47.0,6.0,5.0,0.0,87.81,0.0,80.2,89.0,99.35,718.0,48.016083,58.0
27.0,76.0,5.0,1.0,0.0,48.69,0.0,49.6,144.0,47.74,624.0,31.680737,24.0
4.0,17.0,5.0,5.0,0.0,95.67,0.0,90.9,437.0,116.57,372.0,41.919064,35.0
5.0,100.0,3.0,9.0,0.0,63.13,0.0,72.9,421.0,75.55,1240.0,43.499397,47.0
11.0,34.0,2.0,2.0,0.0,70.84,0.0,56.2,142.0,60.12,1435.0,24.748043,27.0
20.0,11.0,3.0,10.0,0.0,121.77,0.0,70.7,496.0,107.08,593.0,17.730486,15.0
26.0,23.0,0.0,6.0,0.0,17.34,1.0,87.3,61.0,17.88,1093.0,48.87212,54.0
4.0,92.0,6.0,6.0,0.0,81.78,1.0,84.7,368.0,80.62,512.0,45.4712,53.0
1.0,4.0,0.0,4.0,0.0,79.1,0.0,62.4,289.0,88.79,704.0,35.120655,32.0
23.0,88.0,2.0,12.0,0.0,19.66,1.0,50.0,224.0,15.79,147.0,59.853523,67.0
7.0,23.0,5.0,4.0,0.0,89.86,1.0,71.8,219.0,80.24,1574.0,54.090046,52.0
24.0,74.0,4.0,12.0,0.0,104.92,1.0,42.3,381.0,90.02,1312.0,43.28787,44.0
11.0,89.0,5.0,9.0,0.0,17.24,1.0,90.6,473.0,19.32,1314.0,59.079155,65.0
19.0,88.0,6.0,9.0,0.0,60.72,0.0,86.7,432.0,66.63,443.0,37.518505,40.0
23.0,20.0,0.0,5.0,0.0,71.03,0.0,93.3,428.0,76.21,1932.0,41.723732,37.0
15.0,73.0,0.0,5.0,0.0,109.66,1.0,87.1,497.0,133.21,770.0,58.69359,69.0
18.0,21.0,4.0,2.0,0.0,97.95,1.0,33.3,54.0,78.65,904.0,45.71567,42.0
10.0,76.0,3.0,5.0,0.0,131.46,0.0,79.8,351.0,144.24,601.0,42.21898,47.0
4.0,89.0,2.0,8.0,0.0,11.17,1.0,83.5,472.0,10.85,843.0,50.17441,59.0
27.0,1.0,0.0,12.0,0.0,34.68,1.0,37.7,341.0,27.99,1593.0,58.658962,56.0
18.0,86.0,4.0,3.0,0.0,17.88,0.0,54.8,101.0,20.09,220.0,36.844524,38.0
26.0,23.0,0.0,4.0,0.0,83.88,1.0,83.1,260.0,105.07,179.0,54.55119,56.0
30.0,25.0,2.0,11.0,0.0,17.44,0.0,53.6,182.0,19.51,1112.0,35.11342,34.0
12.0,32.0,5.0,10.0,0.0,105.38,0.0,67.5,21.0,95.97,694.0,34.56874,36.0
13.0,21.0,2.0,2.0,0.0,146.83,1.0,50.2,352.0,133.24,185.0,43.73377,29.0
5.0,27.0,5.0,3.0,0.0,120.41,1.0,53.0,437.0,97.86,637.0,45.736965,50.0
2.0,73.0,0.0,10.0,0.0,146.37,0.0,83.3,350.0,144.77,1514.0,39.153576,31.0
8.0,79.0,6.0,4.0,0.0,33.14,0.0,52.5,269.0,32.08,1797.0,40.99559,32.0
8.0,26.0,0.0,3.0,0.0,6.54,1.0,64.0,237.0,7.74,465.0,65.79277,71.0
20.0,37.0,5.0,8.0,0.0,40.58,1.0,89.8,461.0,48.37,741.0,53.636433,44.0
16.0,12.0,0.0,3.0,0.0,134.02,1.0,54.3,22.0,166.84,913.0,62.772133,47.0
19.0,10.0,0.0,12.0,0.0,121.38,1.0,53.0,313.0,119.58,1356.0,57.98835,61.0
26.0,34.0,6.0,9.0,0.0,86.48,1.0,75.4,392.0,96.01,321.0,46.054688,45.0
20.0,22.0,0.0,7.0,0.0,117.27,1.0,97.0,349.0,122.41,789.0,46.218918,42.0
7.0,27.0,1.0,3.0,0.0,92.07,1.0,62.6,10.0,114.42,1709.0,67.79208,80.0
3.0,87.0,4.0,2.0,0.0,107.42,0.0,55.5,330.0,86.41,1436.0,35.717926,34.0
14.0,18.0,1.0,1.0,0.0,82.98,1.0,53.9,39.0,93.03,1547.0,58.390663,59.0
8.0,16.0,4.0,3.0,0.0,69.6,1.0,58.6,356.0,66.6,1164.0,57.06079,54.0
26.0,84.0,6.0,10.0,0.0,98.0,0.0,75.0,233.0,106.41,896.0,30.597069,24.0
3.0,25.0,3.0,4.0,0.0,20.5,1.0,74.4,162.0,21.37,1925.0,65.377045,74.0
2.0,12.0,6.0,1.0,0.0,88.05,1.0,58.9,447.0,77.0,204.0,48.44632,62.0
10.0,34.0,1.0,11.0,0.0,113.94,1.0,63.9,484.0,92.97,1015.0,56.956673,46.0
19.0,21.0,5.0,4.0,0.0,13.7,0.0,61.9,175.0,14.24,1635.0,35.84436,30.0
26.0,94.0,3.0,2.0,0.0,107.56,0.0,51.6,467.0,107.78,1262.0,29.626648,29.0
9.0,10.0,6.0,7.0,1.0,144.29,0.0,92.0,385.0,173.12,1297.0,69.832016,81.0
6.0,53.0,1.0,2.0,0.0,147.73,0.0,54.5,238.0,163.18,457.0,50.35844,54.0
24.0,15.0,6.0,2.0,0.0,70.79,0.0,46.5,71.0,84.05,632.0,37.44418,40.0
1.0,56.0,4.0,6.0,0.0,48.54,1.0,101.6,496.0,49.66,1430.0,48.58766,40.0
10.0,83.0,5.0,2.0,0.0,107.76,1.0,41.0,156.0,124.05,449.0,61.46823,69.0
16.0,48.0,4.0,3.0,0.0,41.4,0.0,69.0,296.0,45.86,1858.0,30.419744,27.0
20.0,45.0,3.0,10.0,0.0,86.08,1.0,69.1,145.0,95.94,829.0,53.63197,45.0
15.0,84.0,4.0,5.0,0.0,40.77,1.0,81.3,50.0,47.87,503.0,53.55845,52.0
30.0,61.0,6.0,1.0,0.0,137.3,1.0,43.8,418.0,158.87,597.0,62.08174,72.0
9.0,53.0,5.0,11.0,1.0,145.28,0.0,53.8,131.0,182.6,453.0,73.75908,86.0
16.0,84.0,1.0,4.0,0.0,109.34,0.0,68.7,108.0,97.2,1970.0,21.449621,22.0
17.0,46.0,6.0,3.0,0.0,96.14,1.0,63.7,345.0,90.7,1242.0,52.602062,38.0
17.0,1.0,5.0,6.0,0.0,58.25,0.0,75.7,240.0,48.08,1966.0,31.631886,31.0
20.0,37.0,3.0,5.0,0.0,23.27,0.0,86.0,255.0,28.51,1464.0,33.97155,33.0
8.0,14.0,1.0,7.0,0.0,61.93,1.0,80.1,373.0,64.71,634.0,58.08741,63.0
25.0,75.0,2.0,5.0,0.0,121.72,1.0,81.7,248.0,141.17,1206.0,60.00978,62.0
3.0,2.0,6.0,10.0,0.0,138.28,0.0,75.5,131.0,175.58,283.0,53.34506,57.0
5.0,37.0,2.0,3.0,0.0,50.28,1.0,60.3,53.0,62.77,1298.0,63.06627,77.0
19.0,72.0,4.0,1.0,0.0,97.42,1.0,46.7,147.0,109.07,325.0,63.528362,47.0
5.0,10.0,3.0,2.0,0.0,91.51,0.0,51.8,434.0,116.75,261.0,45.885048,46.0
28.0,42.0,3.0,3.0,0.0,129.21,1.0,50.9,185.0,137.45,110.0,51.23748,50.0
14.0,42.0,6.0,8.0,0.0,102.66,1.0,84.2,389.0,102.37,871.0,49.92928,45.0
24.0,81.0,5.0,3.0,0.0,40.89,0.0,65.0,418.0,51.99,1837.0,41.9522,41.0
17.0,25.0,4.0,7.0,0.0,98.32,0.0,97.6,270.0,122.28,454.0,41.945763,50.0
11.0,9.0,1.0,12.0,1.0,134.67,0.0,39.4,297.0,117.98,259.0,56.80745,38.0
8.0,98.0,4.0,1.0,0.0,56.79,1.0,43.9,55.0,70.35,1374.0,64.25406,65.0
18.0,28.0,4.0,1.0,0.0,63.77,1.0,39.3,139.0,68.73,743.0,60.628807,66.0
26.0,91.0,4.0,3.0,0.0,63.74,1.0,55.6,112.0,68.66,1112.0,48.78632,45.0
25.0,100.0,0.0,6.0,0.0,37.5,1.0,90.5,201.0,39.85,1622.0,54.279762,56.0
28.0,6.0,6.0,3.0,0.0,104.82,1.0,62.5,204.0,118.28,1320.0,63.718636,58.0
4.0,49.0,3.0,2.0,0.0,31.04,1.0,55.5,451.0,38.48,411.0,56.547714,56.0
9.0,54.0,4.0,4.0,0.0,54.04,0.0,61.9,188.0,67.12,1974.0,40.391716,44.0
30.0,52.0,3.0,3.0,0.0,120.07,1.0,67.2,294.0,115.32,937.0,46.16119,47.0
22.0,41.0,3.0,11.0,0.0,144.22,1.0,62.9,30.0,134.15,1380.0,58.37102,46.0
11.0,7.0,0.0,2.0,0.0,147.84,0.0,41.7,385.0,172.28,872.0,47.6715,47.0
3.0,6.0,1.0,5.0,0.0,61.03,0.0,78.3,448.0,73.9,1623.0,49.287518,49.0
21.0,72.0,3.0,11.0,1.0,118.87,0.0,56.5,129.0,103.81,1186.0,58.215927,60.0
21.0,90.0,6.0,3.0,0.0,14.86,0.0,59.7,229.0,12.69,1201.0,34.108288,29.0
1.0,79.0,6.0,11.0,1.0,71.24,1.0,61.0,117.0,57.86,150.0,73.8528,55.0
13.0,77.0,2.0,5.0,0.0,34.89,0.0,80.5,430.0,44.27,1930.0,42.69748,45.0
10.0,40.0,1.0,9.0,0.0,103.46,1.0,86.6,96.0,120.25,1531.0,66.35223,60.0
5.0,99.0,6.0,3.0,0.0,140.46,0.0,67.1,123.0,126.57,1228.0,29.88582,27.0
1.0,65.0,2.0,12.0,1.0,120.08,1.0,53.3,93.0,121.72,1826.0,76.20619,76.0
21.0,82.0,2.0,6.0,0.0,140.24,0.0,93.7,139.0,131.85,1016.0,32.47271,26.0
1.0,66.0,6.0,10.0,0.0,76.08,0.0,71.4,141.0,64.73,1841.0,27.498516,26.0
8.0,76.0,0.0,2.0,0.0,66.84,0.0,47.8,337.0,74.51,1076.0,41.093212,42.0
6.0,40.0,0.0,10.0,0.0,116.9,1.0,82.8,56.0,142.5,1528.0,73.01108,67.0
28.0,65.0,6.0,9.0,0.0,113.56,0.0,80.6,373.0,146.43,1814.0,48.925266,53.0
20.0,14.0,3.0,3.0,0.0,46.36,1.0,51.8,459.0,52.02,560.0,45.254555,41.0
23.0,99.0,4.0,5.0,0.0,87.89,1.0,78.7,210.0,89.85,79.0,49.650234,52.0
14.0,88.0,0.0,8.0,0.0,58.33,0.0,78.1,126.0,47.83,970.0,32.629074,34.0
16.0,38.0,4.0,11.0,0.0,63.67,0.0,63.0,122.0,79.89,1348.0,33.094986,36.0
29.0,45.0,4.0,3.0,0.0,19.78,0.0,54.5,188.0,20.26,1483.0,46.060783,43.0
5.0,1.0,0.0,1.0,0.0,52.02,1.0,41.9,307.0,67.0,1627.0,58.500362,66.0
24.0,21.0,1.0,6.0,0.0,36.31,1.0,96.5,203.0,43.51,1938.0,58.14902,54.0
14.0,96.0,4.0,9.0,0.0,104.68,0.0,75.5,181.0,122.41,851.0,42.02384,40.0
11.0,64.0,2.0,10.0,0.0,72.89,0.0,73.0,167.0,92.09,1694.0,43.791824,48.0
3.0,30.0,0.0,2.0,0.0,76.35,1.0,48.3,455.0,88.88,1206.0,67.65029,61.0
20.0,61.0,1.0,10.0,0.0,147.3,1.0,81.5,333.0,189.34,557.0,72.46144,77.0
13.0,50.0,6.0,2.0,0.0,92.79,0.0,59.5,487.0,111.74,83.0,42.543568,40.0
12.0,56.0,1.0,7.0,0.0,63.88,1.0,107.0,331.0,68.29,547.0,59.153553,58.0
7.0,50.0,2.0,5.0,0.0,103.11,1.0,77.9,279.0,121.14,588.0,65.38904,63.0
5.0,48.0,4.0,9.0,0.0,9.28,1.0,89.6,313.0,10.59,456.0,54.887638,56.0
26.0,50.0,6.0,4.0,0.0,134.92,0.0,71.5,451.0,147.13,678.0,30.756294,35.0
15.0,9.0,2.0,10.0,0.0,73.91,0.0,69.8,421.0,75.96,1714.0,37.864433,37.0
10.0,23.0,4.0,3.0,0.0,104.16,1.0,62.6,323.0,88.23,1027.0,47.94625,46.0
13.0,40.0,5.0,3.0,0.0,60.22,0.0,55.9,20.0,48.33,1737.0,30.674572,33.0
25.0,54.0,5.0,6.0,0.0,104.71,1.0,104.2,14.0,94.62,1043.0,50.32726,37.0
10.0,78.0,1.0,3.0,0.0,80.73,1.0,67.5,463.0,71.69,1621.0,54.22151,57.0
6.0,53.0,5.0,1.0,0.0,63.47,1.0,36.7,295.0,54.51,921.0,58.106236,64.0
18.0,66.0,4.0,9.0,0.0,15.08,1.0,86.4,289.0,13.59,787.0,58.8293,57.0
21.0,76.0,2.0,1.0,0.0,48.6,1.0,60.7,492.0,53.25,725.0,50.397514,51.0
17.0,35.0,4.0,2.0,0.0,137.81,0.0,43.5,336.0,147.09,522.0,37.36728,36.0
29.0,53.0,0.0,3.0,0.0,20.53,0.0,56.3,450.0,20.92,286.0,40.942764,46.0
7.0,94.0,1.0,1.0,0.0,95.39,1.0,47.3,409.0,114.5,1860.0,69.215866,77.0
3.0,49.0,6.0,7.0,0.0,21.6,0.0,87.5,465.0,24.57,426.0,43.536964,43.0
7.0,39.0,3.0,3.0,0.0,31.59,0.0,68.0,212.0,36.77,738.0,39.34574,38.0
23.0,36.0,5.0,4.0,0.0,24.74,0.0,57.7,227.0,25.99,404.0,37.040745,33.0
30.0,92.0,5.0,7.0,0.0,25.7,1.0,100.8,115.0,25.39,1149.0,53.956303,45.0
6.0,45.0,0.0,6.0,0.0,139.15,0.0,97.4,249.0,118.35,1141.0,34.185097,39.0
13.0,89.0,6.0,12.0,0.0,61.28,1.0,38.0,468.0,63.83,1594.0,59.315647,51.0
16.0,31.0,0.0,1.0,0.0,57.58,0.0,57.0,204.0,63.98,546.0,30.293135,29.0
3.0,46.0,3.0,11.0,0.0,149.23,1.0,54.3,356.0,150.82,343.0,63.49787,50.0
22.0,55.0,1.0,2.0,0.0,35.16,0.0,52.4,272.0,41.06,1325.0,44.702892,43.0
24.0,89.0,0.0,1.0,0.0,37.51,1.0,46.9,176.0,44.16,1056.0,56.72826,58.0
12.0,64.0,4.0,4.0,0.0,56.78,0.0,65.4,495.0,63.62,526.0,43.495804,42.0
9.0,52.0,4.0,8.0,0.0,147.74,0.0,97.8,177.0,119.04,707.0,20.820004,13.0
20.0,27.0,2.0,1.0,0.0,71.12,1.0,54.1,130.0,59.52,545.0,40.06978,50.0
24.0,38.0,5.0,12.0,0.0,55.96,0.0,46.4,428.0,48.87,1084.0,32.650253,21.0
1.0,59.0,3.0,3.0,0.0,119.09,1.0,50.6,377.0,151.31,1642.0,72.63321,74.0
17.0,33.0,6.0,7.0,1.0,52.76,0.0,101.2,289.0,43.77,1150.0,56.2392,48.0
8.0,85.0,6.0,7.0,0.0,86.37,0.0,90.0,459.0,105.78,1351.0,46.56129,52.0
25.0,20.0,0.0,5.0,0.0,101.32,0.0,89.5,384.0,81.2,1151.0,19.893446,18.0
26.0,81.0,0.0,3.0,0.0,64.59,1.0,61.1,68.0,73.05,1595.0,55.28126,65.0
26.0,31.0,3.0,11.0,0.0,101.42,1.0,59.0,344.0,83.66,1297.0,46.32705,49.0
5.0,55.0,2.0,2.0,0.0,33.22,0.0,39.3,37.0,36.53,946.0,34.96665,40.0
20.0,67.0,3.0,2.0,0.0,15.32,0.0,45.7,32.0,13.86,83.0,27.2018,25.0
15.0,19.0,1.0,2.0,0.0,133.95,0.0,62.3,435.0,138.36,1878.0,39.475746,36.0
18.0,27.0,5.0,11.0,0.0,34.03,1.0,44.4,487.0,36.23,919.0,52.945263,60.0
13.0,52.0,4.0,10.0,0.0,11.55,0.0,75.5,64.0,11.07,552.0,32.808083,34.0
27.0,62.0,5.0,3.0,0.0,93.49,0.0,52.1,161.0,100.97,368.0,35.699562,38.0
18.0,22.0,5.0,8.0,0.0,104.23,0.0,90.9,280.0,93.53,1148.0,34.498158,31.0
9.0,94.0,3.0,10.0,0.0,17.72,1.0,66.1,369.0,15.73,1604.0,55.79356,51.0
28.0,62.0,2.0,1.0,0.0,17.85,1.0,31.9,282.0,22.52,1355.0,52.636276,60.0
8.0,25.0,1.0,10.0,0.0,72.07,1.0,73.8,405.0,77.01,1906.0,64.49011,66.0
30.0,84.0,1.0,8.0,0.0,12.54,1.0,90.3,303.0,12.46,1695.0,55.387558,38.0
3.0,58.0,0.0,11.0,0.0,135.53,1.0,56.2,251.0,135.18,1665.0,66.82689,76.0
11.0,54.0,1.0,3.0,0.0,26.67,1.0,60.5,280.0,30.99,1341.0,54.882847,46.0
10.0,79.0,4.0,5.0,0.0,74.28,1.0,77.4,119.0,92.55,1949.0,72.68837,77.0
4.0,96.0,5.0,8.0,0.0,34.89,1.0,85.0,382.0,41.05,1547.0,54.80864,52.0
30.0,83.0,5.0,4.0,0.0,7.91,0.0,66.4,439.0,9.47,465.0,29.275658,26.0
16.0,62.0,1.0,5.0,0.0,93.1,0.0,82.9,436.0,96.75,996.0,24.624134,23.0
13.0,10.0,1.0,3.0,0.0,147.72,0.0,50.5,253.0,137.86,1892.0,32.543762,36.0
19.0,22.0,6.0,5.0,0.0,20.01,0.0,71.7,484.0,21.5,1261.0,34.001137,36.0
2.0,23.0,0.0,4.0,0.0,107.06,0.0,67.2,158.0,123.26,845.0,43.79683,47.0
22.0,43.0,0.0,4.0,0.0,46.64,0.0,70.7,51.0,39.95,363.0,33.493305,39.0
23.0,23.0,0.0,4.0,0.0,55.24,1.0,77.0,267.0,63.66,1602.0,59.185616,53.0
22.0,83.0,3.0,3.0,0.0,25.53,0.0,50.7,201.0,21.76,692.0,37.67549,37.0
10.0,21.0,6.0,4.0,0.0,36.04,1.0,69.6,320.0,36.0,1795.0,56.494076,64.0
3.0,22.0,6.0,3.0,0.0,34.04,1.0,56.3,373.0,35.11,296.0,58.521286,59.0
27.0,8.0,2.0,8.0,0.0,137.6,1.0,88.1,178.0,155.09,1453.0,64.9444,66.0
14.0,39.0,1.0,2.0,0.0,49.62,0.0,57.2,205.0,53.93,1770.0,37.71216,39.0
7.0,20.0,4.0,3.0,0.0,107.9,1.0,55.9,308.0,122.24,1430.0,65.07078,59.0
16.0,72.0,3.0,1.0,0.0,78.37,1.0,42.6,72.0,82.62,1784.0,55.00752,45.0
3.0,63.0,1.0,3.0,0.0,62.56,0.0,49.7,148.0,58.56,382.0,37.049942,40.0
5.0,9.0,5.0,3.0,0.0,114.12,0.0,64.1,420.0,126.65,934.0,40.959496,40.0
26.0,26.0,2.0,12.0,1.0,26.17,1.0,47.4,252.0,24.9,588.0,79.4218,85.0
10.0,82.0,6.0,1.0,0.0,139.96,0.0,39.6,79.0,137.88,1941.0,40.761154,36.0
23.0,50.0,1.0,9.0,0.0,46.54,1.0,103.0,184.0,56.42,1171.0,62.21287,60.0
16.0,94.0,2.0,4.0,0.0,82.19,0.0,70.6,271.0,76.42,1531.0,29.321815,21.0
7.0,52.0,2.0,4.0,0.0,135.14,0.0,77.7,383.0,168.11,217.0,50.73763,51.0
27.0,32.0,2.0,10.0,0.0,62.91,0.0,58.2,96.0,52.32,1408.0,31.80881,32.0
14.0,4.0,6.0,6.0,0.0,131.28,1.0,86.0,289.0,129.3,606.0,54.049595,57.0
13.0,63.0,4.0,2.0,0.0,101.01,0.0,35.4,367.0,93.01,411.0,31.225235,30.0
3.0,81.0,5.0,2.0,0.0,135.97,0.0,52.4,448.0,154.71,1849.0,53.55314,55.0
22.0,13.0,5.0,3.0,0.0,90.57,1.0,53.7,422.0,86.59,1205.0,61.094624,62.0
8.0,7.0,5.0,7.0,0.0,130.9,0.0,93.0,16.0,151.33,504.0,45.26007,46.0
30.0,79.0,0.0,9.0,0.0,46.81,0.0,83.8,33.0,43.97,1823.0,32.56378,32.0
4.0,13.0,2.0,2.0,0.0,75.44,0.0,48.2,327.0,70.22,798.0,26.1902,24.0
3.0,39.0,6.0,2.0,0.0,149.34,1.0,55.3,420.0,166.46,628.0,66.25426,72.0
8.0,74.0,3.0,4.0,0.0,102.0,0.0,59.9,483.0,87.37,1250.0,31.834122,25.0
15.0,71.0,1.0,3.0,0.0,23.52,0.0,55.1,94.0,26.85,1326.0,39.18535,37.0
20.0,79.0,0.0,7.0,1.0,118.49,0.0,85.0,135.0,123.17,1246.0,60.021465,51.0
29.0,92.0,6.0,8.0,0.0,130.55,0.0,97.9,375.0,159.93,211.0,48.525097,49.0
8.0,15.0,2.0,12.0,1.0,24.75,0.0,55.6,333.0,28.14,1558.0,62.53205,74.0
4.0,46.0,3.0,3.0,0.0,22.26,0.0,64.7,10.0,19.5,1938.0,35.194393,30.0
16.0,56.0,1.0,11.0,0.0,108.29,0.0,65.5,423.0,122.24,103.0,31.234451,24.0
28.0,65.0,4.0,7.0,0.0,61.88,1.0,98.8,348.0,61.94,480.0,51.46097,50.0
15.0,4.0,0.0,3.0,0.0,149.81,0.0,52.5,228.0,127.19,1965.0,31.680315,30.0
27.0,67.0,5.0,4.0,0.0,100.36,1.0,78.5,285.0,125.39,768.0,69.37779,60.0
26.0,78.0,6.0,2.0,0.0,51.63,1.0,43.0,364.0,66.96,72.0,48.08179,55.0
30.0,52.0,1.0,8.0,0.0,71.44,0.0,106.2,315.0,60.16,1213.0,30.447392,21.0
19.0,50.0,0.0,4.0,0.0,116.1,1.0,67.4,420.0,126.44,629.0,60.422344,49.0
17.0,24.0,3.0,2.0,0.0,17.53,1.0,42.0,268.0,15.18,1930.0,57.25528,59.0
24.0,15.0,3.0,5.0,0.0,128.71,0.0,93.7,131.0,107.19,551.0,22.846724,19.0
3.0,24.0,5.0,2.0,0.0,119.32,0.0,46.4,151.0,101.77,1778.0,32.63487,29.0
29.0,51.0,3.0,4.0,0.0,21.23,0.0,68.0,451.0,17.17,1766.0,43.65553,42.0
29.0,46.0,0.0,8.0,0.0,128.78,1.0,105.0,441.0,116.06,1976.0,53.879326,45.0
13.0,31.0,3.0,8.0,0.0,113.6,1.0,99.9,418.0,92.93,94.0,46.237347,39.0
11.0,32.0,0.0,12.0,0.0,29.87,0.0,53.4,466.0,34.07,1680.0,39.133873,40.0
2.0,11.0,1.0,1.0,0.0,117.66,0.0,44.4,76.0,105.14,1336.0,30.623447,31.0
24.0,3.0,2.0,11.0,0.0,129.9,0.0,59.6,139.0,124.51,1522.0,33.919567,31.0
3.0,93.0,4.0,10.0,0.0,24.08,0.0,77.4,345.0,21.97,1609.0,45.01944,48.0
15.0,61.0,0.0,1.0,0.0,22.69,0.0,49.9,339.0,22.36,392.0,38.080685,41.0
1.0,92.0,3.0,2.0,0.0,91.86,0.0,43.7,420.0,106.54,944.0,34.438858,32.0
29.0,13.0,2.0,3.0,0.0,129.05,1.0,47.3,407.0,106.69,790.0,48.143932,47.0
20.0,52.0,3.0,3.0,0.0,116.68,0.0,75.9,426.0,118.62,1714.0,29.966864,24.0
10.0,91.0,0.0,7.0,0.0,53.02,1.0,110.5,44.0,61.62,205.0,61.922157,72.0
22.0,14.0,1.0,3.0,0.0,94.21,0.0,41.7,449.0,103.7,1008.0,44.006485,50.0
23.0,81.0,6.0,8.0,0.0,121.8,0.0,89.5,217.0,99.34,601.0,26.34231,27.0
14.0,66.0,6.0,4.0,0.0,124.18,0.0,62.2,426.0,139.86,1621.0,39.803444,42.0
16.0,33.0,3.0,11.0,1.0,39.11,1.0,61.7,300.0,50.51,1314.0,81.708664,72.0
7.0,13.0,3.0,1.0,0.0,66.9,1.0,32.7,237.0,69.21,1677.0,59.55726,51.0
16.0,87.0,5.0,5.0,0.0,23.03,0.0,83.8,263.0,24.23,1038.0,27.933252,26.0
12.0,10.0,1.0,5.0,0.0,124.36,1.0,72.2,188.0,158.38,635.0,76.3809,62.0
26.0,26.0,6.0,7.0,0.0,9.78,0.0,94.0,11.0,12.46,1687.0,37.292233,37.0
25.0,26.0,1.0,4.0,0.0,19.74,1.0,70.6,163.0,22.52,1629.0,57.085823,52.0
26.0,70.0,0.0,2.0,0.0,98.04,0.0,48.4,395.0,91.9,543.0,23.396708,15.0
3.0,13.0,4.0,2.0,0.0,86.94,1.0,54.6,182.0,89.47,120.0,54.59273,46.0
14.0,44.0,3.0,12.0,0.0,44.55,1.0,46.7,59.0,51.9,876.0,60.92095,62.0
7.0,99.0,0.0,2.0,0.0,114.83,0.0,36.8,461.0,108.07,1426.0,37.08763,35.0
14.0,75.0,6.0,5.0,0.0,85.81,1.0,89.2,130.0,90.03,218.0,51.35292,71.0
22.0,7.0,5.0,4.0,0.0,48.32,0.0,69.3,332.0,42.93,1235.0,38.37234,34.0
26.0,30.0,1.0,2.0,0.0,140.12,1.0,36.6,287.0,137.75,588.0,42.974365,40.0
7.0,43.0,2.0,10.0,0.0,54.4,1.0,48.5,10.0,57.74,464.0,56.98444,64.0
4.0,73.0,5.0,3.0,0.0,52.37,1.0,60.5,86.0,60.75,1501.0,56.31955,52.0
4.0,98.0,5.0,1.0,0.0,146.12,0.0,55.0,37.0,131.59,803.0,31.266571,25.0
30.0,4.0,4.0,1.0,0.0,76.48,1.0,42.2,299.0,70.69,1221.0,49.226547,40.0
11.0,61.0,6.0,5.0,0.0,51.97,1.0,99.5,361.0,57.95,573.0,58.509823,61.0
25.0,33.0,0.0,3.0,0.0,40.88,1.0,55.3,456.0,41.65,1662.0,50.55017,49.0
9.0,60.0,0.0,4.0,0.0,55.25,0.0,62.7,134.0,55.31,594.0,30.605196,31.0
26.0,61.0,3.0,12.0,1.0,112.87,0.0,39.5,477.0,113.96,1446.0,62.593204,51.0
11.0,57.0,2.0,9.0,0.0,41.43,0.0,87.1,317.0,51.5,782.0,39.667557,37.0
13.0,26.0,2.0,12.0,0.0,45.97,1.0,53.7,327.0,42.85,105.0,51.43684,58.0
27.0,81.0,5.0,11.0,0.0,130.01,1.0,57.1,58.0,166.14,1485.0,73.537735,86.0
13.0,52.0,0.0,7.0,0.0,130.91,1.0,94.5,66.0,135.32,348.0,54.062378,47.0
4.0,94.0,4.0,3.0,0.0,46.36,1.0,58.2,418.0,40.41,862.0,57.338135,51.0
19.0,74.0,6.0,12.0,0.0,139.83,0.0,40.2,273.0,116.73,1264.0,23.226711,23.0
8.0,20.0,6.0,4.0,0.0,106.9,1.0,70.8,36.0,111.76,112.0,60.52899,53.0
21.0,46.0,3.0,2.0,0.0,97.05,1.0,55.2,26.0,114.46,1436.0,60.688362,62.0
30.0,65.0,6.0,6.0,0.0,83.98,0.0,103.9,428.0,76.23,1329.0,29.13862,30.0
23.0,91.0,5.0,1.0,0.0,138.93,1.0,54.7,203.0,162.24,905.0,67.48247,77.0
15.0,83.0,3.0,12.0,0.0,22.5,1.0,57.3,258.0,28.77,1210.0,56.566917,59.0
20.0,5.0,6.0,4.0,0.0,29.5,1.0,63.1,351.0,32.25,856.0,46.546333,54.0
4.0,53.0,0.0,12.0,0.0,114.57,0.0,50.2,436.0,115.65,1391.0,34.65469,39.0
9.0,59.0,1.0,11.0,1.0,76.53,0.0,48.3,49.0,70.45,844.0,60.62185,67.0
26.0,98.0,5.0,4.0,0.0,36.41,0.0,70.0,36.0,41.5,231.0,32.5825,34.0
27.0,80.0,6.0,5.0,0.0,67.69,0.0,80.1,104.0,55.04,1128.0,34.605877,32.0
22.0,3.0,3.0,6.0,0.0,19.55,0.0,98.0,499.0,15.71,662.0,38.646065,39.0
13.0,31.0,0.0,10.0,0.0,128.19,0.0,61.9,78.0,109.13,1122.0,26.346603,28.0
12.0,77.0,4.0,1.0,0.0,80.5,1.0,56.9,153.0,96.38,201.0,64.82747,75.0
21.0,28.0,4.0,5.0,0.0,84.23,0.0,80.1,285.0,96.85,547.0,37.567604,39.0
24.0,3.0,2.0,1.0,0.0,76.01,0.0,46.3,19.0,71.64,540.0,28.360485,35.0
8.0,20.0,0.0,3.0,0.0,111.99,1.0,54.5,177.0,104.56,1574.0,52.28999,60.0
8.0,75.0,3.0,6.0,0.0,65.32,0.0,93.3,200.0,70.51,1556.0,45.097324,44.0
10.0,40.0,6.0,2.0,0.0,100.15,1.0,40.0,457.0,125.78,1500.0,70.5578,77.0
30.0,13.0,0.0,9.0,0.0,50.03,0.0,65.8,197.0,59.37,296.0,32.87778,31.0
19.0,7.0,0.0,3.0,0.0,86.89,0.0,70.3,395.0,85.62,80.0,32.965374,28.0
14.0,88.0,6.0,5.0,0.0,148.14,0.0,75.2,136.0,142.83,1619.0,34.311386,34.0
28.0,88.0,2.0,5.0,0.0,77.52,1.0,87.6,260.0,79.77,1172.0,53.221447,52.0
7.0,84.0,3.0,10.0,0.0,149.66,1.0,69.2,374.0,129.84,889.0,46.033207,53.0
29.0,26.0,6.0,6.0,0.0,29.44,0.0,93.5,499.0,29.88,1063.0,48.773365,47.0
16.0,29.0,6.0,11.0,0.0,46.15,0.0,72.2,446.0,59.45,1107.0,39.173523,35.0
29.0,97.0,3.0,4.0,0.0,72.49,0.0,67.9,265.0,64.94,929.0,40.397717,48.0
1.0,7.0,5.0,6.0,0.0,27.02,1.0,102.8,31.0,34.17,1479.0,50.523083,50.0
19.0,5.0,4.0,6.0,0.0,67.42,1.0,86.1,277.0,54.53,215.0,47.14821,54.0
7.0,20.0,5.0,10.0,0.0,88.52,0.0,66.3,315.0,78.48,1727.0,35.759666,35.0
18.0,15.0,5.0,1.0,0.0,75.52,1.0,46.2,372.0,84.21,642.0,57.236694,66.0
1.0,42.0,0.0,11.0,0.0,124.91,0.0,48.7,269.0,122.89,798.0,31.351461,24.0
28.0,89.0,1.0,11.0,0.0,55.07,0.0,55.2,107.0,66.45,283.0,38.452606,40.0
25.0,29.0,2.0,5.0,0.0,33.96,0.0,82.2,106.0,37.9,137.0,31.665285,39.0
30.0,12.0,1.0,1.0,0.0,74.81,0.0,46.8,23.0,88.43,288.0,35.85298,34.0
6.0,39.0,5.0,3.0,0.0,60.45,1.0,54.0,229.0,74.2,373.0,68.10217,73.0
26.0,5.0,2.0,6.0,0.0,77.32,1.0,85.9,19.0,90.77,1099.0,48.87458,47.0
11.0,24.0,5.0,2.0,0.0,80.7,1.0,40.3,100.0,74.41,1802.0,51.928787,50.0
15.0,32.0,1.0,8.0,0.0,114.39,1.0,97.0,110.0,102.99,1844.0,55.33802,47.0
10.0,20.0,2.0,9.0,0.0,115.91,0.0,78.9,200.0,96.33,666.0,24.958153,29.0
25.0,74.0,4.0,2.0,0.0,89.46,1.0,51.0,488.0,78.49,1922.0,48.6521,36.0
15.0,63.0,1.0,1.0,0.0,112.95,1.0,33.6,105.0,140.76,1034.0,64.217224,72.0
21.0,8.0,4.0,1.0,0.0,79.88,1.0,61.9,215.0,72.25,1748.0,53.207874,60.0
1.0,62.0,5.0,2.0,0.0,128.87,0.0,49.2,65.0,125.12,98.0,23.133602,23.0
19.0,86.0,6.0,10.0,0.0,84.71,0.0,58.5,15.0,85.22,943.0,34.08374,35.0
12.0,62.0,4.0,2.0,0.0,111.14,0.0,85.8,103.0,94.46,1597.0,30.68121,26.0
7.0,86.0,4.0,5.0,0.0,104.34,1.0,90.1,151.0,116.05,480.0,61.359882,66.0
15.0,45.0,3.0,6.0,0.0,42.53,1.0,98.4,304.0,36.91,711.0,51.27843,58.0
4.0,24.0,2.0,4.0,0.0,147.72,0.0,80.9,189.0,130.93,1530.0,24.599056,20.0
14.0,76.0,6.0,1.0,0.0,119.5,1.0,50.6,191.0,124.19,375.0,51.08435,63.0
10.0,34.0,6.0,2.0,0.0,18.18,0.0,50.1,335.0,15.26,1794.0,37.284573,34.0
16.0,36.0,0.0,1.0,0.0,44.49,0.0,40.0,200.0,55.64,1662.0,30.33501,38.0
21.0,15.0,4.0,9.0,0.0,21.49,1.0,84.9,492.0,23.41,457.0,50.02835,48.0
17.0,37.0,5.0,2.0,0.0,125.19,0.0,50.4,217.0,132.09,1467.0,37.84756,42.0
29.0,99.0,4.0,4.0,0.0,56.74,1.0,74.9,138.0,55.54,1146.0,55.11563,66.0
22.0,71.0,1.0,1.0,0.0,133.75,0.0,37.1,100.0,137.4,541.0,41.83255,41.0
18.0,13.0,1.0,8.0,0.0,32.35,0.0,96.1,89.0,36.84,954.0,35.725815,39.0
22.0,29.0,3.0,2.0,0.0,59.81,0.0,52.0,271.0,55.92,1851.0,42.56226,49.0
9.0,11.0,5.0,3.0,0.0,144.72,1.0,73.9,379.0,140.29,880.0,44.177444,50.0
26.0,34.0,5.0,1.0,0.0,92.85,0.0,59.6,472.0,90.4,1691.0,26.28589,19.0
3.0,91.0,1.0,6.0,0.0,85.55,1.0,97.3,12.0,100.28,1482.0,63.441677,66.0
7.0,52.0,6.0,2.0,0.0,20.49,1.0,62.8,131.0,20.49,1342.0,59.77082,65.0
5.0,33.0,1.0,1.0,0.0,85.18,0.0,40.7,305.0,87.18,571.0,35.30639,40.0
3.0,21.0,2.0,1.0,0.0,41.78,0.0,35.9,58.0,35.28,344.0,34.496468,34.0
30.0,63.0,6.0,9.0,0.0,137.51,0.0,93.6,236.0,158.25,308.0,42.49574,41.0
20.0,27.0,2.0,11.0,0.0,92.16,0.0,55.3,243.0,95.34,1493.0,34.27224,31.0
19.0,33.0,3.0,1.0,0.0,28.12,1.0,50.3,481.0,34.97,780.0,51.929497,56.0
6.0,23.0,2.0,5.0,0.0,74.5,1.0,73.9,174.0,70.12,395.0,61.840916,55.0
10.0,8.0,3.0,11.0,1.0,43.32,1.0,68.8,385.0,47.88,1286.0,92.20684,88.0
27.0,73.0,4.0,1.0,0.0,50.42,0.0,54.1,265.0,43.47,514.0,28.734709,31.0
13.0,53.0,6.0,7.0,1.0,95.97,1.0,82.3,41.0,106.59,1561.0,81.7432,106.0
23.0,32.0,1.0,5.0,0.0,51.97,1.0,81.8,202.0,60.71,604.0,59.69941,73.0
12.0,83.0,4.0,6.0,0.0,115.49,0.0,75.6,294.0,114.34,1900.0,37.007507,37.0
19.0,41.0,2.0,5.0,0.0,96.36,1.0,80.9,19.0,112.87,1355.0,64.59984,65.0
24.0,45.0,6.0,10.0,0.0,143.0,1.0,64.9,21.0,156.03,1114.0,58.836044,64.0
15.0,72.0,0.0,1.0,0.0,76.38,0.0,43.3,377.0,77.77,587.0,33.50936,43.0
20.0,41.0,6.0,11.0,1.0,111.77,1.0,56.8,239.0,110.98,1724.0,78.49872,77.0
13.0,90.0,2.0,2.0,0.0,64.91,1.0,47.1,49.0,64.79,1153.0,51.24026,47.0
13.0,83.0,4.0,8.0,0.0,107.5,0.0,83.2,212.0,112.29,736.0,34.285698,29.0
17.0,62.0,5.0,8.0,0.0,93.04,0.0,91.4,274.0,103.08,353.0,36.373962,33.0
27.0,26.0,3.0,4.0,0.0,96.99,1.0,69.8,411.0,120.08,985.0,69.85968,66.0
25.0,88.0,5.0,1.0,0.0,36.93,0.0,48.5,287.0,46.21,637.0,34.42896,37.0
26.0,92.0,2.0,7.0,0.0,70.36,0.0,82.6,124.0,66.79,543.0,23.294924,17.0
13.0,78.0,6.0,4.0,0.0,33.31,1.0,66.7,423.0,35.83,250.0,51.1823,43.0
27.0,8.0,0.0,11.0,1.0,130.54,1.0,53.2,153.0,131.27,114.0,78.43629,100.0
19.0,21.0,0.0,11.0,0.0,82.86,0.0,61.5,38.0,106.38,940.0,46.440384,37.0
1.0,59.0,0.0,4.0,0.0,112.54,0.0,81.8,50.0,101.91,1908.0,26.636446,28.0
24.0,91.0,1.0,10.0,0.0,59.88,1.0,68.6,147.0,60.61,795.0,57.976055,50.0
10.0,26.0,1.0,9.0,0.0,91.88,0.0,96.0,163.0,118.01,1005.0,49.790882,58.0
21.0,19.0,1.0,1.0,0.0,47.62,0.0,42.7,148.0,39.52,274.0,23.519138,20.0
24.0,45.0,3.0,2.0,0.0,56.06,1.0,41.4,115.0,46.33,151.0,45.107037,40.0
4.0,52.0,0.0,4.0,0.0,56.83,0.0,76.0,300.0,51.21,1943.0,28.94366,31.0
14.0,39.0,6.0,2.0,0.0,16.68,0.0,45.4,172.0,13.66,1680.0,34.830048,34.0
21.0,23.0,1.0,4.0,0.0,17.69,1.0,72.4,10.0,18.31,1083.0,51.66671,67.0
20.0,9.0,5.0,1.0,0.0,136.4,0.0,44.1,103.0,130.16,1204.0,26.309103,17.0
14.0,9.0,5.0,10.0,0.0,23.14,0.0,68.6,314.0,29.21,1284.0,37.804253,38.0
15.0,35.0,6.0,10.0,0.0,38.77,0.0,69.9,466.0,50.11,1836.0,41.747585,45.0
24.0,52.0,5.0,2.0,0.0,57.16,1.0,47.9,179.0,46.42,272.0,43.74778,43.0
15.0,89.0,3.0,2.0,0.0,11.62,1.0,50.0,433.0,9.92,1560.0,56.07517,56.0
20.0,82.0,3.0,3.0,0.0,105.94,1.0,53.5,418.0,133.94,733.0,60.864517,61.0
11.0,60.0,5.0,11.0,0.0,23.44,1.0,47.3,495.0,24.88,1334.0,54.727013,48.0
18.0,58.0,3.0,3.0,0.0,109.84,1.0,62.3,471.0,109.72,1938.0,58.43741,68.0
22.0,92.0,5.0,4.0,0.0,99.1,0.0,80.3,417.0,122.63,646.0,47.300323,51.0
24.0,97.0,6.0,4.0,0.0,58.51,1.0,70.7,146.0,74.44,293.0,59.319565,52.0
30.0,30.0,4.0,10.0,0.0,70.41,0.0,64.4,480.0,76.71,1627.0,36.372936,33.0
23.0,90.0,3.0,5.0,0.0,142.0,1.0,68.4,452.0,168.85,1942.0,72.04704,61.0
9.0,22.0,4.0,7.0,1.0,94.86,0.0,84.6,311.0,111.49,1677.0,73.64961,79.0
18.0,22.0,0.0,8.0,0.0,130.15,0.0,87.0,314.0,105.03,519.0,26.40172,20.0
23.0,80.0,6.0,9.0,0.0,80.22,0.0,80.1,450.0,82.55,1481.0,41.06167,41.0
3.0,77.0,1.0,2.0,0.0,80.33,1.0,51.9,299.0,72.33,1503.0,58.79271,69.0
13.0,8.0,1.0,6.0,0.0,38.81,0.0,102.4,248.0,34.57,1319.0,36.501778,41.0
3.0,10.0,0.0,4.0,0.0,47.23,0.0,70.9,316.0,58.04,196.0,45.719154,45.0
10.0,36.0,2.0,5.0,0.0,91.19,1.0,93.7,389.0,101.0,1316.0,61.543854,62.0
28.0,67.0,1.0,5.0,0.0,105.75,0.0,93.2,397.0,103.88,474.0,27.776012,27.0
19.0,46.0,0.0,4.0,0.0,15.01,0.0,62.0,73.0,15.11,758.0,34.055977,31.0
22.0,72.0,6.0,6.0,0.0,50.9,0.0,85.8,392.0,59.02,1059.0,48.345337,47.0
12.0,54.0,5.0,4.0,0.0,19.47,0.0,72.8,424.0,16.21,1761.0,40.214355,41.0
9.0,64.0,6.0,3.0,0.0,22.16,1.0,54.8,190.0,18.94,596.0,48.235844,47.0
18.0,49.0,2.0,5.0,0.0,12.36,1.0,85.8,489.0,11.71,936.0,57.95237,58.0
13.0,64.0,3.0,6.0,0.0,82.93,1.0,88.5,315.0,100.13,1807.0,66.757515,64.0
1.0,51.0,1.0,6.0,0.0,112.43,0.0,84.3,259.0,110.95,1063.0,28.518682,28.0
14.0,30.0,4.0,2.0,0.0,78.66,1.0,55.7,111.0,69.6,337.0,45.110676,55.0
11.0,14.0,6.0,1.0,0.0,71.05,1.0,50.8,240.0,85.89,55.0,61.00514,57.0
8.0,9.0,3.0,2.0,0.0,74.69,1.0,54.6,498.0,65.58,980.0,49.33165,51.0
6.0,70.0,6.0,4.0,0.0,62.56,0.0,70.1,127.0,76.6,1758.0,53.62959,49.0
28.0,46.0,0.0,3.0,0.0,8.12,0.0,63.5,489.0,8.89,591.0,27.200176,25.0
17.0,9.0,5.0,7.0,0.0,69.24,0.0,95.3,313.0,57.46,1429.0,30.479355,33.0
30.0,41.0,5.0,11.0,1.0,148.85,1.0,62.9,351.0,139.81,155.0,72.94403,53.0
24.0,5.0,6.0,1.0,0.0,145.36,1.0,38.2,335.0,120.89,1867.0,45.034397,48.0
6.0,47.0,6.0,1.0,0.0,60.3,0.0,42.0,181.0,71.31,393.0,48.58316,52.0
1.0,9.0,3.0,2.0,0.0,8.38,0.0,42.3,173.0,10.7,743.0,26.56624,29.0
22.0,76.0,3.0,9.0,0.0,97.84,0.0,86.3,151.0,90.34,1665.0,39.102516,38.0
18.0,38.0,5.0,2.0,0.0,133.26,0.0,56.1,27.0,128.0,135.0,31.478195,37.0
21.0,29.0,4.0,6.0,0.0,51.98,1.0,96.9,321.0,48.04,1485.0,57.132103,62.0
14.0,58.0,3.0,11.0,0.0,83.67,0.0,51.8,121.0,73.58,1139.0,30.15154,35.0
27.0,98.0,2.0,11.0,1.0,113.23,0.0,56.4,16.0,107.21,190.0,57.698303,51.0
5.0,11.0,4.0,12.0,0.0,13.9,1.0,43.9,281.0,13.32,1527.0,59.16999,63.0
23.0,37.0,0.0,2.0,0.0,36.15,0.0,50.8,162.0,33.13,1838.0,39.816544,38.0
21.0,100.0,1.0,4.0,0.0,75.66,1.0,74.5,257.0,93.28,1024.0,64.4785,59.0
20.0,63.0,6.0,3.0,0.0,97.78,0.0,48.6,116.0,124.92,427.0,44.729195,43.0
27.0,99.0,1.0,11.0,1.0,133.3,1.0,58.9,305.0,168.87,1246.0,90.540695,93.0
29.0,8.0,2.0,4.0,0.0,83.7,0.0,75.6,157.0,83.41,1263.0,42.835144,47.0
8.0,22.0,3.0,2.0,0.0,136.1,0.0,55.0,259.0,172.11,533.0,54.4824,53.0
9.0,86.0,5.0,3.0,0.0,51.46,0.0,50.9,111.0,60.71,258.0,33.760902,36.0
1.0,80.0,2.0,3.0,0.0,104.87,0.0,62.1,200.0,110.27,202.0,33.136665,34.0
7.0,75.0,2.0,5.0,0.0,117.36,1.0,79.0,197.0,132.68,1937.0,66.98207,67.0
7.0,82.0,6.0,2.0,0.0,11.1,1.0,51.3,198.0,14.4,904.0,60.003586,55.0
28.0,63.0,6.0,4.0,0.0,20.26,0.0,66.7,149.0,25.55,1118.0,37.789455,40.0
7.0,39.0,0.0,3.0,0.0,39.42,0.0,43.3,49.0,32.39,1507.0,37.151825,39.0
30.0,83.0,5.0,10.0,0.0,142.82,1.0,69.4,154.0,149.5,240.0,51.60116,54.0
28.0,39.0,2.0,4.0,0.0,96.64,1.0,73.9,119.0,113.22,881.0,60.670628,66.0
22.0,83.0,2.0,4.0,0.0,54.79,1.0,68.3,226.0,50.65,1844.0,63.793633,63.0
10.0,49.0,2.0,11.0,0.0,15.5,0.0,55.9,78.0,14.22,283.0,43.446007,40.0
13.0,73.0,1.0,10.0,0.0,113.96,1.0,68.3,83.0,132.1,1118.0,61.862797,58.0
9.0,84.0,3.0,11.0,0.0,105.33,0.0,58.6,404.0,104.55,1785.0,37.462433,30.0
28.0,46.0,5.0,1.0,0.0,50.52,0.0,48.7,346.0,64.35,1312.0,35.583164,31.0
22.0,12.0,2.0,4.0,0.0,137.68,1.0,59.4,474.0,156.66,347.0,64.65102,70.0
4.0,16.0,2.0,2.0,0.0,58.53,0.0,31.8,376.0,54.2,1105.0,29.194965,28.0
12.0,53.0,4.0,6.0,0.0,70.17,0.0,88.3,341.0,62.69,624.0,37.568832,41.0
7.0,5.0,5.0,4.0,0.0,70.32,0.0,73.3,106.0,91.1,1176.0,47.887707,44.0
22.0,3.0,3.0,3.0,0.0,147.93,1.0,61.2,43.0,148.78,820.0,57.90325,60.0
23.0,1.0,4.0,2.0,0.0,70.56,1.0,53.9,172.0,87.42,1530.0,64.07826,63.0
23.0,99.0,6.0,3.0,0.0,23.95,0.0,54.2,78.0,21.73,1859.0,38.2559,34.0
3.0,97.0,1.0,12.0,0.0,68.16,0.0,40.3,302.0,77.96,247.0,42.946667,43.0
4.0,68.0,1.0,11.0,1.0,19.77,1.0,53.0,426.0,16.03,1499.0,83.05617,90.0
13.0,5.0,0.0,10.0,0.0,97.1,1.0,65.9,227.0,99.24,1885.0,56.649178,67.0
9.0,45.0,4.0,8.0,0.0,96.39,1.0,81.4,108.0,100.19,772.0,56.050537,58.0
17.0,90.0,5.0,5.0,0.0,52.36,1.0,91.0,480.0,63.36,829.0,65.020615,69.0
10.0,88.0,4.0,6.0,0.0,52.35,1.0,92.4,284.0,53.5,910.0,61.465233,65.0
4.0,52.0,2.0,4.0,0.0,84.93,1.0,75.3,349.0,94.89,209.0,54.792347,45.0
26.0,13.0,5.0,2.0,0.0,100.45,0.0,47.3,419.0,96.79,695.0,19.9174,21.0
17.0,69.0,4.0,5.0,0.0,76.69,1.0,90.7,63.0,97.44,221.0,60.2621,66.0
7.0,13.0,0.0,2.0,0.0,53.18,1.0,57.7,261.0,43.56,1903.0,59.321846,57.0
17.0,34.0,0.0,1.0,0.0,144.81,1.0,37.8,360.0,151.68,108.0,47.265045,42.0
24.0,81.0,0.0,5.0,0.0,86.94,0.0,85.8,347.0,103.4,1593.0,41.677315,41.0
8.0,8.0,4.0,11.0,1.0,16.0,1.0,62.3,108.0,19.37,686.0,85.50627,101.0
7.0,46.0,1.0,3.0,0.0,117.94,1.0,53.0,284.0,150.85,854.0,74.024086,64.0
5.0,97.0,1.0,1.0,0.0,120.81,0.0,42.8,55.0,125.86,348.0,41.782333,42.0
23.0,39.0,6.0,4.0,0.0,133.86,1.0,62.4,31.0,167.34,1322.0,69.097,75.0
7.0,52.0,0.0,4.0,0.0,97.33,1.0,69.1,322.0,81.55,568.0,51.96006,48.0
24.0,38.0,4.0,7.0,0.0,142.05,1.0,101.2,350.0,134.61,1333.0,46.837234,49.0
1.0,15.0,5.0,6.0,0.0,59.81,0.0,74.5,447.0,50.03,91.0,22.207594,20.0
25.0,50.0,5.0,8.0,0.0,73.86,0.0,88.5,88.0,59.26,1228.0,26.94727,15.0
16.0,31.0,0.0,7.0,1.0,92.45,1.0,91.4,310.0,93.12,925.0,74.91938,69.0
23.0,71.0,1.0,9.0,0.0,6.98,1.0,82.8,486.0,8.3,189.0,57.413635,59.0
7.0,54.0,5.0,1.0,0.0,14.09,1.0,46.2,41.0,12.25,1889.0,62.065952,58.0
17.0,7.0,2.0,7.0,0.0,91.21,1.0,119.4,350.0,80.68,1487.0,52.418987,54.0
25.0,99.0,5.0,4.0,0.0,55.75,0.0,63.4,320.0,45.92,658.0,24.381876,17.0
7.0,3.0,2.0,6.0,0.0,93.89,0.0,90.0,220.0,76.46,1242.0,30.185787,27.0
22.0,74.0,3.0,9.0,0.0,72.95,1.0,84.7,442.0,69.4,1896.0,61.78193,61.0
28.0,12.0,5.0,3.0,0.0,19.26,1.0,43.8,179.0,16.78,1424.0,49.99796,48.0
25.0,21.0,6.0,7.0,1.0,35.71,1.0,86.2,340.0,35.31,1819.0,86.636475,89.0
13.0,65.0,4.0,7.0,0.0,45.83,1.0,96.1,480.0,55.49,167.0,56.0952,66.0
9.0,37.0,4.0,3.0,0.0,116.19,0.0,56.5,185.0,103.92,1308.0,31.069809,27.0
10.0,2.0,1.0,5.0,0.0,127.88,1.0,79.4,271.0,130.69,1248.0,59.16884,51.0
22.0,4.0,5.0,9.0,0.0,132.41,0.0,90.8,464.0,137.19,853.0,42.96608,50.0
4.0,73.0,2.0,2.0,0.0,100.44,0.0,59.6,261.0,106.7,1512.0,38.35053,32.0
15.0,39.0,1.0,9.0,0.0,123.16,1.0,68.9,68.0,107.49,78.0,41.531075,35.0
20.0,7.0,2.0,5.0,0.0,60.88,1.0,83.9,324.0,59.57,1603.0,52.357265,36.0
17.0,16.0,3.0,5.0,0.0,147.06,0.0,78.5,134.0,166.71,665.0,41.801098,42.0
14.0,32.0,1.0,1.0,0.0,103.3,1.0,59.2,104.0,106.21,535.0,54.665825,41.0
17.0,81.0,0.0,12.0,0.0,48.84,1.0,58.6,445.0,60.24,1959.0,62.51714,61.0
19.0,15.0,0.0,12.0,0.0,81.85,1.0,46.6,408.0,82.4,145.0,48.12554,49.0
19.0,28.0,4.0,4.0,0.0,56.87,1.0,59.5,438.0,66.78,1531.0,63.35314,67.0
8.0,8.0,1.0,2.0,0.0,43.38,0.0,45.8,185.0,53.67,1539.0,46.255917,54.0
16.0,72.0,5.0,12.0,0.0,70.33,1.0,45.1,140.0,83.92,527.0,52.79651,57.0
14.0,28.0,1.0,11.0,0.0,40.17,0.0,52.9,287.0,40.1,363.0,34.689106,32.0
10.0,97.0,0.0,1.0,0.0,96.32,1.0,55.0,307.0,95.28,1479.0,66.30381,67.0
29.0,3.0,0.0,1.0,0.0,90.87,1.0,58.4,294.0,74.97,1453.0,54.19825,59.0
29.0,45.0,1.0,2.0,0.0,105.52,0.0,44.7,331.0,97.1,378.0,38.87094,38.0
7.0,62.0,2.0,1.0,0.0,33.92,1.0,37.8,338.0,32.84,123.0,55.931202,44.0
27.0,81.0,6.0,5.0,0.0,112.61,1.0,80.0,445.0,101.42,1492.0,47.978344,52.0
22.0,96.0,4.0,4.0,0.0,138.42,0.0,68.2,494.0,146.27,597.0,44.496048,40.0
10.0,8.0,0.0,4.0,0.0,120.3,1.0,70.1,396.0,102.67,855.0,47.988064,60.0
3.0,27.0,4.0,6.0,0.0,71.1,0.0,91.5,398.0,74.86,778.0,40.975853,43.0
5.0,12.0,4.0,5.0,0.0,59.18,0.0,70.3,368.0,62.28,966.0,36.180664,34.0
28.0,81.0,4.0,3.0,0.0,114.37,0.0,60.7,127.0,105.78,522.0,28.871952,36.0
11.0,64.0,3.0,10.0,0.0,39.45,0.0,65.2,209.0,41.45,1470.0,37.195816,32.0
24.0,67.0,3.0,10.0,0.0,127.82,0.0,68.4,394.0,133.24,1362.0,39.1982,36.0
16.0,66.0,0.0,11.0,0.0,43.71,1.0,46.4,216.0,42.13,568.0,40.23762,46.0
17.0,87.0,5.0,5.0,0.0,15.99,1.0,83.9,270.0,15.2,1210.0,58.210415,46.0
11.0,40.0,6.0,11.0,0.0,21.4,0.0,53.3,436.0,27.29,1772.0,39.001167,37.0
29.0,26.0,5.0,12.0,1.0,74.78,1.0,44.1,33.0,65.22,976.0,79.131714,102.0
21.0,74.0,0.0,6.0,0.0,112.98,1.0,90.7,172.0,128.26,352.0,59.4939,63.0
30.0,8.0,0.0,4.0,0.0,121.07,0.0,73.8,77.0,131.77,414.0,36.747635,42.0
29.0,44.0,2.0,3.0,0.0,29.96,0.0,52.2,426.0,27.69,1765.0,42.110706,40.0
13.0,6.0,5.0,7.0,0.0,148.62,0.0,101.1,212.0,123.47,468.0,22.955605,15.0
1.0,94.0,5.0,11.0,1.0,20.76,1.0,59.4,173.0,18.61,1009.0,74.0436,76.0
2.0,37.0,6.0,4.0,0.0,33.8,1.0,71.7,40.0,28.67,1572.0,61.137264,49.0
22.0,9.0,0.0,9.0,0.0,58.7,0.0,80.9,497.0,70.76,1638.0,50.068413,54.0
11.0,94.0,1.0,10.0,0.0,7.73,1.0,74.5,186.0,8.69,1623.0,57.05743,62.0
12.0,74.0,5.0,4.0,0.0,37.44,1.0,67.5,448.0,40.37,761.0,55.739143,61.0
5.0,71.0,2.0,5.0,0.0,17.69,1.0,77.5,370.0,16.4,579.0,53.326035,44.0
8.0,49.0,2.0,2.0,0.0,71.78,0.0,49.9,155.0,69.94,1406.0,39.8821,42.0
26.0,1.0,2.0,10.0,0.0,45.32,0.0,76.5,446.0,50.23,1238.0,27.196512,26.0
16.0,29.0,3.0,4.0,0.0,70.62,1.0,61.8,242.0,64.51,551.0,47.87,42.0
28.0,11.0,6.0,3.0,0.0,101.58,1.0,46.9,80.0,112.46,609.0,54.82331,43.0
11.0,46.0,1.0,5.0,0.0,61.43,0.0,74.3,418.0,51.24,328.0,25.629652,24.0
3.0,62.0,1.0,2.0,0.0,107.06,1.0,45.1,268.0,119.59,1777.0,69.19946,81.0
22.0,15.0,1.0,5.0,0.0,18.86,1.0,83.4,265.0,20.01,354.0,59.71731,54.0
29.0,85.0,4.0,2.0,0.0,77.97,0.0,46.7,441.0,72.81,1045.0,37.997993,38.0
8.0,35.0,3.0,1.0,0.0,130.02,0.0,43.3,472.0,150.1,209.0,47.180553,51.0
4.0,18.0,0.0,3.0,0.0,26.43,0.0,53.5,468.0,26.99,446.0,31.677284,37.0
29.0,8.0,4.0,7.0,0.0,58.01,1.0,97.0,197.0,55.56,1788.0,61.06907,71.0
9.0,73.0,1.0,1.0,0.0,68.01,1.0,38.2,135.0,81.82,1189.0,56.17543,54.0
26.0,51.0,3.0,7.0,1.0,127.79,0.0,96.2,263.0,137.94,1004.0,66.09854,63.0
12.0,46.0,2.0,11.0,0.0,29.33,1.0,53.2,136.0,32.05,1137.0,55.025208,47.0
12.0,51.0,6.0,9.0,0.0,132.53,1.0,77.5,213.0,114.55,444.0,40.981945,53.0
18.0,38.0,2.0,5.0,0.0,24.86,1.0,87.3,357.0,20.01,740.0,57.28489,56.0
7.0,61.0,1.0,5.0,0.0,123.59,0.0,84.7,71.0,142.95,638.0,48.13553,51.0
20.0,16.0,0.0,8.0,0.0,33.9,1.0,93.2,371.0,34.2,1359.0,49.647404,54.0
2.0,10.0,5.0,3.0,0.0,148.49,1.0,67.7,29.0,161.07,1814.0,66.0347,75.0
12.0,25.0,6.0,1.0,0.0,27.96,0.0,48.4,240.0,33.47,963.0,38.450302,47.0
21.0,66.0,5.0,2.0,0.0,127.82,0.0,47.7,22.0,105.11,1449.0,23.559355,20.0
27.0,55.0,4.0,5.0,0.0,24.32,0.0,85.3,19.0,23.03,1666.0,36.867935,34.0
25.0,91.0,6.0,6.0,0.0,92.78,0.0,87.4,350.0,77.96,361.0,21.370384,20.0
6.0,27.0,2.0,10.0,0.0,94.63,1.0,70.5,62.0,106.62,1334.0,70.39893,64.0
1.0,68.0,4.0,4.0,0.0,7.44,0.0,58.0,201.0,7.3,570.0,25.943335,28.0
28.0,40.0,6.0,2.0,0.0,37.13,0.0,40.6,407.0,39.22,1029.0,32.094025,33.0
13.0,24.0,4.0,11.0,0.0,16.75,0.0,66.4,223.0,15.6,337.0,31.312714,28.0
18.0,25.0,1.0,4.0,0.0,47.1,1.0,82.4,473.0,50.65,1554.0,64.08958,66.0
25.0,77.0,4.0,3.0,0.0,135.96,0.0,55.7,205.0,130.18,1794.0,31.014952,31.0
10.0,17.0,6.0,6.0,0.0,112.4,1.0,87.8,68.0,120.45,1122.0,60.310833,62.0
8.0,11.0,5.0,3.0,0.0,112.39,1.0,67.1,354.0,101.65,1953.0,54.34026,60.0
6.0,43.0,3.0,1.0,0.0,13.6,1.0,50.6,12.0,15.33,1485.0,63.843864,64.0
28.0,11.0,0.0,5.0,0.0,48.55,0.0,76.6,132.0,43.64,428.0,25.558426,27.0
16.0,98.0,1.0,6.0,0.0,56.82,1.0,90.5,189.0,54.09,569.0,42.440258,40.0
28.0,96.0,6.0,9.0,0.0,28.67,0.0,86.5,374.0,25.61,1765.0,31.293478,35.0
17.0,97.0,3.0,2.0,0.0,116.79,1.0,45.3,44.0,114.87,1549.0,57.8494,61.0
15.0,30.0,0.0,10.0,0.0,128.02,1.0,76.0,275.0,164.62,1075.0,69.64131,77.0
24.0,39.0,3.0,5.0,0.0,21.84,0.0,77.6,134.0,24.18,443.0,32.287178,32.0
17.0,87.0,6.0,4.0,0.0,16.06,1.0,66.6,283.0,13.54,87.0,54.81644,51.0
9.0,41.0,1.0,5.0,0.0,142.0,0.0,88.6,240.0,153.59,270.0,36.83811,30.0
9.0,59.0,1.0,3.0,0.0,73.89,0.0,61.2,10.0,73.19,1966.0,38.889427,36.0
14.0,30.0,0.0,1.0,0.0,126.79,1.0,37.8,90.0,121.82,147.0,47.280216,55.0
11.0,5.0,0.0,3.0,0.0,88.34,1.0,58.7,149.0,107.65,328.0,57.173866,64.0
7.0,76.0,4.0,9.0,0.0,86.69,0.0,69.1,433.0,76.6,1786.0,36.800537,39.0
9.0,24.0,0.0,4.0,0.0,78.45,1.0,79.4,147.0,85.65,838.0,51.43657,51.0
18.0,46.0,0.0,2.0,0.0,127.67,1.0,43.4,285.0,136.17,1892.0,63.4931,57.0
30.0,81.0,5.0,4.0,0.0,134.88,0.0,70.1,71.0,152.64,806.0,42.33918,42.0
18.0,71.0,2.0,12.0,1.0,124.17,1.0,64.3,192.0,147.52,179.0,84.93329,88.0
29.0,83.0,1.0,5.0,0.0,25.57,0.0,97.7,59.0,32.14,1640.0,45.785336,43.0
4.0,68.0,0.0,4.0,0.0,46.28,1.0,74.9,19.0,52.14,1927.0,56.708008,62.0
22.0,90.0,2.0,3.0,0.0,56.49,1.0,58.6,438.0,64.1,562.0,66.728,65.0
4.0,69.0,5.0,4.0,0.0,40.87,1.0,58.8,165.0,37.19,1805.0,56.77103,58.0
15.0,32.0,2.0,5.0,0.0,49.81,1.0,83.0,490.0,61.23,295.0,57.57933,67.0
1.0,85.0,6.0,1.0,0.0,6.6,0.0,52.2,382.0,5.6,418.0,24.14254,20.0
6.0,77.0,6.0,7.0,1.0,18.16,0.0,109.7,381.0,17.3,439.0,63.42933,87.0
9.0,45.0,1.0,4.0,0.0,20.82,0.0,72.3,119.0,19.71,1497.0,34.623016,39.0
9.0,93.0,3.0,2.0,0.0,56.33,1.0,51.7,254.0,70.61,931.0,56.23872,55.0
10.0,37.0,1.0,4.0,0.0,113.37,0.0,51.4,343.0,129.97,1681.0,49.395893,52.0
15.0,74.0,3.0,11.0,0.0,42.8,0.0,51.9,264.0,43.23,872.0,35.10028,31.0
15.0,65.0,0.0,1.0,0.0,5.12,0.0,54.2,228.0,6.23,843.0,35.075153,35.0
6.0,59.0,6.0,10.0,0.0,102.48,0.0,59.8,354.0,86.94,1406.0,41.14264,44.0
26.0,82.0,0.0,10.0,0.0,116.52,0.0,67.8,80.0,147.23,1889.0,45.722656,49.0
6.0,25.0,0.0,1.0,0.0,22.12,1.0,46.4,195.0,20.19,1844.0,63.338398,69.0
13.0,53.0,5.0,4.0,0.0,82.52,0.0,61.6,236.0,85.65,833.0,37.11946,33.0
22.0,100.0,0.0,6.0,0.0,29.64,0.0,91.6,384.0,29.32,511.0,41.788055,37.0
6.0,95.0,5.0,9.0,0.0,9.07,1.0,91.7,362.0,9.9,759.0,65.61737,67.0
11.0,36.0,6.0,6.0,0.0,36.69,0.0,83.7,445.0,29.61,971.0,31.290606,28.0
13.0,51.0,4.0,9.0,0.0,45.36,0.0,73.2,135.0,38.35,1597.0,32.533176,36.0
1.0,84.0,2.0,2.0,0.0,104.91,0.0,53.6,103.0,128.85,1171.0,41.271343,40.0
5.0,49.0,4.0,1.0,0.0,14.01,1.0,57.0,152.0,13.19,242.0,56.354992,52.0
30.0,77.0,1.0,10.0,0.0,56.01,0.0,85.3,385.0,47.03,1258.0,30.002989,23.0
12.0,28.0,0.0,7.0,1.0,139.75,0.0,109.7,126.0,134.49,491.0,51.223255,71.0
26.0,18.0,3.0,5.0,0.0,121.39,1.0,76.3,379.0,119.82,1440.0,50.6703,32.0
23.0,9.0,0.0,4.0,0.0,64.48,0.0,59.1,379.0,72.7,605.0,40.365917,38.0
21.0,54.0,4.0,5.0,0.0,92.46,0.0,84.7,82.0,100.87,1537.0,40.01827,41.0
22.0,37.0,3.0,3.0,0.0,128.72,1.0,65.6,140.0,122.97,1445.0,57.914513,66.0
14.0,4.0,6.0,12.0,1.0,80.89,1.0,63.0,21.0,72.13,1610.0,86.226,88.0
17.0,64.0,2.0,12.0,0.0,87.68,0.0,36.0,271.0,92.51,688.0,39.025574,40.0
9.0,73.0,4.0,6.0,0.0,100.27,0.0,99.3,272.0,95.99,92.0,31.08451,25.0
1.0,53.0,3.0,12.0,0.0,88.12,0.0,45.1,380.0,99.65,1917.0,39.831383,43.0
25.0,74.0,5.0,6.0,0.0,136.19,0.0,83.2,154.0,129.74,520.0,25.778624,17.0
19.0,67.0,2.0,10.0,0.0,124.7,1.0,69.6,335.0,133.66,360.0,55.98946,59.0
1.0,59.0,5.0,8.0,0.0,48.04,1.0,101.9,97.0,42.36,1333.0,49.679863,44.0
24.0,47.0,1.0,12.0,0.0,10.46,0.0,56.8,457.0,8.37,1673.0,40.44061,37.0
25.0,92.0,0.0,5.0,0.0,103.9,0.0,71.3,136.0,90.97,1413.0,24.304249,23.0
19.0,61.0,2.0,2.0,0.0,58.31,1.0,59.8,198.0,72.27,827.0,61.872196,62.0
7.0,52.0,4.0,4.0,0.0,17.0,0.0,91.4,221.0,14.65,1962.0,42.312355,37.0
17.0,73.0,4.0,8.0,0.0,113.73,0.0,97.9,388.0,145.09,449.0,46.79215,43.0
9.0,16.0,2.0,7.0,0.0,42.8,0.0,90.2,361.0,54.19,202.0,35.6539,35.0
20.0,94.0,5.0,7.0,0.0,99.52,1.0,84.5,308.0,81.02,859.0,41.929153,34.0
24.0,58.0,0.0,3.0,0.0,58.66,1.0,56.8,411.0,67.39,500.0,59.99775,53.0
24.0,32.0,4.0,9.0,0.0,79.68,0.0,64.9,101.0,79.13,1285.0,32.878506,28.0
16.0,50.0,3.0,2.0,0.0,49.81,1.0,43.2,422.0,64.62,1956.0,53.03992,44.0
11.0,40.0,2.0,1.0,0.0,51.99,0.0,42.2,321.0,65.34,1013.0,40.371117,42.0
30.0,28.0,2.0,3.0,0.0,139.23,0.0,54.1,70.0,177.99,1967.0,54.95466,51.0
16.0,33.0,1.0,5.0,0.0,132.92,0.0,85.4,292.0,135.22,318.0,24.886889,23.0
11.0,70.0,3.0,7.0,1.0,119.17,1.0,80.5,352.0,130.45,390.0,77.68649,74.0
3.0,41.0,6.0,2.0,0.0,31.75,0.0,45.4,482.0,35.98,99.0,38.8973,41.0
13.0,20.0,5.0,8.0,0.0,85.15,0.0,91.4,26.0,91.92,1618.0,38.414078,36.0
4.0,91.0,0.0,4.0,0.0,75.66,1.0,72.2,75.0,88.8,250.0,56.519516,48.0
27.0,24.0,4.0,2.0,0.0,12.99,0.0,36.1,218.0,12.1,605.0,32.787804,28.0
14.0,41.0,0.0,1.0,0.0,122.67,0.0,48.3,332.0,121.01,1701.0,33.9786,33.0
7.0,14.0,4.0,12.0,0.0,16.51,0.0,46.1,217.0,14.43,1280.0,40.7035,39.0
28.0,49.0,3.0,4.0,0.0,28.89,1.0,72.4,97.0,29.2,1352.0,57.438423,54.0
29.0,50.0,4.0,2.0,0.0,115.44,0.0,42.3,354.0,114.8,1840.0,43.006817,42.0
3.0,70.0,0.0,8.0,0.0,110.9,0.0,78.2,334.0,133.28,1542.0,47.32111,45.0
30.0,75.0,2.0,1.0,0.0,56.98,0.0,59.4,457.0,70.73,1520.0,40.839756,43.0
21.0,65.0,6.0,6.0,0.0,64.05,1.0,86.2,465.0,82.49,1528.0,64.768845,60.0
14.0,86.0,5.0,1.0,0.0,84.11,0.0,38.9,272.0,90.88,242.0,36.078205,32.0
10.0,2.0,5.0,5.0,0.0,80.73,0.0,95.6,345.0,97.76,1646.0,42.408657,47.0
27.0,15.0,2.0,5.0,0.0,72.88,0.0,73.0,321.0,61.88,984.0,30.715939,29.0
16.0,44.0,6.0,5.0,0.0,14.08,1.0,82.4,206.0,14.65,726.0,42.480606,34.0
28.0,53.0,3.0,10.0,0.0,75.09,0.0,79.2,102.0,61.17,79.0,26.027073,23.0
23.0,11.0,4.0,11.0,0.0,109.02,1.0,57.4,457.0,107.21,1824.0,50.94385,46.0
23.0,29.0,1.0,3.0,0.0,95.1,1.0,56.8,214.0,100.91,1565.0,59.128654,60.0
16.0,35.0,2.0,3.0,0.0,5.02,0.0,69.9,248.0,6.22,1502.0,30.654797,28.0
8.0,64.0,5.0,8.0,0.0,120.84,0.0,97.9,143.0,123.03,1996.0,41.486767,44.0
21.0,26.0,6.0,4.0,0.0,108.62,0.0,70.0,316.0,139.62,1565.0,52.692955,54.0
6.0,67.0,6.0,2.0,0.0,129.64,1.0,41.8,119.0,128.67,910.0,60.564186,61.0
5.0,75.0,0.0,10.0,0.0,88.61,0.0,61.7,422.0,82.95,1942.0,37.6531,39.0
9.0,90.0,1.0,7.0,0.0,148.52,0.0,98.3,294.0,121.19,646.0,20.890171,20.0
21.0,33.0,0.0,7.0,0.0,81.51,1.0,97.6,64.0,73.85,853.0,49.97693,36.0
13.0,36.0,6.0,4.0,0.0,26.67,0.0,76.6,222.0,22.66,1094.0,34.347965,30.0
19.0,46.0,3.0,2.0,0.0,40.56,1.0,53.6,48.0,34.43,812.0,50.023777,45.0
17.0,26.0,2.0,11.0,1.0,14.72,1.0,62.3,129.0,15.67,1327.0,81.069115,116.0
5.0,46.0,3.0,9.0,0.0,81.99,1.0,93.8,331.0,71.69,362.0,47.27165,50.0
16.0,61.0,5.0,5.0,0.0,79.31,0.0,82.9,243.0,71.83,52.0,18.515488,23.0
4.0,48.0,0.0,7.0,0.0,50.33,1.0,94.3,467.0,52.38,383.0,53.372078,65.0
15.0,48.0,4.0,5.0,0.0,17.85,1.0,81.4,55.0,20.51,386.0,51.560127,52.0
22.0,51.0,0.0,1.0,0.0,56.4,0.0,35.4,74.0,70.17,1357.0,48.352886,50.0
16.0,19.0,5.0,2.0,0.0,139.11,0.0,57.3,461.0,113.42,1238.0,15.182217,11.0
10.0,38.0,2.0,1.0,0.0,9.96,0.0,50.5,303.0,10.08,1793.0,43.191685,43.0
7.0,43.0,2.0,1.0,0.0,141.64,0.0,45.1,117.0,135.35,815.0,36.48647,28.0
5.0,58.0,2.0,5.0,0.0,30.7,1.0,73.5,448.0,35.19,413.0,53.87412,56.0
2.0,60.0,0.0,3.0,0.0,145.47,0.0,59.9,398.0,121.63,399.0,25.845757,22.0
4.0,62.0,2.0,5.0,0.0,81.64,0.0,83.4,289.0,95.12,1889.0,40.169838,36.0
23.0,80.0,2.0,3.0,0.0,29.36,0.0,58.1,476.0,31.26,576.0,39.23992,36.0
17.0,70.0,2.0,6.0,0.0,125.36,1.0,91.2,401.0,140.74,1048.0,62.87615,53.0
27.0,90.0,6.0,11.0,0.0,52.83,1.0,48.1,484.0,59.63,1861.0,65.2404,73.0
13.0,24.0,3.0,12.0,0.0,22.35,0.0,46.3,168.0,22.07,166.0,30.779654,28.0
17.0,68.0,0.0,4.0,0.0,66.89,1.0,71.9,115.0,58.21,1073.0,48.656303,45.0
19.0,86.0,6.0,6.0,0.0,106.92,0.0,88.0,46.0,91.19,1225.0,31.487928,24.0
10.0,66.0,1.0,1.0,0.0,114.73,1.0,54.9,388.0,127.03,405.0,63.366055,68.0
11.0,62.0,4.0,5.0,0.0,69.76,0.0,81.8,288.0,60.19,770.0,26.04297,32.0
14.0,59.0,3.0,1.0,0.0,130.97,1.0,51.3,495.0,127.57,64.0,50.765575,45.0
15.0,54.0,1.0,12.0,0.0,76.91,1.0,34.0,248.0,80.81,563.0,53.90154,58.0
1.0,71.0,6.0,1.0,0.0,106.18,0.0,43.6,64.0,131.53,100.0,33.618034,37.0
21.0,78.0,0.0,11.0,0.0,28.74,0.0,70.8,279.0,27.2,1477.0,34.697853,34.0
26.0,82.0,1.0,8.0,0.0,136.65,1.0,91.1,452.0,129.01,1987.0,48.935783,52.0
21.0,25.0,2.0,1.0,0.0,31.67,0.0,61.5,136.0,35.64,1041.0,32.79586,42.0
18.0,15.0,6.0,8.0,0.0,74.91,1.0,91.7,250.0,73.03,810.0,57.462715,49.0
14.0,14.0,2.0,3.0,0.0,69.65,0.0,62.5,320.0,82.81,359.0,37.572136,39.0
7.0,5.0,1.0,5.0,0.0,24.54,1.0,111.9,483.0,23.1,939.0,59.8881,66.0
27.0,21.0,0.0,4.0,0.0,9.43,1.0,72.2,13.0,8.89,466.0,49.783184,41.0
20.0,21.0,1.0,3.0,0.0,59.86,1.0,64.9,498.0,63.5,774.0,47.35592,39.0
1.0,34.0,2.0,2.0,0.0,144.35,1.0,42.9,322.0,158.68,398.0,49.048275,58.0
16.0,54.0,2.0,4.0,0.0,129.05,0.0,55.2,302.0,130.87,211.0,23.924414,20.0
24.0,64.0,2.0,11.0,0.0,55.84,0.0,60.8,300.0,65.78,837.0,38.202103,40.0
22.0,69.0,2.0,4.0,0.0,72.63,0.0,61.7,479.0,89.03,1239.0,50.986866,60.0
24.0,92.0,3.0,10.0,0.0,7.57,1.0,76.8,132.0,7.22,1953.0,54.252216,57.0
30.0,100.0,3.0,4.0,0.0,86.19,0.0,70.4,319.0,103.42,1110.0,40.148838,41.0
4.0,72.0,1.0,10.0,0.0,65.76,1.0,85.4,44.0,54.14,1294.0,51.660748,49.0
10.0,5.0,5.0,12.0,0.0,24.1,0.0,56.6,109.0,23.01,1750.0,43.09684,36.0
24.0,30.0,2.0,5.0,0.0,35.35,1.0,80.5,307.0,38.33,1756.0,55.0095,54.0
17.0,99.0,4.0,4.0,0.0,133.89,1.0,69.4,349.0,109.62,433.0,44.532944,46.0
7.0,19.0,2.0,3.0,0.0,148.76,0.0,74.2,416.0,122.8,757.0,22.662413,17.0
10.0,33.0,3.0,4.0,0.0,67.47,1.0,72.8,381.0,87.08,1102.0,64.72342,76.0
7.0,93.0,6.0,7.0,1.0,44.3,0.0,87.1,448.0,45.39,188.0,65.0341,79.0
27.0,10.0,5.0,3.0,0.0,84.65,0.0,54.3,36.0,68.44,1798.0,31.713558,26.0
13.0,69.0,2.0,11.0,0.0,20.61,1.0,58.8,169.0,17.74,1710.0,60.74281,51.0
26.0,21.0,4.0,3.0,0.0,51.2,0.0,59.4,28.0,51.26,1318.0,26.521214,21.0
18.0,43.0,5.0,2.0,0.0,122.97,0.0,49.3,42.0,106.55,726.0,27.733355,29.0
15.0,89.0,2.0,6.0,0.0,79.37,0.0,95.7,312.0,87.07,280.0,36.92832,32.0
26.0,95.0,4.0,3.0,0.0,18.36,0.0,55.7,315.0,20.86,1999.0,30.213718,27.0
26.0,75.0,2.0,9.0,0.0,60.02,1.0,81.5,52.0,48.8,1933.0,49.49239,50.0
8.0,17.0,5.0,5.0,0.0,79.12,0.0,79.3,427.0,96.12,1877.0,46.70997,44.0
17.0,49.0,5.0,7.0,1.0,84.64,0.0,85.1,263.0,72.34,942.0,61.411396,61.0
8.0,84.0,3.0,4.0,0.0,47.83,0.0,63.9,117.0,43.1,996.0,35.434856,30.0
11.0,65.0,1.0,4.0,0.0,11.23,0.0,67.2,345.0,11.31,1242.0,32.765995,32.0
28.0,26.0,1.0,3.0,0.0,27.61,1.0,63.4,58.0,26.73,1723.0,60.995693,63.0
9.0,39.0,4.0,7.0,1.0,20.47,1.0,89.8,332.0,16.7,1440.0,77.41865,87.0
18.0,58.0,1.0,4.0,0.0,105.7,0.0,68.7,185.0,129.32,678.0,53.160366,56.0
3.0,47.0,6.0,6.0,0.0,48.11,1.0,101.5,88.0,56.27,645.0,61.368275,64.0
10.0,54.0,1.0,3.0,0.0,62.52,0.0,46.9,108.0,63.4,290.0,36.443268,34.0
30.0,62.0,1.0,1.0,0.0,92.8,0.0,46.1,102.0,79.7,124.0,23.121761,21.0
27.0,64.0,6.0,10.0,0.0,59.47,1.0,79.6,355.0,53.25,502.0,51.72145,61.0
29.0,15.0,4.0,9.0,0.0,75.15,1.0,94.8,271.0,75.67,217.0,57.588257,55.0
27.0,27.0,1.0,6.0,0.0,143.69,1.0,93.3,237.0,132.66,819.0,48.632248,57.0
20.0,42.0,2.0,4.0,0.0,43.8,0.0,72.3,477.0,36.92,73.0,20.591661,18.0
13.0,29.0,2.0,3.0,0.0,67.73,1.0,42.2,207.0,64.31,1566.0,55.812847,66.0
26.0,10.0,3.0,1.0,0.0,48.8,1.0,45.1,72.0,51.52,1591.0,49.001057,51.0
16.0,70.0,1.0,4.0,0.0,136.27,0.0,68.8,51.0,174.44,959.0,42.327587,40.0
20.0,13.0,0.0,4.0,0.0,122.45,1.0,73.2,417.0,107.25,367.0,34.865128,21.0
26.0,95.0,0.0,2.0,0.0,104.82,0.0,61.9,437.0,118.68,1998.0,35.91644,28.0
18.0,22.0,1.0,4.0,0.0,65.78,0.0,80.9,492.0,77.58,1504.0,42.388943,40.0
20.0,98.0,0.0,3.0,0.0,119.36,1.0,49.3,170.0,124.18,650.0,48.481453,62.0
9.0,34.0,2.0,6.0,0.0,42.47,1.0,88.8,197.0,48.13,956.0,49.02162,43.0
20.0,10.0,3.0,5.0,0.0,14.84,0.0,82.4,159.0,17.06,107.0,27.002295,24.0
8.0,2.0,5.0,10.0,0.0,133.16,0.0,82.5,385.0,144.59,946.0,42.044197,43.0
20.0,13.0,3.0,5.0,0.0,96.51,0.0,74.7,78.0,104.02,249.0,28.557745,26.0
3.0,75.0,5.0,8.0,0.0,84.95,1.0,92.5,314.0,106.4,670.0,66.62758,65.0
23.0,75.0,5.0,5.0,0.0,10.57,1.0,92.2,47.0,10.12,1519.0,58.997547,65.0
23.0,97.0,2.0,3.0,0.0,63.26,1.0,58.6,17.0,61.04,1987.0,58.373047,53.0
24.0,62.0,0.0,10.0,0.0,115.04,1.0,74.7,374.0,111.46,1548.0,54.10514,40.0
5.0,9.0,6.0,5.0,0.0,109.79,1.0,89.1,347.0,136.18,86.0,63.9675,69.0
19.0,13.0,6.0,4.0,0.0,98.9,1.0,63.2,379.0,119.16,993.0,63.037712,69.0
16.0,12.0,5.0,10.0,0.0,146.64,0.0,60.6,264.0,174.99,383.0,39.22373,34.0
18.0,70.0,2.0,5.0,0.0,85.88,1.0,91.7,56.0,78.13,319.0,45.478317,40.0
7.0,84.0,2.0,8.0,0.0,82.12,0.0,93.3,327.0,93.07,749.0,45.387817,42.0
11.0,46.0,6.0,3.0,0.0,142.15,0.0,61.9,464.0,125.46,951.0,24.451784,24.0
9.0,55.0,6.0,3.0,0.0,88.46,1.0,57.0,190.0,103.76,278.0,53.578835,53.0
7.0,85.0,2.0,5.0,0.0,51.72,0.0,82.3,218.0,49.14,608.0,33.59009,34.0
17.0,37.0,0.0,9.0,0.0,69.28,1.0,76.4,88.0,86.67,1048.0,63.276314,78.0
22.0,75.0,3.0,6.0,0.0,58.46,0.0,89.9,207.0,63.43,944.0,45.23373,45.0
4.0,49.0,1.0,11.0,0.0,119.55,0.0,63.0,182.0,119.7,177.0,34.946026,32.0
28.0,64.0,6.0,1.0,0.0,61.38,1.0,36.5,26.0,73.3,758.0,57.26497,63.0
22.0,78.0,2.0,6.0,0.0,124.56,0.0,86.3,23.0,131.26,889.0,45.729473,47.0
14.0,11.0,3.0,6.0,0.0,68.27,0.0,82.7,132.0,74.3,1698.0,37.380505,32.0
23.0,65.0,1.0,10.0,0.0,110.74,1.0,70.7,396.0,99.86,696.0,53.7906,49.0
7.0,58.0,3.0,1.0,0.0,13.27,1.0,40.3,433.0,12.9,1462.0,65.50348,65.0
16.0,16.0,3.0,3.0,0.0,26.17,0.0,55.8,44.0,31.81,1403.0,28.7787,30.0
1.0,29.0,5.0,3.0,0.0,40.34,1.0,70.8,312.0,33.17,229.0,46.60082,57.0
9.0,34.0,6.0,12.0,1.0,98.08,1.0,49.5,124.0,81.66,1921.0,73.32765,81.0
17.0,97.0,6.0,8.0,0.0,90.62,0.0,93.5,72.0,109.54,1829.0,50.60601,49.0
24.0,4.0,0.0,1.0,0.0,94.37,1.0,48.0,461.0,100.09,408.0,46.52297,58.0
20.0,56.0,3.0,12.0,0.0,100.96,1.0,48.4,363.0,108.99,874.0,53.707092,60.0
29.0,50.0,4.0,2.0,0.0,61.53,0.0,45.8,134.0,64.46,394.0,42.94034,45.0
12.0,83.0,4.0,7.0,0.0,122.68,0.0,89.1,418.0,128.47,649.0,39.16207,43.0
22.0,75.0,1.0,8.0,0.0,78.86,1.0,102.7,71.0,100.22,791.0,68.151276,84.0
29.0,21.0,4.0,6.0,0.0,7.16,0.0,92.7,383.0,6.4,1796.0,43.071003,38.0
7.0,84.0,1.0,9.0,0.0,75.53,0.0,70.1,96.0,71.9,347.0,35.52013,32.0
14.0,86.0,2.0,10.0,0.0,35.66,0.0,69.4,402.0,45.75,856.0,34.499985,39.0
18.0,36.0,2.0,11.0,0.0,8.14,1.0,52.7,286.0,9.91,1458.0,59.762646,62.0
30.0,66.0,1.0,3.0,0.0,50.72,1.0,42.3,13.0,64.22,1595.0,61.334,54.0
9.0,57.0,4.0,2.0,0.0,21.21,1.0,50.1,145.0,26.66,1885.0,59.138477,58.0
10.0,22.0,6.0,10.0,0.0,116.64,0.0,69.5,192.0,132.2,1456.0,42.39791,44.0
4.0,34.0,1.0,8.0,0.0,105.51,0.0,89.0,197.0,127.76,476.0,41.690876,38.0
26.0,27.0,4.0,7.0,0.0,80.64,0.0,90.9,26.0,72.05,463.0,22.905499,22.0
16.0,59.0,0.0,1.0,0.0,17.75,0.0,55.8,29.0,18.23,89.0,26.069029,23.0
16.0,46.0,3.0,4.0,0.0,128.34,0.0,68.9,328.0,148.86,1934.0,37.118385,38.0
2.0,29.0,1.0,4.0,0.0,50.92,0.0,72.1,302.0,64.01,1809.0,50.69087,51.0
21.0,17.0,2.0,6.0,0.0,62.42,0.0,88.7,392.0,57.98,1441.0,29.291952,24.0
28.0,19.0,0.0,10.0,0.0,19.8,1.0,84.3,171.0,24.83,618.0,49.851788,47.0
25.0,43.0,2.0,2.0,0.0,48.54,1.0,56.1,471.0,57.2,458.0,47.988544,53.0
17.0,14.0,0.0,2.0,0.0,73.46,0.0,49.2,225.0,68.4,348.0,29.88399,29.0
5.0,30.0,2.0,3.0,0.0,139.8,0.0,59.6,165.0,159.58,1505.0,41.354767,42.0
9.0,14.0,3.0,4.0,0.0,66.55,1.0,70.2,195.0,68.61,246.0,54.615177,58.0
3.0,73.0,4.0,6.0,0.0,23.72,1.0,103.2,333.0,27.02,664.0,58.72171,69.0
15.0,71.0,4.0,10.0,0.0,47.36,0.0,66.0,427.0,49.66,116.0,33.249557,31.0
6.0,29.0,1.0,2.0,0.0,12.2,0.0,47.9,237.0,13.96,340.0,45.36847,50.0
5.0,48.0,3.0,3.0,0.0,27.25,0.0,57.5,322.0,32.25,1548.0,41.818027,38.0
27.0,90.0,3.0,1.0,0.0,29.81,1.0,45.3,261.0,33.52,1801.0,59.30506,51.0
26.0,15.0,2.0,2.0,0.0,21.01,0.0,43.9,392.0,19.05,624.0,22.516357,24.0
2.0,79.0,0.0,9.0,0.0,97.53,1.0,82.4,409.0,83.85,359.0,49.348194,33.0
1.0,88.0,2.0,5.0,0.0,138.43,1.0,74.1,385.0,115.56,1646.0,46.362762,40.0
26.0,97.0,5.0,6.0,0.0,27.18,0.0,100.1,303.0,28.57,400.0,27.723068,28.0
21.0,39.0,6.0,1.0,0.0,101.63,0.0,39.6,289.0,105.58,443.0,30.359854,34.0
10.0,76.0,4.0,5.0,0.0,133.86,0.0,84.8,331.0,162.62,385.0,48.894802,42.0
16.0,17.0,6.0,6.0,0.0,108.02,0.0,93.9,424.0,103.08,1466.0,26.221563,23.0
27.0,17.0,6.0,2.0,0.0,130.5,0.0,55.2,149.0,161.47,171.0,44.052746,47.0
3.0,43.0,6.0,3.0,0.0,81.9,0.0,54.8,318.0,102.5,426.0,47.858727,43.0
14.0,70.0,4.0,4.0,0.0,74.72,0.0,67.3,413.0,79.0,1388.0,33.205956,30.0
5.0,46.0,4.0,12.0,0.0,123.52,0.0,55.8,62.0,157.13,136.0,52.008854,48.0
18.0,48.0,4.0,5.0,0.0,115.43,1.0,91.3,456.0,127.3,188.0,59.277866,68.0
10.0,18.0,3.0,7.0,1.0,136.3,0.0,81.8,128.0,140.06,1413.0,67.30213,57.0
11.0,89.0,2.0,6.0,0.0,78.36,0.0,101.1,278.0,68.64,707.0,25.646946,21.0
21.0,66.0,6.0,1.0,0.0,68.1,0.0,46.4,362.0,86.37,1333.0,41.80942,43.0
11.0,6.0,6.0,8.0,0.0,147.09,0.0,83.7,396.0,154.81,792.0,37.76264,30.0
20.0,66.0,4.0,1.0,0.0,123.24,1.0,54.6,93.0,122.13,1528.0,49.15827,53.0
9.0,50.0,1.0,11.0,1.0,64.2,1.0,73.4,476.0,77.37,731.0,80.198746,85.0
22.0,3.0,3.0,6.0,0.0,7.81,0.0,85.6,55.0,8.33,919.0,38.530224,37.0
16.0,75.0,1.0,2.0,0.0,140.13,1.0,57.9,367.0,164.36,777.0,59.55755,57.0
14.0,81.0,6.0,8.0,0.0,75.3,0.0,94.2,150.0,66.29,1840.0,34.809074,40.0
11.0,87.0,4.0,4.0,0.0,127.29,0.0,68.9,126.0,128.62,1259.0,33.021217,40.0
15.0,12.0,3.0,2.0,0.0,120.55,1.0,41.2,161.0,153.35,1250.0,70.3777,79.0
17.0,2.0,4.0,4.0,0.0,62.21,1.0,66.2,416.0,71.46,485.0,55.983456,63.0
14.0,35.0,1.0,2.0,0.0,49.31,1.0,41.5,322.0,45.21,1335.0,54.60529,57.0
27.0,100.0,0.0,2.0,0.0,29.03,0.0,51.8,270.0,37.71,913.0,39.200798,41.0
19.0,51.0,6.0,1.0,0.0,45.15,0.0,61.4,442.0,53.85,262.0,37.020382,44.0
1.0,41.0,2.0,10.0,0.0,146.05,1.0,62.6,28.0,179.05,1889.0,68.11058,64.0
23.0,23.0,3.0,9.0,0.0,53.5,0.0,73.2,363.0,67.15,1905.0,45.122826,46.0
11.0,90.0,0.0,4.0,0.0,135.57,0.0,76.5,140.0,131.47,1642.0,35.79569,37.0
30.0,52.0,2.0,9.0,0.0,113.2,1.0,77.0,43.0,142.67,1244.0,63.031773,62.0
26.0,76.0,6.0,2.0,0.0,5.26,0.0,37.4,276.0,4.36,1190.0,26.34754,25.0
24.0,74.0,3.0,4.0,0.0,112.81,1.0,58.0,226.0,127.28,1968.0,59.870083,74.0
15.0,46.0,1.0,4.0,0.0,59.8,0.0,74.7,299.0,75.82,1062.0,41.228664,40.0
19.0,40.0,3.0,6.0,0.0,16.66,0.0,86.4,411.0,15.86,174.0,32.88977,34.0
3.0,27.0,6.0,12.0,0.0,97.9,1.0,58.3,21.0,108.73,623.0,60.867043,57.0
13.0,99.0,5.0,4.0,0.0,49.52,1.0,75.3,119.0,43.64,1278.0,47.447765,49.0
8.0,48.0,3.0,5.0,0.0,138.89,1.0,70.6,154.0,176.14,930.0,73.15444,83.0
15.0,3.0,2.0,3.0,0.0,56.05,0.0,52.9,110.0,70.68,1775.0,42.14084,40.0
3.0,49.0,3.0,2.0,0.0,18.52,0.0,53.2,394.0,21.98,884.0,44.73079,44.0
13.0,35.0,5.0,4.0,0.0,43.43,0.0,74.5,130.0,35.09,448.0,30.766134,29.0
23.0,32.0,3.0,6.0,0.0,139.06,0.0,91.2,279.0,139.66,864.0,35.772095,35.0
11.0,53.0,5.0,5.0,0.0,102.6,1.0,85.1,293.0,92.81,1654.0,53.687397,43.0
3.0,30.0,2.0,4.0,0.0,15.43,1.0,66.5,134.0,14.81,1305.0,62.948723,49.0
11.0,31.0,2.0,2.0,0.0,57.78,0.0,44.6,234.0,62.47,178.0,34.16724,30.0
24.0,36.0,4.0,10.0,0.0,136.68,0.0,74.2,41.0,117.09,1390.0,27.018904,22.0
6.0,93.0,5.0,2.0,0.0,8.16,1.0,56.5,195.0,9.53,360.0,67.36878,70.0
1.0,97.0,0.0,5.0,0.0,135.37,1.0,79.9,378.0,148.02,130.0,55.983917,48.0
5.0,46.0,0.0,4.0,0.0,103.29,1.0,71.8,130.0,94.78,190.0,47.31448,49.0
24.0,7.0,3.0,8.0,0.0,47.63,0.0,92.4,271.0,53.07,1994.0,37.46224,34.0
27.0,41.0,5.0,2.0,0.0,93.21,0.0,51.0,33.0,115.08,623.0,43.804974,48.0
24.0,9.0,3.0,7.0,0.0,119.13,0.0,99.2,405.0,143.69,1868.0,46.982365,46.0
1.0,6.0,3.0,4.0,0.0,9.68,1.0,92.6,108.0,10.05,92.0,44.018867,51.0
2.0,54.0,2.0,8.0,0.0,105.78,1.0,102.7,176.0,130.04,1358.0,69.72014,62.0
26.0,61.0,1.0,2.0,0.0,18.92,0.0,47.7,460.0,15.9,1367.0,30.524813,31.0
30.0,81.0,1.0,10.0,0.0,78.27,1.0,77.2,92.0,90.68,693.0,56.487923,75.0
3.0,38.0,5.0,4.0,0.0,100.16,1.0,61.7,499.0,120.6,1385.0,68.56503,78.0
23.0,98.0,6.0,3.0,0.0,28.35,1.0,59.4,121.0,26.32,485.0,58.329433,51.0
30.0,33.0,5.0,5.0,0.0,41.54,1.0,84.4,357.0,46.44,169.0,49.942352,43.0
17.0,4.0,5.0,1.0,0.0,55.39,0.0,45.3,234.0,59.91,1284.0,39.504642,39.0
12.0,59.0,1.0,12.0,0.0,14.76,1.0,58.2,217.0,12.82,110.0,58.959732,63.0
9.0,96.0,5.0,6.0,0.0,92.02,1.0,75.3,377.0,108.24,337.0,54.42858,66.0
9.0,59.0,4.0,3.0,0.0,147.32,0.0,59.1,103.0,120.59,1016.0,23.529463,16.0
10.0,58.0,0.0,5.0,0.0,54.05,1.0,81.6,237.0,57.21,1151.0,62.09578,54.0
10.0,44.0,2.0,10.0,0.0,8.05,0.0,55.6,149.0,10.44,1050.0,37.944885,41.0
6.0,29.0,0.0,4.0,0.0,32.1,1.0,64.3,208.0,33.1,1126.0,75.54155,66.0
21.0,11.0,2.0,11.0,1.0,126.98,1.0,51.0,398.0,120.89,1027.0,76.65814,81.0
30.0,40.0,4.0,9.0,0.0,7.22,0.0,73.4,437.0,8.04,1238.0,33.094444,33.0
7.0,23.0,4.0,3.0,0.0,42.32,1.0,65.4,28.0,41.41,1738.0,59.353928,60.0
13.0,6.0,4.0,2.0,0.0,67.86,1.0,54.2,413.0,84.27,1118.0,65.360855,65.0
25.0,8.0,4.0,12.0,0.0,121.95,0.0,37.7,429.0,132.91,402.0,35.02402,35.0
9.0,35.0,5.0,4.0,0.0,130.36,1.0,67.4,351.0,143.06,1942.0,62.294044,59.0
26.0,88.0,4.0,3.0,0.0,76.28,0.0,64.3,97.0,74.32,1889.0,29.074533,24.0
23.0,44.0,1.0,3.0,0.0,133.83,0.0,50.1,319.0,165.87,877.0,51.65775,48.0
6.0,39.0,4.0,5.0,0.0,46.47,0.0,73.9,172.0,51.04,936.0,48.706684,49.0
24.0,86.0,4.0,4.0,0.0,80.21,0.0,52.1,285.0,88.8,1629.0,37.633068,35.0
19.0,61.0,1.0,4.0,0.0,118.08,0.0,62.5,423.0,122.79,1915.0,38.53111,43.0
16.0,94.0,6.0,11.0,0.0,96.02,0.0,49.5,299.0,87.45,687.0,25.322441,21.0
25.0,63.0,4.0,4.0,0.0,10.94,1.0,68.4,210.0,12.46,549.0,54.71003,53.0
6.0,69.0,0.0,7.0,1.0,103.31,1.0,90.2,312.0,113.33,558.0,85.3128,91.0
7.0,86.0,4.0,2.0,0.0,127.19,1.0,42.4,376.0,110.37,721.0,48.474144,54.0
22.0,76.0,6.0,12.0,1.0,79.72,1.0,44.4,483.0,100.87,340.0,82.30678,90.0
2.0,24.0,1.0,5.0,0.0,43.45,1.0,89.4,496.0,41.34,1994.0,51.81719,50.0
10.0,46.0,4.0,7.0,0.0,113.78,1.0,106.4,123.0,117.75,1839.0,60.9328,61.0
2.0,52.0,3.0,3.0,0.0,104.8,0.0,43.4,66.0,126.31,1041.0,46.14763,45.0
18.0,68.0,4.0,3.0,0.0,136.0,0.0,61.5,344.0,131.7,531.0,34.332016,40.0
28.0,77.0,5.0,4.0,0.0,91.09,0.0,77.0,262.0,103.73,621.0,36.874825,39.0
2.0,97.0,0.0,3.0,0.0,101.39,0.0,57.0,298.0,90.69,681.0,33.56708,31.0
4.0,69.0,4.0,2.0,0.0,77.12,0.0,45.0,29.0,94.84,1610.0,44.912132,44.0
6.0,19.0,5.0,1.0,0.0,104.72,0.0,41.1,10.0,132.8,534.0,53.00104,52.0
8.0,33.0,6.0,6.0,0.0,15.45,1.0,86.4,254.0,15.63,1203.0,60.24481,71.0
14.0,8.0,3.0,1.0,0.0,118.09,0.0,41.6,294.0,132.46,1199.0,43.421223,40.0
22.0,73.0,0.0,11.0,1.0,43.42,1.0,53.0,69.0,51.02,464.0,85.42877,77.0
8.0,44.0,6.0,3.0,0.0,6.6,0.0,47.8,364.0,7.74,730.0,36.577026,38.0
5.0,54.0,6.0,10.0,0.0,72.02,0.0,66.5,155.0,92.72,413.0,40.159748,44.0
16.0,49.0,0.0,12.0,1.0,108.21,0.0,38.6,410.0,103.87,149.0,49.390186,41.0
6.0,84.0,6.0,4.0,0.0,90.59,1.0,84.6,13.0,80.8,899.0,57.54547,62.0
4.0,48.0,6.0,6.0,0.0,144.02,0.0,98.3,355.0,150.75,1523.0,38.643387,42.0
28.0,44.0,2.0,5.0,0.0,14.77,1.0,94.3,188.0,12.1,1623.0,50.118073,43.0
2.0,57.0,4.0,8.0,0.0,47.33,1.0,104.1,41.0,41.75,1130.0,52.83246,51.0
26.0,50.0,2.0,2.0,0.0,82.02,1.0,49.6,316.0,100.41,1682.0,57.681816,56.0
15.0,43.0,6.0,12.0,0.0,114.49,1.0,48.4,336.0,96.62,430.0,39.16207,41.0
27.0,80.0,1.0,9.0,0.0,82.93,1.0,71.4,266.0,84.59,489.0,55.693783,69.0
5.0,59.0,2.0,3.0,0.0,6.91,0.0,73.9,262.0,7.66,1004.0,36.480064,42.0
28.0,48.0,2.0,3.0,0.0,86.48,1.0,56.6,480.0,107.84,868.0,62.06396,53.0
22.0,68.0,2.0,5.0,0.0,38.68,0.0,81.8,432.0,45.1,699.0,43.71776,43.0
19.0,31.0,6.0,1.0,0.0,7.29,1.0,39.8,235.0,6.0,1113.0,59.969063,62.0
23.0,97.0,1.0,4.0,0.0,66.29,1.0,69.6,150.0,68.71,98.0,57.70214,69.0
20.0,10.0,2.0,9.0,0.0,7.11,0.0,65.1,302.0,8.74,694.0,26.779566,25.0
24.0,25.0,1.0,2.0,0.0,61.81,0.0,44.6,218.0,59.79,997.0,35.254776,33.0
16.0,63.0,2.0,3.0,0.0,54.82,1.0,58.2,40.0,43.97,1862.0,47.456947,41.0
12.0,97.0,3.0,12.0,0.0,8.82,0.0,22.4,198.0,10.89,1931.0,45.51132,43.0
30.0,68.0,5.0,2.0,0.0,130.24,1.0,44.8,167.0,145.17,353.0,55.085945,66.0
15.0,30.0,6.0,3.0,0.0,61.52,0.0,65.8,450.0,55.97,1197.0,33.9063,38.0
6.0,9.0,4.0,8.0,0.0,94.11,0.0,93.1,46.0,79.9,1616.0,39.281765,39.0
22.0,67.0,4.0,3.0,0.0,123.99,0.0,45.3,383.0,125.62,268.0,38.82087,33.0
5.0,89.0,3.0,5.0,0.0,145.93,0.0,85.2,200.0,161.53,1626.0,46.237553,47.0
29.0,21.0,3.0,10.0,0.0,13.99,1.0,82.7,168.0,17.9,1211.0,56.786003,67.0
6.0,39.0,6.0,3.0,0.0,5.14,1.0,73.8,95.0,6.51,340.0,66.38778,65.0
15.0,52.0,4.0,2.0,0.0,124.01,0.0,39.1,273.0,138.54,1076.0,40.911064,40.0
6.0,33.0,3.0,1.0,0.0,49.0,1.0,36.4,270.0,50.27,1308.0,65.33377,70.0
16.0,11.0,2.0,1.0,0.0,87.75,1.0,36.7,318.0,92.12,151.0,43.854954,50.0
6.0,74.0,4.0,4.0,0.0,53.26,0.0,58.0,219.0,64.02,1035.0,50.56961,47.0
29.0,77.0,0.0,7.0,1.0,8.27,1.0,74.2,25.0,10.14,1245.0,82.37599,84.0
22.0,6.0,2.0,12.0,0.0,10.35,1.0,61.8,112.0,10.46,495.0,58.170143,56.0
24.0,82.0,2.0,9.0,0.0,11.61,0.0,93.3,193.0,9.33,1978.0,37.82928,37.0
22.0,73.0,2.0,11.0,0.0,75.9,1.0,61.6,114.0,74.37,709.0,61.656094,65.0
30.0,67.0,4.0,3.0,0.0,98.25,1.0,52.1,257.0,117.32,408.0,59.75666,49.0
14.0,25.0,2.0,12.0,0.0,145.1,0.0,43.7,360.0,121.52,1292.0,28.921366,25.0
23.0,35.0,2.0,4.0,0.0,120.41,1.0,63.7,409.0,119.12,479.0,52.474327,52.0
11.0,63.0,2.0,5.0,0.0,29.8,1.0,88.4,145.0,30.15,345.0,51.852673,49.0
9.0,23.0,3.0,2.0,0.0,16.72,1.0,35.7,287.0,16.24,660.0,47.71426,50.0
16.0,92.0,5.0,12.0,1.0,125.31,1.0,51.7,311.0,111.67,93.0,70.28072,54.0
28.0,40.0,4.0,2.0,0.0,105.73,0.0,56.1,154.0,134.13,563.0,45.774986,47.0
10.0,59.0,1.0,1.0,0.0,73.15,0.0,42.5,460.0,93.11,1197.0,48.45331,54.0
4.0,39.0,2.0,9.0,0.0,65.76,0.0,73.5,181.0,82.38,551.0,39.521267,40.0
26.0,8.0,1.0,5.0,0.0,90.28,0.0,92.6,323.0,90.46,91.0,25.525743,27.0
20.0,29.0,5.0,3.0,0.0,118.18,0.0,53.1,194.0,142.97,1589.0,44.271477,44.0
16.0,15.0,3.0,2.0,0.0,125.02,1.0,60.2,329.0,117.82,1434.0,40.381668,52.0
1.0,55.0,1.0,10.0,0.0,120.75,0.0,71.0,98.0,149.55,1780.0,48.189674,44.0
15.0,42.0,1.0,9.0,0.0,5.98,0.0,73.4,425.0,6.97,1941.0,36.479176,37.0
21.0,76.0,4.0,7.0,0.0,36.79,1.0,97.0,305.0,40.97,1365.0,56.497814,64.0
30.0,34.0,2.0,10.0,0.0,30.66,1.0,68.7,71.0,24.69,1814.0,50.33421,52.0
17.0,25.0,2.0,4.0,0.0,99.06,0.0,72.5,276.0,125.26,1003.0,44.84229,46.0
20.0,84.0,1.0,9.0,0.0,82.05,0.0,87.9,434.0,74.65,297.0,21.337511,19.0
21.0,51.0,6.0,12.0,1.0,19.69,0.0,63.2,410.0,25.58,245.0,58.525616,62.0
17.0,81.0,0.0,3.0,0.0,74.2,1.0,61.4,222.0,91.76,263.0,64.08062,70.0
26.0,57.0,3.0,6.0,0.0,112.19,0.0,88.9,496.0,98.58,791.0,21.337683,23.0
23.0,3.0,5.0,4.0,0.0,25.92,0.0,70.3,51.0,22.03,542.0,33.972164,30.0
24.0,4.0,4.0,7.0,0.0,34.32,1.0,93.4,440.0,31.12,1832.0,53.921432,55.0
14.0,66.0,2.0,9.0,0.0,126.81,1.0,71.3,215.0,154.37,643.0,66.58722,61.0
22.0,13.0,3.0,2.0,0.0,39.99,1.0,51.0,167.0,38.68,1034.0,60.900673,50.0
23.0,80.0,1.0,1.0,0.0,7.56,0.0,52.1,136.0,7.17,1611.0,42.608326,40.0
15.0,68.0,3.0,4.0,0.0,74.08,1.0,69.4,232.0,87.46,495.0,62.28595,51.0
25.0,30.0,2.0,9.0,0.0,142.06,0.0,82.8,340.0,174.39,1729.0,44.826904,46.0
15.0,19.0,0.0,4.0,0.0,66.15,1.0,88.4,395.0,59.03,1405.0,47.15523,49.0
12.0,88.0,1.0,8.0,0.0,87.03,0.0,100.7,304.0,83.77,678.0,38.833908,42.0
29.0,18.0,2.0,4.0,0.0,119.01,1.0,79.0,395.0,120.47,1106.0,55.77992,64.0
9.0,72.0,4.0,4.0,0.0,77.94,1.0,79.7,57.0,87.13,574.0,53.46149,62.0
1.0,78.0,6.0,7.0,0.0,12.07,1.0,114.1,83.0,13.64,603.0,46.428143,56.0
30.0,52.0,1.0,11.0,0.0,80.12,0.0,53.9,20.0,81.04,1235.0,37.00257,33.0
30.0,61.0,3.0,4.0,0.0,101.64,1.0,67.4,221.0,109.11,1244.0,58.99678,68.0
21.0,71.0,6.0,3.0,0.0,77.35,1.0,53.1,446.0,89.05,1246.0,58.692505,68.0
2.0,61.0,0.0,5.0,0.0,25.67,1.0,78.0,214.0,27.97,1237.0,62.3881,66.0
30.0,69.0,3.0,5.0,0.0,30.18,1.0,69.9,224.0,34.97,1981.0,59.421616,65.0
2.0,39.0,2.0,11.0,0.0,37.03,1.0,52.6,266.0,37.29,693.0,58.253483,51.0
3.0,44.0,2.0,9.0,0.0,25.08,1.0,90.0,308.0,22.53,1564.0,58.532764,48.0
20.0,100.0,4.0,8.0,0.0,24.44,0.0,80.2,426.0,24.87,1828.0,30.988867,31.0
15.0,28.0,5.0,3.0,0.0,21.91,0.0,62.3,319.0,23.41,1017.0,36.068966,40.0
14.0,58.0,0.0,1.0,0.0,10.98,1.0,46.4,174.0,11.43,258.0,58.25634,62.0
6.0,6.0,2.0,1.0,0.0,67.76,0.0,41.0,134.0,78.04,581.0,46.963238,45.0
12.0,8.0,2.0,8.0,0.0,25.7,0.0,95.4,498.0,20.64,500.0,39.3992,41.0
23.0,88.0,1.0,6.0,0.0,70.63,1.0,69.7,423.0,87.0,196.0,63.287308,73.0
5.0,53.0,5.0,3.0,0.0,63.78,0.0,72.8,170.0,63.22,1331.0,39.303947,40.0
15.0,56.0,0.0,1.0,0.0,107.13,0.0,50.3,177.0,136.51,1568.0,46.841187,50.0
2.0,94.0,3.0,2.0,0.0,129.8,0.0,40.5,453.0,151.43,888.0,46.28434,56.0
24.0,92.0,1.0,5.0,0.0,133.82,0.0,88.7,340.0,120.08,775.0,25.442451,18.0
28.0,69.0,4.0,2.0,0.0,54.37,1.0,51.9,128.0,46.58,1565.0,56.836124,45.0
2.0,52.0,5.0,8.0,0.0,121.32,0.0,99.2,31.0,135.95,1404.0,45.77139,44.0
28.0,88.0,0.0,7.0,0.0,31.76,0.0,90.1,457.0,30.16,404.0,31.608109,34.0
29.0,50.0,5.0,9.0,0.0,127.03,0.0,90.7,186.0,163.43,1176.0,56.175404,57.0
14.0,99.0,5.0,11.0,0.0,137.03,0.0,63.1,437.0,168.02,1230.0,52.317436,50.0
27.0,61.0,6.0,3.0,0.0,68.49,1.0,43.7,414.0,62.73,1155.0,51.263542,61.0
1.0,42.0,0.0,1.0,0.0,136.07,1.0,44.3,359.0,140.71,1753.0,51.526974,51.0
27.0,96.0,4.0,6.0,0.0,57.24,0.0,91.9,307.0,61.55,425.0,35.488953,35.0
24.0,73.0,4.0,5.0,0.0,67.17,1.0,92.0,209.0,61.77,1731.0,52.592884,44.0
30.0,49.0,5.0,5.0,0.0,7.13,1.0,83.3,455.0,7.55,268.0,52.885708,66.0
8.0,70.0,3.0,2.0,0.0,12.32,1.0,47.3,171.0,14.99,214.0,54.17127,52.0
27.0,67.0,4.0,12.0,1.0,84.95,0.0,56.4,436.0,73.73,551.0,57.671356,52.0
27.0,95.0,2.0,3.0,0.0,142.83,1.0,47.0,80.0,149.61,1076.0,59.663662,43.0
8.0,68.0,1.0,1.0,0.0,70.76,1.0,34.3,272.0,69.69,191.0,56.15881,52.0
29.0,21.0,1.0,4.0,0.0,43.88,1.0,60.5,383.0,37.8,91.0,52.293304,55.0
30.0,11.0,2.0,1.0,0.0,137.24,1.0,38.0,163.0,117.35,426.0,41.04752,42.0
9.0,18.0,6.0,4.0,0.0,31.77,1.0,61.6,262.0,29.49,903.0,51.079483,57.0
9.0,77.0,6.0,2.0,0.0,120.29,0.0,51.1,57.0,143.04,1023.0,45.598984,50.0
7.0,68.0,6.0,5.0,0.0,71.24,1.0,93.2,296.0,77.56,234.0,60.392273,62.0
16.0,19.0,6.0,11.0,0.0,117.27,1.0,69.4,86.0,150.81,1149.0,60.80369,43.0
23.0,45.0,6.0,4.0,0.0,46.61,1.0,60.9,119.0,43.96,662.0,56.46211,55.0
29.0,45.0,3.0,11.0,0.0,14.59,1.0,63.8,391.0,14.82,1538.0,65.93056,56.0
1.0,2.0,0.0,5.0,0.0,112.02,0.0,84.7,188.0,92.57,717.0,19.904202,18.0
26.0,51.0,5.0,2.0,0.0,60.53,0.0,41.1,402.0,68.68,1307.0,31.05141,27.0
4.0,63.0,5.0,3.0,0.0,90.33,1.0,68.5,35.0,82.17,965.0,53.42593,66.0
8.0,74.0,0.0,6.0,0.0,83.52,1.0,82.2,443.0,89.72,1784.0,64.830215,58.0
7.0,59.0,2.0,2.0,0.0,148.56,1.0,45.2,285.0,121.85,1249.0,46.631096,41.0
24.0,96.0,5.0,4.0,0.0,30.24,1.0,68.8,380.0,30.3,1924.0,54.194168,60.0
23.0,85.0,1.0,6.0,0.0,13.18,0.0,77.1,311.0,15.33,1342.0,41.293125,35.0
1.0,82.0,3.0,11.0,0.0,120.7,1.0,69.3,302.0,146.8,1522.0,64.52036,65.0
3.0,75.0,6.0,8.0,0.0,95.09,0.0,87.1,480.0,115.77,1044.0,51.28559,55.0
13.0,42.0,1.0,1.0,0.0,131.15,1.0,46.9,183.0,167.24,68.0,68.19349,65.0
6.0,97.0,2.0,11.0,0.0,88.54,1.0,55.7,479.0,94.6,1671.0,70.587494,68.0
13.0,36.0,5.0,11.0,0.0,114.5,1.0,53.2,77.0,119.61,1367.0,61.328423,53.0
21.0,42.0,2.0,11.0,1.0,66.96,0.0,60.5,78.0,63.07,1844.0,64.95036,49.0
17.0,50.0,1.0,4.0,0.0,64.38,1.0,70.7,244.0,59.4,513.0,48.50261,48.0
16.0,91.0,2.0,8.0,0.0,126.44,0.0,84.6,340.0,152.28,490.0,36.778385,35.0
24.0,48.0,5.0,4.0,0.0,135.97,0.0,65.9,133.0,127.55,56.0,27.874361,24.0
4.0,10.0,0.0,10.0,0.0,43.89,0.0,80.5,67.0,38.99,1400.0,34.103325,38.0
4.0,80.0,5.0,2.0,0.0,94.53,0.0,58.2,340.0,79.5,1624.0,29.881811,30.0
6.0,91.0,5.0,2.0,0.0,129.77,1.0,46.8,134.0,157.56,78.0,67.46301,74.0
14.0,67.0,0.0,11.0,1.0,144.65,0.0,54.6,178.0,118.0,658.0,43.96887,48.0
19.0,90.0,5.0,6.0,0.0,105.4,1.0,76.9,228.0,95.06,84.0,46.884964,56.0
16.0,68.0,0.0,2.0,0.0,109.79,0.0,32.8,94.0,91.13,1379.0,17.441494,11.0
25.0,44.0,3.0,4.0,0.0,67.08,1.0,66.3,350.0,74.52,93.0,51.623203,55.0
29.0,56.0,0.0,10.0,0.0,52.45,1.0,69.8,172.0,59.29,1621.0,62.93889,72.0
23.0,34.0,4.0,8.0,0.0,138.12,1.0,84.8,64.0,146.35,1724.0,63.357346,61.0
29.0,1.0,1.0,1.0,0.0,27.05,1.0,41.1,17.0,24.21,755.0,58.5185,57.0
9.0,97.0,5.0,7.0,1.0,70.57,1.0,78.7,198.0,73.32,684.0,84.19833,87.0
25.0,14.0,5.0,6.0,0.0,78.84,0.0,95.0,412.0,73.71,1455.0,27.048185,27.0
17.0,70.0,4.0,4.0,0.0,92.21,0.0,65.7,394.0,95.07,729.0,30.974375,28.0
12.0,63.0,6.0,12.0,0.0,37.57,0.0,55.1,223.0,42.64,186.0,44.264492,46.0
26.0,78.0,2.0,2.0,0.0,123.85,0.0,52.1,245.0,125.61,1779.0,27.481134,27.0
6.0,87.0,6.0,11.0,0.0,33.11,1.0,51.6,185.0,35.52,1250.0,65.883705,59.0
22.0,31.0,1.0,2.0,0.0,31.89,1.0,43.4,91.0,39.21,797.0,70.31162,62.0
22.0,31.0,6.0,10.0,0.0,112.97,0.0,68.6,432.0,134.89,747.0,48.774403,57.0
21.0,100.0,2.0,11.0,0.0,86.91,1.0,60.3,470.0,110.99,148.0,59.781986,56.0
27.0,91.0,4.0,4.0,0.0,121.23,0.0,73.6,426.0,106.6,1945.0,32.271084,34.0
23.0,5.0,0.0,4.0,0.0,46.01,0.0,79.1,103.0,47.71,226.0,32.864788,32.0
3.0,87.0,2.0,8.0,0.0,23.35,1.0,98.3,433.0,28.66,1496.0,63.10009,65.0
18.0,50.0,2.0,11.0,1.0,56.55,0.0,56.7,297.0,69.93,411.0,62.685745,82.0
24.0,15.0,0.0,6.0,0.0,129.79,1.0,91.4,276.0,156.95,139.0,63.00189,64.0
15.0,60.0,1.0,11.0,0.0,74.72,1.0,56.6,191.0,78.9,1264.0,58.541443,64.0
2.0,7.0,2.0,3.0,0.0,17.29,0.0,57.7,100.0,15.4,566.0,39.208008,35.0
2.0,25.0,5.0,3.0,0.0,6.97,1.0,63.5,281.0,7.04,174.0,56.001842,49.0
28.0,12.0,0.0,4.0,0.0,149.15,0.0,67.6,186.0,169.61,246.0,37.9977,41.0
24.0,74.0,2.0,12.0,1.0,143.55,0.0,49.4,431.0,151.67,1954.0,76.08929,65.0
15.0,83.0,6.0,3.0,0.0,90.23,1.0,45.1,115.0,113.82,1700.0,64.04731,74.0
27.0,9.0,2.0,6.0,0.0,37.19,0.0,96.4,173.0,40.6,344.0,36.04227,39.0
25.0,12.0,6.0,4.0,0.0,16.99,1.0,76.1,269.0,15.09,1441.0,46.311703,42.0
28.0,81.0,1.0,3.0,0.0,147.41,0.0,61.0,80.0,134.48,1294.0,26.417707,23.0
19.0,49.0,1.0,2.0,0.0,102.78,1.0,57.4,432.0,83.02,277.0,48.330944,54.0
20.0,34.0,2.0,10.0,0.0,72.55,1.0,57.7,206.0,60.13,140.0,32.276688,42.0
17.0,69.0,6.0,11.0,1.0,83.94,1.0,58.0,20.0,81.95,445.0,79.32318,104.0
17.0,11.0,3.0,3.0,0.0,51.5,1.0,50.7,171.0,65.73,1596.0,58.1664,59.0
25.0,41.0,3.0,11.0,0.0,80.01,1.0,52.1,21.0,94.3,942.0,57.00254,44.0
26.0,51.0,4.0,3.0,0.0,79.68,1.0,68.0,174.0,64.88,1439.0,37.48906,24.0
18.0,90.0,0.0,5.0,0.0,99.4,1.0,81.3,228.0,120.29,1946.0,69.4726,78.0
13.0,57.0,0.0,1.0,0.0,100.45,1.0,42.5,171.0,122.42,974.0,61.331818,75.0
10.0,10.0,3.0,4.0,0.0,49.11,0.0,82.0,44.0,61.01,1135.0,46.71639,47.0
18.0,63.0,1.0,7.0,0.0,70.58,1.0,99.1,375.0,85.91,1090.0,65.922676,79.0
29.0,59.0,2.0,11.0,1.0,56.33,0.0,40.9,354.0,70.93,1617.0,67.45226,81.0
28.0,46.0,4.0,1.0,0.0,102.22,0.0,39.1,283.0,118.04,486.0,36.38762,32.0
20.0,50.0,1.0,4.0,0.0,128.16,0.0,72.3,27.0,120.91,1572.0,27.426203,22.0
3.0,84.0,3.0,1.0,0.0,126.43,1.0,46.6,363.0,152.42,827.0,65.274506,72.0
5.0,52.0,3.0,8.0,0.0,115.26,0.0,99.4,45.0,94.73,819.0,25.022757,21.0
16.0,4.0,0.0,8.0,0.0,60.17,0.0,101.1,173.0,50.8,467.0,25.581253,18.0
28.0,92.0,5.0,1.0,0.0,22.93,1.0,31.1,35.0,25.59,104.0,53.079372,54.0
13.0,86.0,6.0,10.0,0.0,98.35,0.0,73.3,437.0,79.01,300.0,23.916441,24.0
7.0,28.0,1.0,1.0,0.0,124.08,0.0,37.4,185.0,120.12,1706.0,40.749058,38.0
29.0,64.0,6.0,7.0,0.0,133.46,1.0,81.4,107.0,170.18,187.0,73.70648,82.0
17.0,86.0,0.0,7.0,1.0,74.73,0.0,92.0,357.0,65.48,1084.0,60.42565,55.0
25.0,100.0,6.0,10.0,0.0,134.17,0.0,83.0,256.0,141.38,544.0,31.690884,31.0
2.0,22.0,5.0,2.0,0.0,15.83,1.0,41.1,259.0,14.61,1143.0,55.266743,45.0
22.0,67.0,5.0,6.0,0.0,41.9,0.0,91.8,357.0,44.28,650.0,41.34372,43.0
22.0,24.0,6.0,12.0,0.0,33.93,1.0,57.0,468.0,40.8,1792.0,58.320763,65.0
3.0,34.0,5.0,3.0,0.0,106.09,1.0,69.4,490.0,126.53,289.0,61.468693,68.0
23.0,42.0,4.0,3.0,0.0,106.51,0.0,60.3,403.0,135.0,1313.0,50.013336,46.0
21.0,61.0,5.0,10.0,0.0,116.22,1.0,88.0,125.0,136.56,1855.0,64.363686,72.0
7.0,68.0,2.0,4.0,0.0,39.08,0.0,81.9,425.0,42.64,1411.0,42.742905,40.0
13.0,94.0,3.0,3.0,0.0,65.32,0.0,48.5,220.0,69.94,1228.0,38.368908,40.0
15.0,67.0,2.0,2.0,0.0,22.42,0.0,50.5,309.0,20.12,669.0,33.184513,36.0
21.0,76.0,4.0,2.0,0.0,51.24,0.0,56.5,106.0,48.28,565.0,29.707724,30.0
8.0,91.0,0.0,1.0,0.0,37.41,0.0,54.3,118.0,47.62,289.0,42.233494,38.0
29.0,72.0,4.0,3.0,0.0,122.5,1.0,51.9,220.0,153.99,1991.0,73.58424,78.0
26.0,45.0,4.0,5.0,0.0,7.54,1.0,78.3,146.0,7.32,989.0,50.627747,55.0
2.0,35.0,0.0,11.0,0.0,141.02,0.0,54.1,281.0,136.96,75.0,35.808453,35.0
12.0,82.0,2.0,2.0,0.0,149.64,0.0,56.1,297.0,120.37,388.0,24.625135,23.0
24.0,69.0,0.0,9.0,0.0,110.26,1.0,99.8,286.0,105.38,295.0,47.205597,55.0
10.0,27.0,2.0,5.0,0.0,78.31,0.0,90.9,306.0,87.27,1427.0,41.46736,43.0
22.0,36.0,2.0,7.0,1.0,42.08,1.0,110.5,371.0,39.38,1242.0,83.812706,103.0
4.0,73.0,3.0,2.0,0.0,85.47,1.0,34.2,380.0,72.89,1681.0,46.36478,45.0
15.0,95.0,6.0,5.0,0.0,38.19,0.0,92.4,267.0,42.05,1008.0,34.545757,37.0
5.0,40.0,6.0,2.0,0.0,75.77,0.0,53.0,265.0,62.26,1668.0,30.802904,32.0
3.0,3.0,5.0,8.0,0.0,135.99,1.0,84.5,131.0,165.3,1742.0,73.85461,72.0
20.0,1.0,1.0,12.0,0.0,107.96,0.0,44.7,321.0,129.01,1218.0,41.815876,39.0
29.0,26.0,2.0,10.0,0.0,92.28,0.0,71.3,311.0,117.47,1758.0,56.42528,64.0
27.0,95.0,5.0,12.0,1.0,130.94,1.0,50.5,189.0,155.86,441.0,84.52191,88.0
14.0,46.0,6.0,6.0,0.0,46.73,1.0,86.8,41.0,58.68,1063.0,57.077484,50.0
28.0,78.0,2.0,1.0,0.0,29.27,1.0,59.2,306.0,29.89,1028.0,52.902126,55.0
26.0,11.0,2.0,12.0,1.0,71.33,0.0,59.5,398.0,63.86,1861.0,57.60432,62.0
25.0,3.0,4.0,2.0,0.0,55.39,0.0,51.7,78.0,63.92,1767.0,35.696503,34.0
1.0,34.0,1.0,1.0,0.0,39.31,0.0,45.1,247.0,42.85,1871.0,30.958014,31.0
29.0,31.0,4.0,12.0,0.0,65.95,0.0,53.7,384.0,55.09,551.0,35.045586,38.0
3.0,95.0,4.0,12.0,0.0,20.34,1.0,22.0,155.0,22.86,163.0,55.345287,60.0
4.0,8.0,3.0,5.0,0.0,33.32,0.0,82.6,164.0,35.62,371.0,36.26427,39.0
25.0,73.0,3.0,4.0,0.0,50.29,1.0,83.7,179.0,41.89,679.0,43.441395,41.0
6.0,94.0,3.0,2.0,0.0,125.85,0.0,35.8,495.0,102.1,1106.0,33.25101,35.0
23.0,89.0,0.0,1.0,0.0,117.04,0.0,50.6,27.0,140.79,1581.0,46.547123,46.0
20.0,30.0,4.0,12.0,1.0,59.69,0.0,47.6,155.0,62.15,1179.0,59.935303,57.0
2.0,90.0,5.0,5.0,0.0,131.12,0.0,77.1,261.0,119.07,231.0,30.604116,27.0
21.0,64.0,4.0,5.0,0.0,34.64,0.0,86.4,152.0,32.91,1370.0,35.356945,34.0
1.0,15.0,1.0,7.0,1.0,148.65,1.0,101.4,90.0,162.34,130.0,75.657974,57.0
23.0,2.0,4.0,10.0,0.0,119.88,0.0,70.1,369.0,119.95,1628.0,36.677322,34.0
17.0,3.0,1.0,7.0,0.0,26.61,1.0,90.7,108.0,25.83,1454.0,56.059864,44.0
9.0,11.0,0.0,3.0,0.0,65.21,1.0,69.8,170.0,81.31,1005.0,61.287704,57.0
2.0,3.0,1.0,2.0,0.0,133.46,0.0,39.9,463.0,146.47,809.0,41.152317,45.0
7.0,48.0,2.0,12.0,0.0,19.04,0.0,57.9,451.0,23.95,913.0,42.571056,44.0
6.0,89.0,3.0,12.0,0.0,119.17,0.0,33.8,14.0,110.13,737.0,40.61595,43.0
15.0,28.0,4.0,2.0,0.0,132.31,1.0,63.4,50.0,128.36,1560.0,55.819496,59.0
18.0,53.0,2.0,4.0,0.0,86.01,1.0,79.7,30.0,74.71,1378.0,61.44836,45.0
4.0,67.0,4.0,8.0,0.0,131.35,0.0,91.7,350.0,164.29,518.0,47.24724,44.0
28.0,14.0,3.0,10.0,0.0,33.96,0.0,71.4,307.0,39.29,739.0,31.585001,29.0
26.0,7.0,6.0,9.0,0.0,62.44,1.0,97.2,73.0,50.37,720.0,40.77741,40.0
8.0,75.0,0.0,4.0,0.0,106.83,1.0,62.5,287.0,111.56,969.0,63.234512,51.0
3.0,89.0,6.0,4.0,0.0,84.8,0.0,76.1,224.0,101.6,380.0,46.819214,53.0
17.0,20.0,6.0,1.0,0.0,29.98,1.0,53.1,463.0,38.52,825.0,52.13882,59.0
21.0,1.0,6.0,7.0,1.0,37.22,0.0,104.8,214.0,44.11,1752.0,63.433987,71.0
15.0,92.0,4.0,4.0,0.0,83.24,0.0,59.3,327.0,90.0,832.0,37.917175,30.0
16.0,79.0,4.0,3.0,0.0,49.84,1.0,44.5,162.0,63.08,1126.0,49.34904,39.0
7.0,16.0,1.0,9.0,0.0,123.17,0.0,74.7,252.0,128.12,1670.0,42.58687,45.0
19.0,91.0,2.0,2.0,0.0,96.65,1.0,54.4,329.0,99.76,334.0,55.7471,56.0
16.0,100.0,2.0,12.0,1.0,19.19,1.0,53.0,19.0,18.08,1688.0,82.47951,80.0
6.0,67.0,4.0,3.0,0.0,16.65,1.0,82.0,463.0,15.6,202.0,61.849525,58.0
7.0,67.0,4.0,3.0,0.0,82.19,1.0,61.9,257.0,98.37,904.0,62.98678,62.0
12.0,84.0,4.0,7.0,0.0,24.51,0.0,96.7,144.0,25.4,613.0,40.43651,37.0
2.0,40.0,4.0,11.0,0.0,136.3,0.0,50.2,385.0,141.2,1880.0,43.270943,34.0
19.0,19.0,3.0,12.0,0.0,63.92,0.0,48.6,198.0,56.02,951.0,28.633526,28.0
24.0,47.0,6.0,2.0,0.0,29.19,1.0,45.3,97.0,27.69,56.0,51.726852,59.0
10.0,31.0,4.0,12.0,0.0,136.83,0.0,54.9,312.0,174.4,240.0,55.1341,57.0
22.0,64.0,6.0,10.0,0.0,18.09,0.0,82.0,310.0,16.98,164.0,39.474297,39.0
6.0,49.0,0.0,12.0,0.0,109.05,0.0,62.1,390.0,115.49,986.0,45.361378,54.0
18.0,55.0,4.0,12.0,0.0,102.41,1.0,42.7,245.0,120.57,1238.0,66.24677,70.0
1.0,96.0,1.0,2.0,0.0,26.5,1.0,39.7,103.0,23.88,947.0,41.725353,57.0
18.0,71.0,1.0,4.0,0.0,87.96,1.0,55.4,108.0,80.04,918.0,54.04598,47.0
9.0,79.0,3.0,1.0,0.0,37.76,0.0,27.4,461.0,48.72,1713.0,32.28844,38.0
3.0,97.0,6.0,6.0,0.0,15.56,1.0,92.0,260.0,16.03,623.0,62.86748,74.0
21.0,36.0,5.0,2.0,0.0,87.59,1.0,49.4,319.0,105.72,249.0,58.071766,49.0
25.0,42.0,5.0,1.0,0.0,149.95,0.0,65.2,220.0,177.12,1899.0,48.161392,43.0
4.0,88.0,4.0,2.0,0.0,93.52,0.0,46.4,80.0,90.38,447.0,31.778782,28.0
12.0,86.0,4.0,2.0,0.0,72.16,1.0,53.9,335.0,90.67,1525.0,62.439705,74.0
10.0,43.0,1.0,6.0,0.0,112.51,0.0,98.7,193.0,90.39,1934.0,28.78949,28.0
28.0,5.0,0.0,8.0,0.0,116.22,1.0,101.3,311.0,136.07,1151.0,58.399475,54.0
1.0,98.0,1.0,8.0,0.0,149.86,0.0,90.1,385.0,145.11,720.0,30.033562,31.0
13.0,21.0,2.0,2.0,0.0,32.02,0.0,34.4,246.0,26.76,1932.0,31.99958,35.0
13.0,17.0,3.0,12.0,0.0,61.09,1.0,43.8,309.0,68.09,1943.0,60.26881,60.0
8.0,3.0,0.0,11.0,1.0,49.05,1.0,61.1,402.0,49.84,1911.0,94.03453,95.0
14.0,63.0,0.0,12.0,0.0,24.47,0.0,51.2,98.0,27.94,758.0,38.074574,42.0
12.0,35.0,2.0,12.0,0.0,57.89,0.0,49.9,386.0,75.09,1389.0,48.83767,49.0
24.0,25.0,0.0,9.0,0.0,31.12,0.0,79.4,192.0,39.53,730.0,36.5404,37.0
16.0,78.0,2.0,10.0,0.0,71.63,0.0,63.0,230.0,80.69,629.0,27.375883,26.0
28.0,53.0,1.0,4.0,0.0,35.6,0.0,83.5,376.0,36.02,1661.0,35.709682,37.0
9.0,74.0,1.0,5.0,0.0,68.71,0.0,93.6,316.0,55.66,200.0,24.825632,23.0
4.0,5.0,0.0,9.0,0.0,12.43,1.0,81.3,136.0,10.72,392.0,48.671955,49.0
20.0,82.0,3.0,5.0,0.0,83.37,1.0,84.2,374.0,99.35,1702.0,59.00124,61.0
13.0,20.0,0.0,9.0,0.0,95.69,0.0,76.4,437.0,106.99,895.0,38.29879,34.0
29.0,91.0,3.0,3.0,0.0,19.65,1.0,53.9,100.0,22.57,1225.0,62.56541,70.0
4.0,49.0,2.0,4.0,0.0,96.64,0.0,82.1,26.0,84.6,673.0,28.43493,33.0
7.0,13.0,4.0,3.0,0.0,143.07,1.0,48.6,448.0,118.71,1188.0,40.2334,42.0
14.0,59.0,1.0,1.0,0.0,121.14,0.0,50.0,374.0,104.49,652.0,23.950085,26.0
2.0,99.0,0.0,9.0,0.0,41.82,1.0,87.8,155.0,46.34,681.0,61.116173,51.0
23.0,23.0,5.0,9.0,0.0,118.92,1.0,75.1,461.0,139.11,1963.0,65.957344,64.0
3.0,63.0,4.0,2.0,0.0,125.85,1.0,57.8,103.0,123.07,564.0,56.23532,61.0
17.0,79.0,1.0,4.0,0.0,57.16,0.0,75.8,105.0,59.08,890.0,33.795105,35.0
2.0,64.0,2.0,2.0,0.0,8.41,1.0,53.7,251.0,10.51,842.0,58.966183,75.0
23.0,23.0,2.0,7.0,1.0,16.02,1.0,99.6,336.0,16.3,603.0,73.67145,84.0
12.0,85.0,2.0,5.0,0.0,146.41,1.0,98.8,428.0,152.61,390.0,58.567295,54.0
6.0,44.0,2.0,2.0,0.0,62.82,1.0,46.3,405.0,69.57,224.0,63.866425,71.0
24.0,62.0,5.0,6.0,0.0,93.34,0.0,89.1,306.0,104.17,676.0,36.26825,36.0
22.0,94.0,5.0,1.0,0.0,69.64,0.0,33.2,305.0,65.2,1836.0,39.80397,46.0
13.0,70.0,1.0,9.0,0.0,25.72,0.0,86.3,494.0,23.09,1519.0,31.915648,30.0
23.0,40.0,1.0,10.0,0.0,109.9,0.0,79.7,467.0,142.85,1000.0,51.222424,54.0
27.0,71.0,4.0,8.0,0.0,81.16,1.0,85.7,103.0,85.03,1887.0,60.121452,60.0
20.0,76.0,0.0,2.0,0.0,86.77,0.0,43.9,351.0,80.65,948.0,26.400724,24.0
10.0,37.0,0.0,5.0,0.0,86.23,1.0,100.3,338.0,96.4,533.0,61.03917,69.0
16.0,48.0,4.0,4.0,0.0,54.24,1.0,78.5,306.0,50.71,1954.0,43.753716,58.0
30.0,63.0,3.0,3.0,0.0,110.05,1.0,51.4,170.0,114.8,1772.0,58.52062,71.0
21.0,10.0,5.0,11.0,1.0,62.95,1.0,52.6,266.0,76.07,1789.0,90.52988,92.0
2.0,74.0,1.0,1.0,0.0,21.61,1.0,30.7,221.0,19.92,1050.0,52.618057,61.0
27.0,94.0,5.0,6.0,0.0,78.99,0.0,86.9,290.0,76.98,897.0,41.73233,33.0
27.0,78.0,3.0,5.0,0.0,147.46,0.0,89.0,19.0,126.42,600.0,21.300196,27.0
22.0,87.0,2.0,10.0,0.0,74.14,0.0,82.9,83.0,72.31,347.0,39.151787,37.0
6.0,100.0,2.0,3.0,0.0,35.78,1.0,57.2,283.0,40.13,1820.0,71.093765,75.0
16.0,17.0,3.0,3.0,0.0,149.26,0.0,49.1,458.0,175.42,977.0,36.958527,33.0
15.0,27.0,0.0,7.0,0.0,98.04,1.0,94.2,391.0,88.09,1319.0,53.55374,62.0
17.0,53.0,3.0,1.0,0.0,22.15,0.0,55.7,62.0,28.37,388.0,38.4852,39.0
4.0,76.0,6.0,7.0,0.0,69.84,0.0,108.4,482.0,60.83,847.0,31.047852,26.0
30.0,9.0,2.0,2.0,0.0,88.33,1.0,39.2,217.0,96.04,317.0,50.477016,60.0
29.0,47.0,6.0,3.0,0.0,10.23,1.0,48.3,320.0,10.75,1358.0,63.861183,66.0
26.0,78.0,1.0,2.0,0.0,72.8,1.0,60.3,21.0,94.49,1941.0,53.636993,47.0
17.0,51.0,1.0,3.0,0.0,23.06,1.0,52.8,418.0,29.75,335.0,53.34963,59.0
18.0,59.0,3.0,5.0,0.0,82.92,1.0,79.2,58.0,90.03,1630.0,67.96416,70.0
14.0,54.0,1.0,12.0,0.0,41.62,0.0,65.2,373.0,37.26,838.0,34.34767,29.0
16.0,57.0,4.0,8.0,0.0,129.04,0.0,81.0,273.0,125.59,1209.0,24.64358,20.0
20.0,73.0,5.0,7.0,1.0,104.07,1.0,99.7,31.0,87.49,409.0,71.15139,55.0
30.0,33.0,0.0,12.0,0.0,136.48,0.0,47.1,337.0,118.24,449.0,26.93728,22.0
17.0,74.0,0.0,7.0,0.0,137.24,0.0,94.1,499.0,114.82,1036.0,25.367958,15.0
14.0,76.0,0.0,6.0,0.0,75.52,0.0,105.6,403.0,73.84,1096.0,30.693197,27.0
15.0,37.0,1.0,7.0,1.0,74.31,0.0,95.1,159.0,93.34,1072.0,69.79967,60.0
4.0,75.0,5.0,9.0,0.0,55.14,0.0,73.3,341.0,59.22,1158.0,35.295193,40.0
16.0,17.0,5.0,4.0,0.0,60.05,1.0,61.7,124.0,56.56,554.0,40.794186,24.0
25.0,36.0,2.0,5.0,0.0,87.37,0.0,83.8,19.0,77.06,1498.0,26.59193,25.0
15.0,65.0,4.0,3.0,0.0,139.46,0.0,51.7,341.0,130.31,81.0,25.91801,26.0
8.0,34.0,0.0,8.0,0.0,135.51,1.0,94.4,319.0,138.28,1216.0,59.228283,56.0
28.0,6.0,2.0,3.0,0.0,46.46,0.0,59.1,57.0,51.99,628.0,34.356186,35.0
19.0,86.0,5.0,1.0,0.0,75.2,1.0,52.2,256.0,68.17,672.0,52.946793,49.0
1.0,55.0,5.0,8.0,0.0,50.54,0.0,105.1,263.0,60.8,519.0,34.429176,28.0
30.0,64.0,3.0,9.0,0.0,60.06,0.0,86.0,135.0,66.32,1726.0,38.45672,39.0
11.0,89.0,2.0,4.0,0.0,99.26,1.0,67.2,345.0,88.51,661.0,46.717426,52.0
20.0,11.0,1.0,8.0,0.0,136.82,1.0,85.0,499.0,117.19,1054.0,35.75469,40.0
17.0,69.0,4.0,4.0,0.0,44.51,0.0,72.0,283.0,49.1,1350.0,40.87826,48.0
6.0,65.0,6.0,1.0,0.0,24.47,0.0,36.6,134.0,26.16,652.0,44.666893,45.0
7.0,21.0,5.0,11.0,0.0,32.77,0.0,55.3,192.0,31.68,127.0,35.638535,30.0
21.0,35.0,6.0,1.0,0.0,148.99,0.0,53.2,388.0,159.76,1495.0,42.34301,40.0
4.0,75.0,6.0,12.0,0.0,68.66,0.0,42.5,483.0,74.64,1659.0,39.667416,41.0
6.0,75.0,3.0,2.0,0.0,40.35,1.0,31.8,155.0,51.41,1145.0,69.07402,83.0
29.0,61.0,4.0,7.0,0.0,87.83,0.0,94.8,137.0,109.82,1331.0,56.600784,53.0
11.0,4.0,0.0,12.0,0.0,48.35,0.0,45.7,239.0,40.27,1001.0,29.915867,30.0
8.0,47.0,1.0,2.0,0.0,108.09,0.0,40.1,106.0,119.68,288.0,45.275436,46.0
14.0,19.0,5.0,12.0,0.0,39.44,1.0,51.7,423.0,47.59,326.0,56.15636,53.0
3.0,70.0,2.0,11.0,0.0,101.62,1.0,64.7,140.0,82.01,1528.0,55.54188,51.0
29.0,56.0,5.0,2.0,0.0,72.31,0.0,42.8,410.0,88.42,1450.0,47.83039,48.0
20.0,21.0,1.0,3.0,0.0,129.28,0.0,62.4,338.0,153.68,511.0,37.149483,33.0
27.0,79.0,0.0,1.0,0.0,132.65,0.0,37.0,396.0,164.85,1897.0,50.604122,53.0
30.0,66.0,5.0,9.0,0.0,99.29,0.0,89.6,422.0,94.29,489.0,27.293533,35.0
23.0,44.0,4.0,2.0,0.0,35.98,0.0,52.8,67.0,34.4,1607.0,36.253994,33.0
17.0,88.0,1.0,1.0,0.0,102.55,1.0,46.3,272.0,117.57,1558.0,64.869484,66.0
28.0,10.0,4.0,2.0,0.0,85.44,1.0,30.3,451.0,74.79,734.0,48.76434,37.0
16.0,31.0,4.0,12.0,0.0,94.47,0.0,41.6,484.0,106.62,306.0,37.39179,32.0
20.0,56.0,1.0,6.0,0.0,78.75,1.0,94.0,219.0,82.83,1741.0,57.594166,57.0
19.0,35.0,3.0,9.0,0.0,98.5,1.0,70.8,241.0,101.88,1303.0,57.933205,67.0
20.0,10.0,4.0,11.0,1.0,60.06,1.0,61.4,140.0,70.65,1297.0,82.64724,90.0
13.0,83.0,0.0,6.0,0.0,54.21,0.0,90.7,230.0,63.02,652.0,32.605648,35.0
26.0,77.0,0.0,2.0,0.0,122.86,1.0,52.8,212.0,149.57,1788.0,62.987247,59.0
27.0,17.0,3.0,8.0,0.0,39.21,0.0,100.1,132.0,34.93,1794.0,32.96064,33.0
21.0,100.0,4.0,5.0,0.0,125.59,0.0,69.9,260.0,105.48,1190.0,25.834127,22.0
18.0,32.0,1.0,5.0,0.0,45.11,1.0,94.1,143.0,49.26,1196.0,56.878098,72.0
21.0,100.0,4.0,3.0,0.0,119.05,0.0,57.2,23.0,116.89,1943.0,33.42272,35.0
7.0,19.0,3.0,2.0,0.0,79.2,0.0,38.9,208.0,96.31,488.0,42.358162,37.0
23.0,21.0,3.0,4.0,0.0,91.25,0.0,58.5,209.0,110.13,372.0,42.66729,40.0
22.0,83.0,6.0,4.0,0.0,123.73,0.0,49.8,118.0,108.51,1004.0,32.446808,27.0
11.0,87.0,0.0,1.0,0.0,74.21,1.0,43.2,497.0,81.18,862.0,56.951454,52.0
28.0,18.0,2.0,3.0,0.0,88.72,1.0,60.3,389.0,76.69,616.0,45.96727,31.0
16.0,95.0,4.0,10.0,0.0,21.68,1.0,72.7,410.0,19.37,1680.0,45.04263,42.0
13.0,8.0,3.0,3.0,0.0,144.02,1.0,62.2,287.0,152.64,1315.0,59.607826,63.0
16.0,28.0,1.0,2.0,0.0,122.86,1.0,55.1,457.0,104.39,1277.0,34.87668,37.0
21.0,98.0,1.0,1.0,0.0,39.24,1.0,49.2,174.0,44.32,166.0,53.93078,50.0
11.0,99.0,3.0,11.0,0.0,140.04,0.0,51.5,320.0,148.35,1619.0,37.43336,37.0
3.0,74.0,4.0,4.0,0.0,90.9,1.0,70.0,324.0,79.1,1452.0,57.515656,47.0
3.0,65.0,1.0,6.0,0.0,27.43,1.0,87.3,262.0,33.99,1234.0,63.37198,57.0
25.0,38.0,1.0,1.0,0.0,121.34,0.0,55.4,30.0,116.39,215.0,25.0476,26.0
24.0,62.0,6.0,10.0,0.0,100.79,0.0,89.6,484.0,130.32,1293.0,45.38742,45.0
16.0,23.0,0.0,8.0,0.0,18.2,0.0,95.0,13.0,23.22,1793.0,29.616537,29.0
21.0,23.0,0.0,4.0,0.0,23.73,1.0,64.9,214.0,30.17,1106.0,56.6973,54.0
15.0,43.0,6.0,4.0,0.0,122.93,1.0,68.9,476.0,130.4,1509.0,55.27453,53.0
15.0,31.0,0.0,4.0,0.0,99.29,0.0,64.1,401.0,117.28,1349.0,45.39642,51.0
6.0,73.0,1.0,12.0,0.0,119.62,0.0,49.2,387.0,118.49,1507.0,39.954823,42.0
17.0,84.0,5.0,2.0,0.0,122.52,0.0,46.9,444.0,137.41,473.0,39.08943,38.0
30.0,17.0,5.0,12.0,1.0,19.44,1.0,44.7,486.0,17.24,1220.0,73.50178,75.0
10.0,15.0,5.0,5.0,0.0,77.08,1.0,84.1,283.0,68.19,1050.0,52.65204,46.0
6.0,80.0,2.0,10.0,0.0,19.06,1.0,78.0,307.0,23.47,665.0,67.396866,63.0
20.0,43.0,2.0,12.0,1.0,119.39,1.0,51.1,345.0,136.34,853.0,83.99208,92.0
27.0,99.0,6.0,1.0,0.0,9.55,0.0,40.7,369.0,11.68,320.0,33.14061,27.0
23.0,45.0,3.0,2.0,0.0,80.33,0.0,50.3,310.0,74.74,967.0,35.949764,37.0
7.0,38.0,2.0,3.0,0.0,61.54,1.0,76.8,278.0,71.8,1328.0,63.527134,65.0
21.0,28.0,2.0,7.0,0.0,26.04,0.0,95.8,486.0,21.05,437.0,28.432486,24.0
19.0,84.0,3.0,8.0,0.0,62.49,0.0,83.6,250.0,58.73,666.0,32.072662,30.0
4.0,96.0,1.0,8.0,0.0,6.15,0.0,87.6,153.0,6.05,295.0,33.22413,30.0
5.0,4.0,0.0,2.0,0.0,67.5,0.0,46.6,81.0,84.45,1306.0,44.966988,46.0
1.0,7.0,0.0,5.0,0.0,24.14,0.0,66.7,293.0,28.51,60.0,30.356232,31.0
10.0,73.0,2.0,3.0,0.0,92.97,1.0,52.9,443.0,79.62,1609.0,55.68715,54.0
13.0,56.0,5.0,3.0,0.0,104.9,0.0,56.4,266.0,119.2,1442.0,40.275227,37.0
28.0,73.0,1.0,4.0,0.0,133.78,1.0,80.2,195.0,112.03,725.0,41.938026,45.0
23.0,88.0,2.0,8.0,0.0,132.82,1.0,87.0,230.0,137.92,1359.0,56.74311,60.0
20.0,80.0,2.0,11.0,0.0,61.52,0.0,73.9,247.0,61.55,573.0,28.917667,26.0
2.0,79.0,4.0,5.0,0.0,62.08,1.0,83.2,385.0,75.86,1286.0,58.767277,71.0
28.0,84.0,6.0,1.0,0.0,90.72,0.0,40.2,208.0,80.07,1757.0,28.832588,23.0
29.0,90.0,0.0,3.0,0.0,94.44,1.0,60.2,469.0,92.73,191.0,59.330986,58.0
7.0,41.0,4.0,12.0,0.0,9.8,1.0,46.7,43.0,8.77,1552.0,64.29927,52.0
9.0,85.0,4.0,1.0,0.0,129.47,0.0,45.6,493.0,154.19,1647.0,47.36336,44.0
27.0,5.0,1.0,2.0,0.0,143.87,0.0,55.3,248.0,142.94,1667.0,36.493343,40.0
23.0,27.0,3.0,6.0,0.0,42.79,0.0,90.1,148.0,38.45,412.0,37.1174,34.0
14.0,63.0,1.0,8.0,0.0,110.63,1.0,91.8,497.0,104.55,456.0,47.93559,60.0
1.0,67.0,2.0,10.0,0.0,120.17,1.0,54.6,72.0,143.93,1373.0,63.481667,45.0
3.0,55.0,1.0,12.0,1.0,71.46,0.0,44.6,259.0,85.11,907.0,68.58518,64.0
12.0,26.0,6.0,1.0,0.0,143.67,1.0,47.9,252.0,153.22,669.0,61.749317,66.0
11.0,65.0,3.0,1.0,0.0,119.03,1.0,58.1,366.0,106.77,221.0,41.84146,52.0
29.0,100.0,0.0,3.0,0.0,143.78,0.0,61.9,418.0,120.72,1821.0,30.345041,32.0
23.0,58.0,2.0,8.0,0.0,87.63,1.0,96.7,331.0,80.1,1650.0,57.857063,69.0
15.0,50.0,0.0,7.0,0.0,35.7,1.0,97.9,139.0,46.14,1555.0,58.688576,69.0
24.0,100.0,5.0,8.0,0.0,82.75,0.0,94.0,66.0,91.61,443.0,36.27854,35.0
26.0,47.0,0.0,1.0,0.0,139.11,1.0,35.5,11.0,154.54,1825.0,58.929245,60.0
2.0,68.0,5.0,3.0,0.0,132.18,0.0,57.0,250.0,113.37,1577.0,32.125534,34.0
22.0,28.0,3.0,3.0,0.0,15.52,0.0,56.7,366.0,17.7,1249.0,44.901287,43.0
16.0,28.0,6.0,1.0,0.0,141.98,0.0,45.4,351.0,115.63,1138.0,12.936909,14.0
27.0,36.0,6.0,8.0,0.0,20.3,0.0,104.2,63.0,16.61,404.0,36.031315,30.0
24.0,10.0,4.0,8.0,0.0,88.52,1.0,107.9,174.0,80.46,481.0,49.14464,53.0
28.0,100.0,3.0,11.0,0.0,49.75,0.0,50.5,16.0,63.78,478.0,41.80791,39.0
30.0,3.0,4.0,2.0,0.0,8.08,0.0,41.3,164.0,7.85,364.0,28.5354,31.0
10.0,25.0,6.0,9.0,0.0,130.35,1.0,80.1,205.0,159.2,729.0,69.88245,67.0
6.0,3.0,2.0,2.0,0.0,27.4,1.0,49.0,197.0,31.63,768.0,62.639065,63.0
15.0,92.0,6.0,1.0,0.0,121.2,1.0,48.7,337.0,131.12,1694.0,58.999237,44.0
13.0,56.0,1.0,11.0,0.0,55.53,0.0,53.7,384.0,50.8,203.0,32.90114,24.0
22.0,67.0,2.0,3.0,0.0,137.97,0.0,62.5,172.0,164.0,1424.0,52.7101,51.0
17.0,89.0,3.0,9.0,0.0,84.06,1.0,85.7,50.0,88.61,1961.0,60.40843,66.0
23.0,94.0,3.0,10.0,0.0,78.45,1.0,73.5,325.0,95.38,575.0,65.96388,80.0
12.0,19.0,6.0,2.0,0.0,94.44,1.0,51.0,21.0,110.79,404.0,56.87732,73.0
28.0,61.0,5.0,1.0,0.0,61.65,1.0,44.2,165.0,60.91,560.0,54.456734,57.0
21.0,53.0,3.0,11.0,1.0,43.2,0.0,59.3,201.0,51.65,264.0,62.618332,71.0
3.0,62.0,4.0,11.0,0.0,93.71,0.0,58.0,381.0,90.88,534.0,37.223976,36.0
13.0,22.0,5.0,5.0,0.0,30.19,0.0,79.6,169.0,36.8,1930.0,38.031506,41.0
19.0,56.0,4.0,12.0,0.0,99.68,0.0,51.1,264.0,99.66,1361.0,35.669937,33.0
25.0,7.0,5.0,11.0,0.0,89.84,0.0,59.9,114.0,113.77,220.0,37.197372,37.0
22.0,4.0,5.0,5.0,0.0,128.86,1.0,77.8,205.0,128.03,621.0,59.115726,67.0
24.0,44.0,2.0,1.0,0.0,86.47,1.0,35.8,296.0,102.8,1693.0,60.508713,56.0
1.0,94.0,6.0,3.0,0.0,21.18,0.0,60.8,144.0,21.71,513.0,30.683313,25.0
16.0,29.0,6.0,8.0,0.0,41.73,1.0,104.7,359.0,43.13,1758.0,52.90455,54.0
6.0,60.0,5.0,4.0,0.0,44.86,0.0,69.6,332.0,53.82,1928.0,50.488575,49.0
17.0,80.0,0.0,10.0,0.0,41.55,1.0,63.3,49.0,51.9,897.0,58.93714,52.0
25.0,2.0,5.0,4.0,0.0,121.08,0.0,53.7,34.0,118.39,768.0,27.675726,25.0
22.0,90.0,1.0,8.0,0.0,61.04,0.0,78.9,497.0,71.18,932.0,50.75146,53.0
5.0,65.0,4.0,1.0,0.0,66.91,0.0,33.0,121.0,67.1,1817.0,39.125618,31.0
12.0,3.0,0.0,1.0,0.0,78.96,1.0,47.8,425.0,65.08,1407.0,46.971485,38.0
9.0,18.0,6.0,12.0,0.0,149.46,0.0,53.5,98.0,185.18,714.0,49.06903,50.0
28.0,67.0,6.0,1.0,0.0,26.97,1.0,25.0,47.0,31.33,1073.0,50.99938,57.0
12.0,44.0,6.0,2.0,0.0,49.64,1.0,36.2,177.0,53.16,1494.0,60.290195,62.0
13.0,32.0,3.0,10.0,0.0,118.61,0.0,61.8,489.0,146.93,112.0,47.286884,44.0
8.0,19.0,5.0,12.0,1.0,105.78,0.0,48.1,96.0,122.53,720.0,68.553085,73.0
4.0,29.0,3.0,2.0,0.0,121.19,1.0,45.0,112.0,124.03,410.0,55.248833,63.0
15.0,90.0,6.0,3.0,0.0,96.23,0.0,62.4,168.0,103.26,1858.0,39.69321,38.0
14.0,74.0,5.0,1.0,0.0,64.86,1.0,40.7,174.0,75.35,1803.0,59.367752,58.0
8.0,3.0,1.0,8.0,0.0,109.86,0.0,85.1,397.0,128.62,1339.0,43.73558,53.0
27.0,62.0,2.0,5.0,0.0,129.62,1.0,74.9,274.0,132.88,69.0,54.021286,60.0
19.0,51.0,5.0,5.0,0.0,90.03,0.0,73.4,196.0,74.1,460.0,24.825865,29.0
3.0,94.0,2.0,3.0,0.0,103.06,0.0,49.0,201.0,132.49,1797.0,58.424232,62.0
22.0,44.0,1.0,9.0,0.0,124.48,1.0,90.6,304.0,139.36,1179.0,67.3597,65.0
11.0,85.0,3.0,2.0,0.0,57.95,1.0,56.2,480.0,47.76,445.0,42.271698,43.0
15.0,64.0,0.0,7.0,0.0,16.6,0.0,87.2,376.0,18.08,210.0,35.259987,31.0
9.0,61.0,0.0,1.0,0.0,145.39,1.0,37.4,313.0,139.21,1895.0,54.983715,55.0
2.0,50.0,5.0,11.0,1.0,84.52,0.0,53.4,486.0,82.57,1920.0,61.893646,64.0
13.0,75.0,0.0,2.0,0.0,105.11,1.0,30.5,211.0,113.86,1125.0,56.070084,59.0
2.0,47.0,3.0,8.0,0.0,96.93,1.0,93.7,200.0,103.32,169.0,59.870106,56.0
2.0,9.0,4.0,9.0,0.0,100.88,1.0,88.6,116.0,105.88,1526.0,66.788795,63.0
20.0,45.0,6.0,7.0,1.0,6.11,0.0,99.8,50.0,6.46,666.0,56.186733,68.0
16.0,49.0,5.0,6.0,0.0,58.43,0.0,99.7,69.0,70.02,1655.0,35.679382,38.0
1.0,60.0,4.0,4.0,0.0,69.33,0.0,81.0,115.0,62.13,460.0,25.626429,22.0
13.0,63.0,5.0,9.0,0.0,24.08,0.0,60.9,266.0,28.39,1310.0,38.86166,44.0
9.0,94.0,6.0,1.0,0.0,112.31,0.0,49.7,427.0,108.79,1288.0,33.147766,37.0
13.0,76.0,0.0,5.0,0.0,112.48,0.0,92.8,457.0,135.32,1613.0,46.38753,47.0
10.0,38.0,4.0,11.0,0.0,134.46,1.0,57.5,57.0,145.94,1320.0,59.725548,55.0
14.0,65.0,3.0,12.0,1.0,17.23,0.0,42.6,204.0,16.88,79.0,54.980083,62.0
18.0,19.0,6.0,5.0,0.0,140.0,0.0,81.6,411.0,176.44,1096.0,49.261383,47.0
8.0,62.0,0.0,10.0,0.0,112.83,1.0,65.1,191.0,104.28,1813.0,56.02644,63.0
22.0,90.0,5.0,5.0,0.0,52.05,1.0,83.9,343.0,49.69,1448.0,65.98401,75.0
17.0,17.0,6.0,1.0,0.0,131.6,0.0,37.1,315.0,134.79,914.0,35.22062,29.0
3.0,30.0,2.0,10.0,0.0,137.46,1.0,59.8,393.0,173.14,906.0,76.02177,59.0
23.0,61.0,5.0,1.0,0.0,103.54,1.0,47.4,128.0,123.04,267.0,60.293957,77.0
25.0,26.0,6.0,3.0,0.0,22.64,1.0,51.9,492.0,21.19,543.0,53.778633,49.0
16.0,29.0,1.0,3.0,0.0,123.99,1.0,63.9,338.0,103.38,1189.0,37.432198,45.0
12.0,66.0,4.0,2.0,0.0,18.14,0.0,58.5,385.0,14.76,1937.0,41.84498,40.0
28.0,80.0,0.0,1.0,0.0,112.78,0.0,37.3,31.0,114.71,1703.0,36.491665,36.0
13.0,8.0,0.0,6.0,0.0,89.1,1.0,98.4,384.0,72.58,386.0,51.91077,45.0
25.0,55.0,3.0,2.0,0.0,62.7,1.0,53.8,24.0,50.69,1480.0,41.152103,52.0
10.0,64.0,2.0,9.0,0.0,65.19,1.0,94.1,439.0,54.05,1602.0,56.023758,46.0
25.0,84.0,0.0,3.0,0.0,44.93,0.0,47.1,457.0,45.17,183.0,27.011835,29.0
27.0,100.0,3.0,5.0,0.0,22.45,0.0,77.9,208.0,24.13,1834.0,38.08151,35.0
11.0,3.0,0.0,8.0,0.0,112.79,1.0,90.3,59.0,90.79,1983.0,43.777733,46.0
14.0,90.0,1.0,9.0,0.0,140.12,0.0,78.3,158.0,171.54,1389.0,51.34223,44.0
6.0,47.0,5.0,4.0,0.0,76.22,1.0,66.8,100.0,67.42,116.0,59.36258,66.0
16.0,9.0,6.0,4.0,0.0,46.14,1.0,84.6,330.0,44.11,552.0,40.83712,40.0
24.0,6.0,0.0,1.0,0.0,140.21,0.0,42.5,233.0,119.88,1561.0,23.042,22.0
3.0,47.0,2.0,1.0,0.0,25.44,1.0,37.4,461.0,25.04,967.0,59.83721,63.0
3.0,75.0,4.0,5.0,0.0,59.27,1.0,67.0,413.0,73.58,188.0,63.66788,70.0
9.0,6.0,3.0,9.0,0.0,105.85,1.0,93.5,247.0,132.34,1736.0,67.6913,60.0
3.0,59.0,1.0,1.0,0.0,122.77,0.0,43.7,25.0,114.49,1947.0,40.97915,36.0
8.0,5.0,4.0,7.0,1.0,79.13,0.0,100.5,416.0,76.5,1512.0,63.418354,63.0
12.0,71.0,4.0,5.0,0.0,82.86,1.0,76.9,85.0,70.79,988.0,53.92447,56.0
22.0,48.0,3.0,5.0,0.0,48.85,0.0,88.7,79.0,60.55,135.0,48.31786,55.0
9.0,58.0,1.0,1.0,0.0,114.78,1.0,40.3,337.0,131.75,1912.0,65.37772,78.0
30.0,67.0,0.0,12.0,0.0,5.08,0.0,43.4,33.0,4.07,148.0,29.774588,27.0
26.0,39.0,0.0,3.0,0.0,127.05,0.0,55.5,48.0,157.92,1500.0,44.193806,42.0
17.0,100.0,4.0,5.0,0.0,22.57,1.0,97.3,395.0,20.68,1798.0,61.869415,54.0
16.0,14.0,5.0,6.0,0.0,32.14,1.0,80.7,416.0,35.01,339.0,41.57335,37.0
23.0,32.0,1.0,2.0,0.0,39.93,1.0,62.4,489.0,32.41,1681.0,56.566895,62.0
26.0,34.0,4.0,4.0,0.0,114.73,0.0,67.0,359.0,142.31,106.0,36.179676,36.0
28.0,55.0,3.0,3.0,0.0,36.96,1.0,54.9,140.0,32.8,524.0,50.26285,40.0
17.0,29.0,2.0,4.0,0.0,41.43,0.0,63.0,226.0,41.13,1101.0,39.49016,39.0
6.0,59.0,5.0,6.0,0.0,78.62,1.0,104.2,381.0,91.46,743.0,71.4445,80.0
3.0,62.0,5.0,10.0,0.0,67.89,0.0,71.0,459.0,63.7,1196.0,39.395775,40.0
29.0,85.0,1.0,3.0,0.0,63.9,1.0,72.2,368.0,69.57,1970.0,65.053444,64.0
17.0,19.0,5.0,12.0,1.0,27.93,1.0,35.6,405.0,28.16,1453.0,77.13406,76.0
29.0,76.0,6.0,2.0,0.0,123.99,0.0,62.8,467.0,127.73,876.0,38.717117,44.0
9.0,42.0,0.0,11.0,0.0,120.44,1.0,59.8,142.0,99.18,1621.0,46.427547,53.0
2.0,64.0,6.0,2.0,0.0,128.33,0.0,40.4,69.0,135.25,1281.0,43.08751,40.0
16.0,89.0,6.0,2.0,0.0,80.41,1.0,46.4,188.0,89.69,1908.0,53.92852,56.0
4.0,22.0,3.0,11.0,0.0,118.63,1.0,52.9,331.0,132.68,1324.0,62.56438,58.0
10.0,39.0,1.0,6.0,0.0,11.53,0.0,91.8,239.0,11.78,1773.0,40.978264,42.0
19.0,76.0,2.0,2.0,0.0,148.02,0.0,48.0,371.0,132.97,1898.0,33.054832,32.0
11.0,93.0,3.0,1.0,0.0,102.97,0.0,31.3,261.0,126.85,200.0,45.020718,42.0
16.0,12.0,1.0,1.0,0.0,139.06,1.0,43.5,436.0,141.26,1075.0,46.500168,36.0
12.0,86.0,0.0,11.0,1.0,35.69,0.0,61.1,498.0,36.95,71.0,64.15311,75.0
23.0,61.0,2.0,1.0,0.0,111.09,1.0,42.6,349.0,101.75,1424.0,54.99417,48.0
8.0,25.0,6.0,2.0,0.0,23.7,0.0,51.0,31.0,21.13,828.0,35.344177,36.0
11.0,90.0,0.0,9.0,0.0,106.82,0.0,81.7,456.0,85.81,1891.0,28.90535,28.0
18.0,52.0,4.0,2.0,0.0,88.93,1.0,37.7,284.0,102.54,433.0,59.90084,64.0
17.0,5.0,6.0,5.0,0.0,106.16,0.0,87.2,246.0,137.15,1537.0,47.414566,55.0
14.0,4.0,1.0,10.0,0.0,82.4,0.0,63.0,416.0,91.72,602.0,39.74168,35.0
21.0,16.0,4.0,6.0,0.0,96.38,1.0,93.3,265.0,98.79,1864.0,52.80611,56.0
9.0,10.0,1.0,3.0,0.0,107.13,1.0,59.1,120.0,86.64,174.0,39.20955,52.0
22.0,61.0,6.0,4.0,0.0,59.79,0.0,78.1,358.0,62.24,917.0,43.862984,54.0
15.0,32.0,0.0,2.0,0.0,13.53,0.0,46.3,309.0,10.92,1260.0,36.550358,37.0
10.0,72.0,3.0,8.0,0.0,131.97,1.0,97.5,494.0,133.34,1225.0,61.520615,56.0
11.0,91.0,1.0,9.0,0.0,60.13,0.0,84.9,404.0,62.08,1635.0,37.593956,40.0
14.0,99.0,5.0,7.0,0.0,115.24,0.0,94.5,408.0,142.01,874.0,45.12188,47.0
25.0,24.0,4.0,6.0,0.0,33.17,1.0,77.0,499.0,31.99,1733.0,46.967976,57.0
16.0,82.0,1.0,1.0,0.0,39.11,1.0,45.4,425.0,48.36,845.0,49.46153,41.0
7.0,79.0,1.0,9.0,0.0,5.89,0.0,85.0,365.0,5.21,1635.0,42.007927,35.0
27.0,53.0,0.0,5.0,0.0,56.63,0.0,75.5,218.0,66.32,457.0,39.498356,45.0
22.0,39.0,6.0,5.0,0.0,131.11,1.0,85.9,221.0,134.8,1324.0,59.30865,54.0
2.0,70.0,1.0,4.0,0.0,62.64,0.0,87.0,427.0,59.21,236.0,30.289019,30.0
18.0,27.0,2.0,7.0,0.0,58.87,0.0,95.2,156.0,71.49,510.0,43.310265,40.0
5.0,99.0,6.0,2.0,0.0,39.85,1.0,58.8,435.0,39.5,1012.0,61.78309,44.0
19.0,43.0,3.0,8.0,0.0,114.88,0.0,84.4,367.0,145.75,855.0,48.03528,47.0
10.0,71.0,0.0,7.0,0.0,149.5,0.0,88.4,128.0,174.22,153.0,46.544025,43.0
30.0,80.0,2.0,10.0,0.0,142.31,1.0,66.0,140.0,146.22,162.0,54.17399,44.0
23.0,7.0,5.0,7.0,0.0,98.4,1.0,95.2,163.0,109.67,963.0,66.40568,69.0
15.0,92.0,5.0,10.0,0.0,83.59,1.0,72.4,211.0,79.16,837.0,49.519367,41.0
19.0,51.0,0.0,11.0,0.0,108.08,1.0,55.8,241.0,118.94,596.0,58.77418,62.0
3.0,85.0,4.0,2.0,0.0,88.54,0.0,43.8,412.0,91.11,517.0,41.954426,43.0
17.0,64.0,0.0,2.0,0.0,102.59,1.0,52.4,178.0,98.45,1654.0,59.04517,60.0
29.0,60.0,6.0,12.0,0.0,65.76,0.0,52.1,293.0,53.89,898.0,34.03492,30.0
22.0,33.0,1.0,4.0,0.0,142.54,0.0,70.7,13.0,184.85,318.0,56.451164,55.0
1.0,95.0,3.0,5.0,0.0,27.47,1.0,83.2,337.0,27.66,1039.0,50.66059,54.0
13.0,53.0,4.0,3.0,0.0,9.92,0.0,53.1,89.0,9.52,812.0,37.455032,39.0
4.0,35.0,1.0,5.0,0.0,124.53,1.0,87.0,66.0,141.75,642.0,64.65422,67.0
1.0,24.0,6.0,1.0,0.0,139.11,0.0,41.5,26.0,139.8,810.0,29.77932,22.0
10.0,84.0,2.0,10.0,0.0,29.06,1.0,81.9,19.0,34.51,1316.0,55.254704,59.0
25.0,32.0,5.0,2.0,0.0,82.81,1.0,53.1,131.0,74.85,1979.0,47.935207,57.0
26.0,23.0,5.0,12.0,0.0,37.85,1.0,67.6,357.0,43.58,1299.0,51.05495,46.0
5.0,44.0,5.0,9.0,0.0,60.03,0.0,98.9,413.0,66.5,1478.0,37.12885,37.0
5.0,62.0,1.0,1.0,0.0,39.25,0.0,40.0,165.0,42.08,1822.0,39.10519,35.0
14.0,60.0,6.0,11.0,0.0,18.99,0.0,50.1,330.0,19.29,1511.0,35.595615,36.0
5.0,64.0,0.0,1.0,0.0,17.18,1.0,38.4,294.0,21.41,1562.0,56.508156,73.0
24.0,42.0,4.0,7.0,0.0,131.89,0.0,81.8,351.0,146.96,739.0,37.94679,35.0
12.0,18.0,3.0,1.0,0.0,55.34,1.0,44.2,60.0,53.4,356.0,56.08305,55.0
25.0,59.0,4.0,2.0,0.0,30.67,1.0,56.1,401.0,36.04,334.0,50.986073,45.0
8.0,95.0,4.0,5.0,0.0,138.69,0.0,83.5,138.0,160.27,787.0,46.29094,47.0
30.0,95.0,2.0,4.0,0.0,137.25,1.0,75.3,408.0,141.47,379.0,50.67931,41.0
27.0,78.0,3.0,4.0,0.0,75.04,1.0,84.5,73.0,69.64,684.0,57.466602,57.0
11.0,92.0,3.0,7.0,0.0,57.19,0.0,92.3,420.0,52.74,1550.0,31.272682,23.0
14.0,94.0,4.0,12.0,0.0,129.46,0.0,44.9,90.0,139.21,657.0,43.033783,41.0
29.0,9.0,0.0,3.0,0.0,15.58,1.0,42.0,216.0,19.39,502.0,57.393513,61.0
7.0,60.0,2.0,10.0,0.0,87.06,0.0,61.5,266.0,70.15,1135.0,31.147173,27.0
3.0,27.0,0.0,10.0,0.0,59.05,0.0,63.0,266.0,55.37,1954.0,45.20293,41.0
29.0,24.0,3.0,8.0,0.0,71.56,1.0,92.6,99.0,83.9,677.0,60.255642,55.0
15.0,87.0,2.0,5.0,0.0,42.81,1.0,83.2,352.0,50.65,732.0,56.085793,64.0
15.0,12.0,0.0,2.0,0.0,12.93,1.0,55.9,149.0,16.77,514.0,53.52809,65.0
13.0,99.0,0.0,9.0,0.0,126.83,1.0,85.5,450.0,163.55,1089.0,67.929405,57.0
16.0,73.0,6.0,10.0,0.0,55.36,0.0,64.6,99.0,53.18,1187.0,19.553183,19.0
29.0,13.0,2.0,3.0,0.0,142.72,0.0,58.0,368.0,126.36,1287.0,30.759789,30.0
24.0,83.0,2.0,11.0,1.0,33.54,1.0,60.4,281.0,34.53,1577.0,79.84611,79.0
15.0,60.0,5.0,6.0,0.0,66.59,1.0,93.2,324.0,71.47,1282.0,58.496788,57.0
1.0,46.0,4.0,3.0,0.0,124.44,1.0,47.6,496.0,152.69,1233.0,62.04015,61.0
30.0,57.0,4.0,1.0,0.0,125.52,0.0,41.8,41.0,120.45,749.0,30.386887,32.0
21.0,83.0,0.0,12.0,0.0,139.08,1.0,47.6,222.0,150.89,1103.0,52.464188,51.0
2.0,68.0,1.0,4.0,0.0,117.5,0.0,82.9,99.0,124.75,901.0,40.70685,45.0
2.0,86.0,5.0,12.0,0.0,80.59,0.0,46.7,435.0,101.09,1694.0,48.598057,47.0
4.0,63.0,4.0,5.0,0.0,41.86,0.0,84.9,180.0,38.37,819.0,35.576553,41.0
22.0,45.0,3.0,2.0,0.0,74.23,1.0,44.6,361.0,75.72,1484.0,66.730095,65.0
5.0,30.0,0.0,5.0,0.0,37.25,1.0,62.7,369.0,45.12,1784.0,61.41089,57.0
22.0,16.0,4.0,12.0,1.0,5.4,0.0,49.9,322.0,5.13,1166.0,58.538124,72.0
7.0,61.0,4.0,7.0,0.0,125.82,0.0,93.1,407.0,117.91,850.0,38.61879,36.0
2.0,97.0,1.0,3.0,0.0,74.78,0.0,62.4,455.0,62.75,1458.0,38.20497,35.0
11.0,65.0,0.0,8.0,0.0,111.24,0.0,91.2,43.0,138.44,1947.0,46.82655,50.0
22.0,67.0,6.0,4.0,0.0,119.37,1.0,70.1,427.0,137.46,1094.0,62.086998,71.0
13.0,19.0,1.0,7.0,1.0,130.46,1.0,108.2,155.0,139.47,970.0,78.04462,80.0
25.0,37.0,5.0,5.0,0.0,56.97,0.0,82.0,176.0,50.3,1005.0,27.756681,32.0
10.0,19.0,2.0,3.0,0.0,34.48,1.0,42.9,197.0,40.33,1918.0,58.118332,50.0
3.0,11.0,6.0,7.0,0.0,136.88,1.0,101.3,278.0,136.85,1417.0,57.76892,70.0
4.0,3.0,1.0,12.0,0.0,70.73,0.0,42.1,331.0,68.07,1014.0,31.521566,30.0
26.0,76.0,2.0,9.0,0.0,23.05,1.0,84.5,17.0,23.49,1184.0,47.868515,49.0
6.0,92.0,0.0,3.0,0.0,96.77,1.0,66.6,279.0,120.08,1128.0,68.717896,82.0
20.0,25.0,0.0,2.0,0.0,72.39,0.0,43.9,112.0,85.79,1022.0,36.073273,33.0
21.0,25.0,3.0,4.0,0.0,131.93,1.0,67.2,108.0,139.18,1083.0,54.117832,51.0
6.0,91.0,5.0,3.0,0.0,146.53,0.0,59.9,299.0,173.75,191.0,52.553436,56.0
1.0,95.0,3.0,1.0,0.0,94.65,0.0,45.9,65.0,102.28,1005.0,31.83746,30.0
20.0,67.0,2.0,2.0,0.0,53.03,1.0,50.2,449.0,66.89,872.0,51.34222,44.0
30.0,28.0,5.0,12.0,0.0,101.95,1.0,57.7,250.0,109.83,296.0,52.84411,40.0
13.0,95.0,0.0,9.0,0.0,41.15,0.0,77.7,487.0,45.0,827.0,32.991142,30.0
10.0,58.0,2.0,2.0,0.0,30.14,0.0,53.0,123.0,26.06,721.0,43.979954,47.0
29.0,98.0,2.0,6.0,0.0,30.3,0.0,100.6,479.0,25.73,1979.0,48.0166,41.0
4.0,31.0,5.0,5.0,0.0,115.48,1.0,63.7,230.0,116.25,1812.0,58.327915,66.0
11.0,41.0,1.0,12.0,0.0,33.14,0.0,35.0,369.0,34.61,774.0,34.042576,35.0
19.0,23.0,0.0,9.0,0.0,61.1,0.0,82.0,464.0,50.37,1174.0,33.454052,28.0
2.0,62.0,0.0,3.0,0.0,142.18,0.0,48.2,428.0,153.11,1030.0,44.297543,41.0
3.0,61.0,4.0,4.0,0.0,84.6,0.0,65.6,350.0,100.09,1606.0,50.134655,49.0
16.0,3.0,6.0,4.0,0.0,134.86,1.0,71.0,164.0,155.6,1359.0,54.944458,60.0
14.0,90.0,5.0,12.0,0.0,73.01,1.0,65.2,309.0,84.42,1132.0,62.886536,72.0
17.0,97.0,2.0,4.0,0.0,59.24,0.0,74.7,343.0,72.73,992.0,40.605232,54.0
24.0,1.0,6.0,4.0,0.0,62.69,0.0,75.6,328.0,70.88,1859.0,38.16645,40.0
9.0,23.0,5.0,1.0,0.0,11.24,1.0,36.9,482.0,9.2,1309.0,54.453934,54.0
9.0,91.0,6.0,5.0,0.0,135.27,0.0,85.1,158.0,121.88,1963.0,35.455467,29.0
30.0,41.0,4.0,3.0,0.0,72.3,0.0,67.0,69.0,78.43,83.0,35.450996,27.0
9.0,32.0,0.0,3.0,0.0,53.04,1.0,67.0,107.0,57.02,167.0,51.08807,49.0
12.0,87.0,1.0,3.0,0.0,71.83,0.0,54.8,131.0,67.84,807.0,36.233536,37.0
2.0,51.0,6.0,8.0,0.0,90.42,1.0,100.3,253.0,79.93,1923.0,57.89227,53.0
8.0,76.0,4.0,1.0,0.0,85.8,1.0,47.3,441.0,70.35,1504.0,50.823227,41.0
1.0,79.0,2.0,8.0,0.0,134.96,0.0,105.7,199.0,152.74,566.0,37.28316,30.0
14.0,88.0,2.0,5.0,0.0,25.93,1.0,70.3,262.0,27.45,282.0,58.432026,61.0
23.0,59.0,2.0,3.0,0.0,33.32,0.0,45.7,397.0,30.13,1520.0,39.3063,40.0
8.0,16.0,3.0,1.0,0.0,32.05,0.0,40.9,485.0,31.75,1433.0,38.84586,38.0
4.0,54.0,3.0,7.0,0.0,89.75,0.0,101.3,484.0,91.01,795.0,34.12732,37.0
29.0,100.0,4.0,6.0,0.0,63.02,1.0,97.8,175.0,73.82,588.0,63.551174,64.0
3.0,27.0,3.0,3.0,0.0,15.91,1.0,68.3,310.0,19.61,1870.0,66.974724,62.0
15.0,93.0,5.0,7.0,0.0,48.66,1.0,99.2,488.0,63.14,1938.0,63.949867,71.0
25.0,97.0,4.0,9.0,0.0,94.89,0.0,73.5,221.0,79.18,797.0,25.675245,29.0
28.0,34.0,2.0,7.0,0.0,13.65,1.0,87.2,114.0,13.49,1660.0,54.844765,40.0
28.0,43.0,0.0,12.0,0.0,26.98,1.0,54.7,273.0,22.95,1121.0,51.24596,63.0
16.0,81.0,2.0,4.0,0.0,49.52,0.0,75.2,139.0,50.6,762.0,24.273544,26.0
15.0,65.0,5.0,2.0,0.0,90.07,1.0,56.4,495.0,103.09,1560.0,58.561275,56.0
5.0,76.0,4.0,7.0,1.0,128.65,1.0,89.4,85.0,142.3,1014.0,94.507835,103.0
4.0,66.0,0.0,5.0,0.0,75.98,0.0,75.9,275.0,78.92,1428.0,37.394173,34.0
2.0,62.0,3.0,2.0,0.0,120.44,1.0,47.5,188.0,132.11,1986.0,63.107185,62.0
10.0,67.0,5.0,1.0,0.0,133.75,0.0,49.7,15.0,168.42,422.0,49.965008,46.0
21.0,39.0,3.0,3.0,0.0,125.84,0.0,62.3,379.0,151.62,958.0,42.118736,44.0
3.0,78.0,2.0,5.0,0.0,134.04,0.0,80.3,49.0,131.71,801.0,40.35363,41.0
30.0,51.0,5.0,5.0,0.0,54.78,0.0,79.0,115.0,56.49,893.0,30.528429,30.0
14.0,14.0,6.0,7.0,0.0,138.87,1.0,89.5,348.0,166.95,913.0,68.26862,56.0
20.0,63.0,3.0,6.0,0.0,36.03,1.0,92.7,306.0,43.73,1432.0,56.23292,64.0
9.0,16.0,4.0,3.0,0.0,120.94,1.0,49.6,471.0,137.79,1653.0,61.434128,64.0
23.0,70.0,0.0,8.0,0.0,122.22,1.0,77.6,490.0,128.86,904.0,54.17474,49.0
20.0,81.0,2.0,12.0,0.0,50.42,1.0,56.2,337.0,43.17,1972.0,54.287567,54.0
27.0,71.0,0.0,2.0,0.0,34.06,1.0,42.3,367.0,37.13,209.0,53.96771,62.0
14.0,98.0,5.0,7.0,0.0,104.87,1.0,90.3,78.0,85.86,83.0,44.84906,46.0
24.0,32.0,0.0,10.0,0.0,26.59,1.0,69.5,444.0,29.68,797.0,52.36044,58.0
2.0,89.0,6.0,3.0,0.0,26.88,0.0,46.0,374.0,34.57,1295.0,41.73154,43.0
22.0,18.0,2.0,1.0,0.0,82.26,1.0,43.9,164.0,101.61,595.0,68.99123,72.0
10.0,20.0,2.0,2.0,0.0,17.67,1.0,52.4,27.0,14.62,537.0,50.482178,48.0
17.0,92.0,3.0,1.0,0.0,132.37,0.0,45.1,372.0,114.99,1478.0,28.920275,24.0
19.0,55.0,4.0,9.0,0.0,129.89,0.0,72.3,365.0,156.29,178.0,44.949574,48.0
3.0,90.0,4.0,11.0,1.0,65.98,0.0,75.2,199.0,72.73,1382.0,68.82788,81.0
25.0,93.0,3.0,2.0,0.0,81.04,1.0,41.8,395.0,66.68,1959.0,47.59023,50.0
27.0,44.0,0.0,8.0,0.0,68.97,1.0,84.4,161.0,85.9,917.0,59.95229,65.0
24.0,2.0,0.0,5.0,0.0,48.26,0.0,77.0,54.0,43.49,847.0,26.52915,26.0
21.0,4.0,4.0,6.0,0.0,115.25,0.0,86.5,234.0,122.65,198.0,35.967793,34.0
19.0,19.0,4.0,5.0,0.0,14.36,0.0,81.2,290.0,11.58,1945.0,34.294533,31.0
14.0,98.0,1.0,10.0,0.0,18.51,0.0,71.5,484.0,23.12,1357.0,40.927856,43.0
9.0,73.0,5.0,2.0,0.0,66.17,1.0,48.3,236.0,72.85,444.0,47.62536,46.0
18.0,90.0,4.0,9.0,0.0,113.98,1.0,88.1,146.0,135.62,1805.0,69.25723,68.0
1.0,66.0,6.0,3.0,0.0,85.52,0.0,67.4,496.0,72.59,1637.0,25.219164,23.0
15.0,97.0,1.0,4.0,0.0,7.06,1.0,67.4,81.0,5.75,577.0,60.286575,56.0
20.0,97.0,6.0,11.0,0.0,141.88,1.0,69.8,265.0,125.13,890.0,45.590607,48.0
24.0,25.0,0.0,2.0,0.0,25.45,1.0,46.7,245.0,21.15,1062.0,50.108517,50.0
16.0,97.0,5.0,5.0,0.0,14.71,0.0,66.5,444.0,18.29,1922.0,30.737709,33.0
23.0,26.0,5.0,6.0,0.0,36.42,0.0,74.5,221.0,29.47,1746.0,43.604362,47.0
14.0,53.0,2.0,1.0,0.0,122.44,0.0,43.9,144.0,150.65,521.0,46.650578,48.0
20.0,36.0,6.0,11.0,0.0,10.23,0.0,60.0,318.0,9.94,1922.0,36.236217,31.0
28.0,69.0,5.0,2.0,0.0,60.79,0.0,43.6,430.0,71.41,150.0,35.907078,37.0
2.0,20.0,1.0,4.0,0.0,124.65,1.0,66.2,82.0,123.92,1140.0,53.098164,62.0
13.0,50.0,4.0,2.0,0.0,81.72,1.0,33.2,373.0,78.74,981.0,47.04418,48.0
15.0,70.0,3.0,3.0,0.0,43.82,0.0,65.0,363.0,41.95,439.0,28.094723,27.0
18.0,46.0,1.0,5.0,0.0,128.73,0.0,85.1,323.0,151.73,1033.0,43.53102,45.0
25.0,95.0,1.0,9.0,0.0,90.07,0.0,75.9,122.0,93.01,1551.0,30.692987,26.0
22.0,24.0,3.0,6.0,0.0,90.86,0.0,76.8,306.0,84.39,1865.0,39.428745,37.0
16.0,21.0,4.0,6.0,0.0,58.03,0.0,85.2,211.0,66.48,103.0,23.98264,20.0
17.0,17.0,2.0,8.0,0.0,59.97,0.0,96.7,44.0,52.59,113.0,25.81978,25.0
3.0,51.0,2.0,8.0,0.0,121.8,1.0,76.4,209.0,120.38,914.0,57.40858,52.0
14.0,37.0,1.0,3.0,0.0,56.01,0.0,53.0,494.0,48.43,1991.0,33.26848,37.0
23.0,78.0,2.0,11.0,0.0,18.36,1.0,55.0,214.0,20.0,327.0,53.118145,61.0
14.0,34.0,4.0,12.0,0.0,75.6,0.0,41.2,121.0,86.43,746.0,39.321896,34.0
3.0,26.0,6.0,6.0,0.0,126.84,1.0,93.0,398.0,114.89,1421.0,56.206345,68.0
13.0,50.0,0.0,2.0,0.0,67.3,0.0,56.4,75.0,81.14,1922.0,41.739006,44.0
29.0,96.0,5.0,8.0,0.0,129.74,1.0,91.7,281.0,106.63,248.0,45.97681,50.0
18.0,96.0,4.0,3.0,0.0,145.11,1.0,61.4,16.0,131.5,1083.0,53.266544,42.0
27.0,46.0,1.0,2.0,0.0,144.0,0.0,52.7,224.0,118.17,1163.0,25.172724,20.0
14.0,58.0,3.0,3.0,0.0,128.58,0.0,72.5,472.0,107.24,303.0,23.94882,29.0
14.0,50.0,3.0,10.0,0.0,78.62,1.0,70.4,371.0,100.25,1826.0,65.8051,58.0
10.0,60.0,5.0,6.0,0.0,34.98,1.0,90.9,256.0,37.06,520.0,55.63708,52.0
26.0,53.0,6.0,10.0,0.0,9.13,0.0,70.0,240.0,9.34,106.0,27.891932,31.0
28.0,73.0,5.0,2.0,0.0,113.61,1.0,50.6,476.0,126.78,1061.0,55.783855,53.0
19.0,3.0,0.0,1.0,0.0,54.17,1.0,37.0,159.0,44.67,691.0,47.71826,52.0
9.0,81.0,3.0,3.0,0.0,13.52,0.0,58.6,394.0,16.55,1404.0,37.207447,34.0
24.0,54.0,0.0,12.0,0.0,20.17,0.0,34.0,380.0,20.19,1259.0,35.98238,32.0
9.0,67.0,5.0,3.0,0.0,5.88,0.0,64.5,229.0,7.2,1308.0,33.33333,32.0
15.0,9.0,4.0,10.0,0.0,61.03,0.0,86.4,82.0,52.38,180.0,28.380064,31.0
2.0,65.0,6.0,4.0,0.0,78.35,1.0,66.5,42.0,96.46,1329.0,63.822483,61.0
11.0,4.0,6.0,6.0,0.0,72.79,1.0,88.3,76.0,80.34,811.0,56.433723,63.0
5.0,28.0,0.0,4.0,0.0,66.88,1.0,62.6,393.0,55.43,739.0,49.772163,42.0
8.0,85.0,4.0,4.0,0.0,56.45,1.0,77.5,485.0,47.83,1342.0,54.21416,53.0
14.0,57.0,4.0,12.0,0.0,115.13,1.0,50.3,65.0,93.12,1663.0,48.63952,35.0
12.0,33.0,2.0,7.0,0.0,54.84,1.0,102.6,90.0,44.96,1352.0,53.261795,53.0
1.0,7.0,1.0,1.0,0.0,148.25,0.0,54.3,377.0,134.93,1639.0,26.285763,24.0
5.0,26.0,3.0,8.0,0.0,79.87,1.0,104.6,347.0,97.38,573.0,62.00844,64.0
18.0,49.0,1.0,5.0,0.0,86.85,0.0,74.2,155.0,111.63,1484.0,50.37653,57.0
30.0,76.0,2.0,7.0,1.0,20.15,0.0,102.5,417.0,24.24,634.0,62.78466,57.0
19.0,90.0,1.0,3.0,0.0,86.13,0.0,52.3,167.0,91.31,949.0,37.955296,43.0
10.0,18.0,1.0,5.0,0.0,100.35,0.0,85.7,26.0,124.65,604.0,44.219185,48.0
30.0,88.0,1.0,7.0,0.0,24.75,0.0,89.3,445.0,28.01,1515.0,40.56463,40.0
16.0,67.0,3.0,11.0,0.0,139.9,0.0,55.2,168.0,118.47,1790.0,16.55964,9.0
23.0,99.0,3.0,8.0,0.0,78.29,1.0,99.5,57.0,87.86,1531.0,59.878006,71.0
4.0,16.0,0.0,11.0,1.0,66.57,1.0,60.3,290.0,70.68,1597.0,88.38249,79.0
15.0,10.0,6.0,6.0,0.0,138.26,1.0,86.1,462.0,167.01,385.0,67.35248,79.0
5.0,18.0,1.0,1.0,0.0,88.91,1.0,42.6,370.0,93.18,1176.0,57.075806,63.0
1.0,96.0,5.0,2.0,0.0,15.85,0.0,49.8,302.0,14.28,218.0,25.459017,26.0
3.0,39.0,0.0,10.0,0.0,56.1,1.0,67.9,149.0,60.98,455.0,59.739807,70.0
6.0,99.0,4.0,3.0,0.0,36.98,1.0,61.8,438.0,45.32,325.0,64.46784,61.0
2.0,73.0,3.0,8.0,0.0,146.94,1.0,90.4,308.0,189.15,438.0,76.51331,80.0
1.0,52.0,4.0,4.0,0.0,122.41,1.0,57.2,146.0,129.35,408.0,49.166107,37.0
9.0,66.0,1.0,8.0,0.0,99.35,1.0,91.6,487.0,86.63,294.0,47.619804,38.0
8.0,7.0,2.0,2.0,0.0,41.58,1.0,43.5,175.0,37.48,601.0,56.266502,53.0
5.0,46.0,6.0,10.0,0.0,57.96,0.0,73.3,183.0,52.93,170.0,28.349203,26.0
26.0,35.0,6.0,11.0,1.0,132.31,0.0,56.7,70.0,151.74,1230.0,68.78867,61.0
13.0,46.0,6.0,6.0,0.0,129.74,1.0,82.6,402.0,146.13,1872.0,62.463966,67.0
8.0,76.0,5.0,3.0,0.0,125.98,1.0,58.9,479.0,151.83,1994.0,71.032745,68.0
11.0,68.0,3.0,7.0,1.0,86.39,1.0,92.1,464.0,94.99,227.0,78.809044,74.0
12.0,75.0,5.0,1.0,0.0,136.51,1.0,46.9,323.0,126.26,1726.0,52.52453,56.0
10.0,8.0,6.0,9.0,0.0,20.62,0.0,101.9,362.0,25.17,425.0,39.33919,45.0
1.0,27.0,5.0,9.0,0.0,13.94,1.0,78.4,372.0,14.93,1349.0,58.2145,67.0
16.0,21.0,0.0,1.0,0.0,55.31,0.0,51.3,321.0,61.49,244.0,22.35112,24.0
18.0,8.0,4.0,9.0,0.0,28.37,0.0,62.5,251.0,35.87,1421.0,44.74983,46.0
27.0,46.0,0.0,4.0,0.0,14.22,0.0,63.0,432.0,17.05,940.0,35.61351,24.0
28.0,14.0,1.0,3.0,0.0,49.56,0.0,56.2,384.0,61.09,412.0,33.474228,38.0
29.0,6.0,0.0,2.0,0.0,12.27,1.0,54.6,164.0,10.96,1628.0,57.279213,67.0
9.0,19.0,1.0,8.0,0.0,115.79,0.0,98.6,191.0,95.72,58.0,23.724098,14.0
25.0,87.0,1.0,6.0,0.0,77.28,0.0,103.2,382.0,89.4,1141.0,36.65454,36.0
12.0,92.0,4.0,2.0,0.0,7.56,1.0,45.1,399.0,9.54,1014.0,59.03327,60.0
12.0,44.0,4.0,5.0,0.0,97.19,0.0,91.5,88.0,86.94,578.0,30.576761,24.0
12.0,97.0,2.0,8.0,0.0,96.03,0.0,88.5,475.0,113.23,1402.0,47.230705,53.0
7.0,70.0,4.0,10.0,0.0,101.06,0.0,79.2,161.0,101.36,120.0,32.92336,25.0
13.0,58.0,5.0,2.0,0.0,20.92,0.0,53.5,247.0,20.87,1684.0,41.31765,41.0
7.0,75.0,1.0,5.0,0.0,117.75,0.0,84.6,121.0,101.23,952.0,29.365822,33.0
25.0,20.0,4.0,9.0,0.0,75.72,1.0,79.4,157.0,66.31,893.0,41.74237,45.0
20.0,10.0,3.0,1.0,0.0,26.72,0.0,45.3,427.0,31.92,634.0,28.78086,25.0
17.0,30.0,4.0,4.0,0.0,65.73,1.0,71.4,71.0,75.62,1683.0,63.79773,66.0
20.0,95.0,5.0,5.0,0.0,65.72,0.0,90.9,424.0,61.11,1012.0,24.299997,18.0
16.0,26.0,4.0,5.0,0.0,91.63,1.0,88.3,319.0,111.27,302.0,55.574745,64.0
29.0,28.0,4.0,6.0,0.0,60.96,0.0,86.3,265.0,48.92,1896.0,38.413475,37.0
3.0,50.0,3.0,2.0,0.0,112.24,1.0,44.2,326.0,91.22,1635.0,51.12563,68.0
7.0,8.0,0.0,12.0,0.0,60.08,0.0,41.0,162.0,74.56,1277.0,48.06814,51.0
1.0,94.0,6.0,11.0,1.0,6.36,0.0,64.1,479.0,7.67,1744.0,62.579075,60.0
26.0,41.0,5.0,5.0,0.0,66.28,0.0,83.9,420.0,85.67,429.0,33.096615,32.0
24.0,9.0,4.0,10.0,0.0,50.72,0.0,63.6,295.0,58.13,1902.0,40.27903,31.0
12.0,27.0,3.0,3.0,0.0,108.42,0.0,62.3,305.0,140.18,558.0,51.311028,56.0
17.0,22.0,3.0,12.0,0.0,70.65,0.0,47.9,399.0,78.37,401.0,35.91826,34.0
24.0,51.0,4.0,8.0,0.0,39.45,0.0,91.5,214.0,34.66,1651.0,32.897243,31.0
14.0,32.0,5.0,3.0,0.0,44.05,1.0,58.6,261.0,42.49,1387.0,52.869328,53.0
24.0,13.0,4.0,4.0,0.0,79.51,1.0,56.6,292.0,67.85,1586.0,46.21661,36.0
18.0,88.0,3.0,8.0,0.0,13.11,0.0,81.2,344.0,14.65,1367.0,40.014744,46.0
22.0,86.0,2.0,3.0,0.0,23.7,0.0,57.7,475.0,24.53,230.0,39.995552,40.0
17.0,53.0,2.0,3.0,0.0,117.54,1.0,47.1,203.0,101.6,1735.0,50.127064,64.0
7.0,45.0,4.0,9.0,0.0,140.19,1.0,77.7,53.0,178.9,725.0,73.353516,80.0
7.0,90.0,3.0,2.0,0.0,36.49,0.0,41.8,271.0,44.29,1925.0,47.218513,45.0
11.0,99.0,6.0,2.0,0.0,23.98,0.0,59.1,141.0,25.67,1587.0,32.892635,31.0
16.0,83.0,2.0,5.0,0.0,32.92,1.0,94.2,454.0,29.44,1918.0,42.563496,38.0
10.0,26.0,1.0,9.0,0.0,23.35,0.0,87.0,296.0,19.43,1458.0,44.935707,46.0
27.0,14.0,4.0,7.0,0.0,121.14,1.0,95.8,109.0,138.31,1883.0,64.55678,54.0
7.0,32.0,4.0,1.0,0.0,48.23,0.0,46.5,218.0,43.82,950.0,36.079388,35.0
27.0,20.0,1.0,2.0,0.0,20.44,1.0,49.6,293.0,20.18,797.0,50.81453,46.0
10.0,46.0,3.0,11.0,0.0,123.73,0.0,53.5,246.0,114.44,1642.0,33.769745,29.0
5.0,41.0,2.0,9.0,0.0,143.09,1.0,69.2,393.0,184.24,1048.0,73.27532,73.0
20.0,37.0,4.0,3.0,0.0,123.72,0.0,55.8,358.0,137.99,328.0,35.452503,30.0
15.0,31.0,1.0,12.0,0.0,114.26,0.0,53.8,290.0,129.61,1717.0,48.480442,50.0
28.0,19.0,2.0,8.0,0.0,69.68,0.0,83.0,274.0,87.93,542.0,38.51484,36.0
8.0,45.0,5.0,12.0,0.0,73.0,0.0,48.0,479.0,93.12,1676.0,47.968872,52.0
10.0,17.0,5.0,5.0,0.0,35.49,1.0,87.0,223.0,29.77,512.0,51.29058,40.0
28.0,72.0,1.0,1.0,0.0,44.21,0.0,42.8,301.0,47.53,349.0,32.709137,39.0
1.0,28.0,4.0,9.0,0.0,135.41,0.0,74.1,258.0,148.18,1950.0,42.109352,36.0
18.0,89.0,5.0,2.0,0.0,96.27,0.0,48.7,47.0,78.45,501.0,28.735945,29.0
2.0,28.0,4.0,6.0,0.0,125.81,1.0,105.5,116.0,162.08,1944.0,72.621956,66.0
23.0,23.0,1.0,11.0,1.0,98.6,0.0,50.1,414.0,93.77,1413.0,58.279675,72.0
20.0,67.0,4.0,2.0,0.0,143.9,1.0,66.4,213.0,157.77,1025.0,57.632057,41.0
9.0,81.0,6.0,1.0,0.0,113.63,1.0,43.5,467.0,125.77,1404.0,59.87156,56.0
9.0,6.0,1.0,8.0,0.0,140.51,1.0,75.2,241.0,154.51,1461.0,57.86394,50.0
29.0,20.0,5.0,8.0,0.0,144.69,1.0,91.4,460.0,187.52,1303.0,66.02058,84.0
16.0,25.0,6.0,8.0,0.0,66.69,0.0,104.5,443.0,62.07,1093.0,25.065771,19.0
26.0,98.0,5.0,12.0,0.0,88.52,0.0,45.5,279.0,80.12,306.0,25.8562,20.0
14.0,98.0,0.0,7.0,1.0,135.08,1.0,98.4,348.0,164.8,732.0,90.506714,104.0
11.0,7.0,5.0,2.0,0.0,127.7,1.0,51.4,256.0,140.57,259.0,58.65442,62.0
18.0,83.0,0.0,12.0,1.0,85.06,0.0,48.3,118.0,107.76,1881.0,70.953636,73.0
12.0,79.0,0.0,7.0,0.0,57.87,1.0,97.0,73.0,55.66,518.0,59.42726,55.0
2.0,93.0,0.0,6.0,0.0,17.78,0.0,87.2,105.0,19.82,711.0,40.261497,40.0
30.0,76.0,2.0,4.0,0.0,145.14,0.0,64.1,37.0,182.71,1934.0,53.686996,51.0
18.0,36.0,4.0,5.0,0.0,35.95,0.0,99.7,238.0,37.71,1330.0,40.91641,45.0
25.0,1.0,3.0,6.0,0.0,8.69,0.0,93.5,139.0,9.08,1629.0,31.969316,26.0
23.0,26.0,1.0,2.0,0.0,63.17,0.0,54.6,223.0,62.6,400.0,37.65042,37.0
24.0,5.0,6.0,12.0,1.0,39.18,0.0,66.7,37.0,40.13,1151.0,58.3901,60.0
18.0,61.0,2.0,3.0,0.0,22.99,1.0,54.7,236.0,18.81,585.0,57.700916,72.0
23.0,28.0,6.0,3.0,0.0,48.53,1.0,59.2,499.0,52.57,308.0,52.92905,56.0
2.0,2.0,5.0,9.0,0.0,72.6,0.0,88.3,202.0,91.24,1214.0,45.327595,45.0
10.0,70.0,3.0,2.0,0.0,40.61,1.0,39.2,409.0,35.82,1231.0,47.251823,52.0
30.0,77.0,1.0,9.0,0.0,57.66,1.0,82.4,13.0,63.18,1074.0,55.597534,56.0
19.0,23.0,0.0,2.0,0.0,94.5,0.0,47.5,40.0,86.6,785.0,30.166475,32.0
24.0,73.0,1.0,1.0,0.0,77.87,1.0,47.3,105.0,67.62,817.0,46.491745,41.0
29.0,100.0,4.0,2.0,0.0,79.98,0.0,48.5,49.0,102.21,955.0,49.035404,54.0
8.0,41.0,1.0,2.0,0.0,66.37,1.0,52.9,342.0,68.18,218.0,58.092392,47.0
16.0,90.0,4.0,4.0,0.0,86.03,0.0,74.4,179.0,76.42,757.0,23.23876,27.0
11.0,10.0,0.0,7.0,0.0,5.49,1.0,98.9,460.0,5.27,223.0,51.05983,41.0
23.0,66.0,5.0,3.0,0.0,50.53,0.0,44.1,306.0,57.25,1660.0,44.011875,39.0
20.0,4.0,5.0,9.0,0.0,123.14,1.0,87.4,414.0,146.38,1563.0,59.92608,60.0
11.0,2.0,4.0,9.0,0.0,148.67,0.0,96.3,321.0,123.9,170.0,18.926998,9.0
25.0,22.0,1.0,8.0,0.0,134.69,0.0,98.0,400.0,159.59,396.0,41.669815,30.0
20.0,87.0,3.0,11.0,0.0,62.7,0.0,41.7,24.0,73.18,368.0,35.444473,36.0
26.0,11.0,5.0,4.0,0.0,18.8,1.0,72.5,276.0,19.67,1130.0,45.89445,37.0
28.0,62.0,1.0,1.0,0.0,49.39,1.0,26.4,164.0,49.38,235.0,50.8279,38.0
28.0,36.0,5.0,7.0,0.0,35.66,1.0,82.0,190.0,43.68,329.0,51.599724,50.0
19.0,51.0,4.0,6.0,0.0,62.57,0.0,92.9,150.0,79.27,161.0,40.56608,42.0
15.0,27.0,6.0,12.0,0.0,14.66,0.0,42.4,471.0,14.67,1512.0,35.92331,33.0
20.0,86.0,3.0,6.0,0.0,76.45,0.0,103.2,220.0,63.79,945.0,21.054344,18.0
19.0,16.0,3.0,11.0,0.0,88.88,1.0,53.6,489.0,105.88,470.0,62.331444,76.0
3.0,1.0,5.0,4.0,0.0,25.45,0.0,68.5,186.0,20.88,1804.0,41.45575,43.0
16.0,7.0,5.0,9.0,0.0,10.44,0.0,74.9,290.0,10.27,1624.0,28.098925,24.0
26.0,60.0,5.0,11.0,1.0,149.3,1.0,64.4,372.0,176.3,462.0,88.67996,75.0
28.0,78.0,5.0,2.0,0.0,79.47,0.0,48.2,306.0,92.65,316.0,37.356148,33.0
14.0,86.0,3.0,8.0,0.0,43.56,1.0,94.6,251.0,52.45,655.0,57.93718,57.0
8.0,12.0,2.0,8.0,0.0,133.97,1.0,94.5,295.0,167.2,494.0,74.14398,68.0
2.0,26.0,0.0,10.0,0.0,123.43,1.0,77.8,332.0,141.83,1624.0,72.064735,78.0
20.0,34.0,6.0,9.0,0.0,136.77,1.0,87.7,258.0,141.49,752.0,45.440456,45.0
24.0,99.0,2.0,4.0,0.0,138.79,1.0,71.1,260.0,136.96,1827.0,59.394875,52.0
3.0,31.0,1.0,5.0,0.0,53.07,1.0,84.4,132.0,43.92,590.0,59.134354,60.0
11.0,33.0,4.0,2.0,0.0,67.59,1.0,59.0,69.0,82.13,1420.0,61.814735,67.0
3.0,29.0,6.0,5.0,0.0,8.83,1.0,91.5,462.0,10.58,327.0,63.060837,76.0
29.0,83.0,0.0,4.0,0.0,125.5,1.0,72.6,112.0,160.56,1682.0,72.3587,82.0
26.0,30.0,0.0,11.0,1.0,88.07,0.0,52.6,221.0,72.87,1899.0,50.404236,38.0
5.0,93.0,5.0,1.0,0.0,9.22,1.0,62.0,401.0,11.52,1561.0,58.23304,62.0
9.0,28.0,0.0,8.0,0.0,52.91,0.0,97.1,82.0,58.89,1652.0,37.0745,42.0
5.0,9.0,2.0,4.0,0.0,25.0,0.0,56.3,216.0,30.58,1442.0,39.363777,39.0
28.0,73.0,3.0,4.0,0.0,82.98,0.0,73.2,339.0,67.83,958.0,23.328506,24.0
16.0,59.0,5.0,2.0,0.0,113.3,0.0,45.6,235.0,105.5,262.0,19.568624,17.0
16.0,24.0,0.0,11.0,0.0,19.69,1.0,62.2,261.0,19.19,1592.0,43.319607,40.0
23.0,16.0,4.0,12.0,0.0,75.46,0.0,56.2,169.0,72.46,1087.0,34.894352,32.0
13.0,45.0,3.0,3.0,0.0,25.77,0.0,48.2,446.0,27.99,591.0,35.691586,33.0
29.0,1.0,4.0,7.0,1.0,44.83,1.0,79.6,148.0,39.73,575.0,78.68783,91.0
2.0,65.0,3.0,3.0,0.0,112.86,0.0,59.0,364.0,104.34,1069.0,34.43397,32.0
10.0,13.0,3.0,7.0,1.0,100.53,1.0,98.7,275.0,80.63,690.0,74.72769,74.0
3.0,21.0,6.0,3.0,0.0,59.19,0.0,55.7,212.0,57.44,1367.0,37.38626,36.0
4.0,73.0,5.0,2.0,0.0,87.47,0.0,41.7,65.0,103.29,1626.0,42.389088,36.0
23.0,12.0,0.0,2.0,0.0,46.25,0.0,56.9,12.0,47.54,1179.0,35.25997,38.0
12.0,44.0,0.0,8.0,0.0,118.69,1.0,79.2,336.0,101.65,1910.0,47.12469,39.0
22.0,35.0,3.0,2.0,0.0,77.01,0.0,50.8,312.0,68.01,1716.0,40.038734,39.0
27.0,63.0,0.0,2.0,0.0,46.08,0.0,42.5,332.0,56.59,1094.0,43.55629,49.0
10.0,78.0,3.0,10.0,0.0,95.35,0.0,79.3,220.0,85.4,712.0,33.845654,31.0
15.0,1.0,2.0,7.0,1.0,111.49,1.0,101.7,301.0,138.47,837.0,91.40796,88.0
3.0,44.0,4.0,3.0,0.0,52.82,0.0,58.0,22.0,59.26,772.0,43.365395,39.0
12.0,46.0,5.0,7.0,0.0,13.33,1.0,100.7,314.0,15.97,313.0,59.28643,54.0
2.0,32.0,5.0,8.0,0.0,143.19,1.0,84.2,254.0,124.2,1529.0,52.223686,51.0
27.0,9.0,0.0,12.0,0.0,148.18,1.0,44.5,96.0,146.82,379.0,50.946964,37.0
2.0,73.0,0.0,2.0,0.0,67.73,1.0,54.9,431.0,81.15,1774.0,66.531525,71.0
8.0,98.0,2.0,1.0,0.0,138.53,0.0,58.6,168.0,139.49,820.0,39.504944,36.0
18.0,49.0,2.0,1.0,0.0,18.88,1.0,49.6,182.0,22.46,296.0,55.941757,64.0
23.0,25.0,6.0,1.0,0.0,85.43,1.0,46.2,354.0,86.18,1036.0,60.776516,55.0
12.0,28.0,4.0,7.0,1.0,59.38,0.0,104.6,471.0,51.4,1958.0,70.05321,77.0
19.0,57.0,2.0,1.0,0.0,51.87,1.0,41.9,344.0,55.72,130.0,56.91465,52.0
24.0,65.0,2.0,11.0,0.0,132.07,0.0,56.6,259.0,117.28,893.0,27.72279,22.0
19.0,85.0,1.0,10.0,0.0,39.58,0.0,64.7,289.0,44.93,444.0,35.96098,38.0
13.0,36.0,6.0,3.0,0.0,72.54,0.0,46.9,353.0,94.06,1614.0,45.178776,47.0
2.0,53.0,3.0,6.0,0.0,62.9,1.0,87.8,117.0,76.71,1386.0,69.3271,66.0
12.0,31.0,0.0,1.0,0.0,58.01,0.0,49.5,377.0,63.71,1447.0,44.527153,43.0
20.0,1.0,3.0,7.0,0.0,33.56,0.0,88.5,248.0,30.67,1661.0,28.105623,30.0
14.0,93.0,1.0,4.0,0.0,102.13,1.0,54.1,112.0,105.4,264.0,52.176186,72.0
10.0,3.0,4.0,2.0,0.0,54.47,1.0,46.8,280.0,59.27,450.0,59.159473,63.0
10.0,79.0,2.0,3.0,0.0,38.99,1.0,64.1,300.0,45.81,757.0,58.37503,54.0
6.0,1.0,1.0,6.0,0.0,100.2,1.0,84.4,359.0,127.39,505.0,75.46537,88.0
13.0,21.0,6.0,2.0,0.0,111.61,0.0,32.0,477.0,129.51,519.0,40.054955,35.0
8.0,58.0,5.0,9.0,0.0,27.54,0.0,79.1,59.0,25.9,491.0,43.357246,45.0
24.0,63.0,4.0,1.0,0.0,130.03,0.0,43.6,220.0,141.61,1278.0,40.77,42.0
27.0,68.0,6.0,7.0,0.0,64.93,0.0,85.4,466.0,81.7,1844.0,44.53068,44.0
20.0,73.0,6.0,4.0,0.0,73.29,0.0,73.1,115.0,78.85,642.0,26.247414,28.0
3.0,10.0,4.0,3.0,0.0,16.86,1.0,74.7,176.0,19.3,661.0,66.284164,67.0
3.0,35.0,0.0,4.0,0.0,124.55,1.0,58.3,268.0,100.86,1864.0,52.204895,67.0
4.0,21.0,2.0,8.0,0.0,5.47,1.0,78.0,84.0,5.5,1573.0,52.466595,47.0
25.0,98.0,0.0,8.0,0.0,52.88,1.0,87.4,218.0,67.06,1823.0,57.767487,60.0
18.0,29.0,4.0,6.0,0.0,72.91,1.0,95.0,389.0,85.09,1698.0,72.07012,67.0
17.0,9.0,0.0,6.0,0.0,118.92,1.0,96.0,107.0,105.25,1250.0,48.74444,49.0
16.0,43.0,2.0,8.0,0.0,5.35,0.0,87.7,490.0,5.33,953.0,23.316767,22.0
13.0,13.0,6.0,8.0,0.0,71.95,1.0,90.6,427.0,87.82,779.0,59.485115,54.0
22.0,11.0,6.0,12.0,1.0,120.77,1.0,35.2,412.0,148.39,1717.0,97.46965,122.0
3.0,92.0,4.0,1.0,0.0,102.96,0.0,36.6,460.0,99.38,498.0,36.16241,37.0
20.0,89.0,3.0,5.0,0.0,12.71,0.0,87.8,314.0,10.89,688.0,26.235094,26.0
7.0,45.0,0.0,8.0,0.0,141.57,0.0,98.6,186.0,160.17,1450.0,48.610817,51.0
17.0,53.0,3.0,11.0,0.0,35.81,1.0,55.9,297.0,41.36,771.0,59.9984,58.0
22.0,13.0,3.0,12.0,0.0,49.54,0.0,57.5,22.0,47.4,1308.0,35.097473,35.0
18.0,69.0,6.0,8.0,0.0,139.54,1.0,67.2,36.0,118.01,537.0,44.683537,48.0
30.0,27.0,2.0,5.0,0.0,132.37,1.0,93.9,470.0,154.95,1337.0,65.497475,68.0
23.0,18.0,0.0,4.0,0.0,98.6,0.0,88.7,299.0,125.29,536.0,47.401062,49.0
19.0,74.0,2.0,5.0,0.0,132.45,1.0,85.1,137.0,118.25,333.0,43.84525,44.0
20.0,89.0,5.0,2.0,0.0,130.95,0.0,46.0,87.0,118.07,411.0,22.966858,23.0
25.0,54.0,6.0,5.0,0.0,5.2,0.0,71.9,110.0,5.27,547.0,27.512651,25.0
5.0,10.0,3.0,5.0,0.0,29.76,1.0,70.6,409.0,30.58,1191.0,61.314514,60.0
16.0,15.0,6.0,8.0,0.0,20.49,0.0,88.8,98.0,21.95,1889.0,26.06573,23.0
11.0,85.0,5.0,3.0,0.0,114.47,1.0,69.6,328.0,127.52,836.0,60.640312,64.0
23.0,35.0,1.0,12.0,0.0,55.09,0.0,37.0,84.0,62.54,1419.0,41.85893,45.0
1.0,62.0,5.0,2.0,0.0,61.95,1.0,51.0,35.0,53.22,362.0,42.46442,52.0
25.0,42.0,4.0,5.0,0.0,39.36,1.0,85.3,153.0,45.18,1834.0,50.10249,38.0
14.0,87.0,4.0,4.0,0.0,88.16,1.0,77.5,35.0,102.77,531.0,55.676453,60.0
12.0,86.0,3.0,2.0,0.0,120.48,1.0,57.0,15.0,100.96,858.0,50.677494,46.0
8.0,41.0,6.0,1.0,0.0,75.34,1.0,47.1,481.0,73.07,501.0,56.744854,61.0
28.0,17.0,2.0,3.0,0.0,12.12,1.0,50.6,247.0,10.8,282.0,47.84761,41.0
29.0,34.0,6.0,6.0,0.0,20.05,0.0,86.9,231.0,23.56,559.0,39.370308,39.0
10.0,68.0,3.0,2.0,0.0,57.8,0.0,46.4,417.0,53.16,452.0,36.177673,39.0
16.0,94.0,5.0,7.0,0.0,87.58,1.0,102.9,163.0,111.14,719.0,55.227463,49.0
23.0,73.0,4.0,9.0,0.0,70.03,0.0,85.3,379.0,82.28,792.0,40.415012,40.0
7.0,81.0,2.0,5.0,0.0,31.71,1.0,80.3,167.0,26.32,1973.0,61.48018,55.0
2.0,35.0,1.0,1.0,0.0,24.5,0.0,45.3,411.0,22.98,1000.0,38.42239,44.0
9.0,97.0,5.0,3.0,0.0,72.09,1.0,54.8,12.0,63.83,117.0,43.222668,57.0
18.0,21.0,0.0,3.0,0.0,20.53,1.0,68.2,344.0,22.55,1591.0,54.319412,53.0
29.0,70.0,6.0,3.0,0.0,46.16,0.0,67.7,283.0,46.47,659.0,35.639225,35.0
15.0,13.0,3.0,6.0,0.0,25.92,0.0,90.5,434.0,31.06,1980.0,37.754868,36.0
9.0,81.0,3.0,6.0,0.0,143.87,1.0,91.1,458.0,183.5,1671.0,69.85481,65.0
9.0,96.0,0.0,8.0,0.0,64.48,0.0,83.6,260.0,80.52,1937.0,46.611416,45.0
1.0,49.0,0.0,2.0,0.0,69.85,0.0,55.7,341.0,81.8,115.0,34.99702,34.0
20.0,49.0,2.0,7.0,0.0,49.22,1.0,101.3,10.0,60.01,1750.0,54.817047,58.0
11.0,10.0,3.0,6.0,0.0,141.72,1.0,92.9,499.0,131.74,1793.0,50.707603,49.0
7.0,46.0,2.0,6.0,0.0,16.42,0.0,90.9,119.0,15.81,1794.0,41.974663,35.0
3.0,55.0,2.0,4.0,0.0,125.35,1.0,71.8,166.0,152.09,1904.0,73.414734,71.0
16.0,9.0,1.0,9.0,0.0,10.78,1.0,89.3,308.0,12.54,1879.0,49.78964,46.0
26.0,4.0,3.0,3.0,0.0,35.44,0.0,64.5,117.0,33.48,884.0,27.12675,27.0
30.0,20.0,4.0,2.0,0.0,149.02,0.0,38.3,338.0,122.73,984.0,18.698786,12.0
6.0,54.0,1.0,4.0,0.0,142.22,1.0,59.4,128.0,157.8,1208.0,66.85025,71.0
3.0,56.0,1.0,7.0,1.0,67.81,0.0,85.4,30.0,73.02,168.0,67.36564,64.0
12.0,37.0,2.0,10.0,0.0,143.68,1.0,78.9,222.0,149.72,1069.0,58.272297,55.0
17.0,2.0,0.0,1.0,0.0,42.33,1.0,51.3,214.0,37.68,715.0,49.170414,36.0
26.0,14.0,0.0,1.0,0.0,119.52,1.0,54.9,124.0,139.04,1735.0,57.833572,52.0
21.0,60.0,1.0,4.0,0.0,143.08,1.0,67.1,146.0,136.82,1701.0,49.286125,49.0
5.0,54.0,4.0,9.0,0.0,59.28,0.0,85.3,263.0,58.84,905.0,34.824444,34.0
25.0,19.0,2.0,12.0,1.0,143.02,0.0,64.0,353.0,142.65,245.0,52.852707,64.0
29.0,13.0,5.0,12.0,0.0,120.13,0.0,54.6,346.0,132.83,1481.0,46.882874,39.0
11.0,25.0,5.0,2.0,0.0,10.6,1.0,48.1,281.0,12.19,1130.0,54.724625,65.0
13.0,56.0,6.0,1.0,0.0,82.18,0.0,47.7,100.0,85.05,304.0,34.36113,29.0
17.0,65.0,0.0,5.0,0.0,25.67,0.0,70.5,134.0,22.7,423.0,33.52966,32.0
7.0,93.0,6.0,10.0,0.0,12.63,0.0,65.7,30.0,15.21,1795.0,44.08134,45.0
3.0,54.0,5.0,4.0,0.0,75.41,1.0,54.7,75.0,91.98,1165.0,66.411316,62.0
15.0,36.0,0.0,1.0,0.0,89.79,0.0,41.3,309.0,100.59,1924.0,43.53325,42.0
11.0,89.0,3.0,12.0,1.0,35.8,0.0,48.0,396.0,45.5,145.0,65.26023,60.0
8.0,54.0,0.0,6.0,0.0,129.92,1.0,82.1,37.0,138.38,520.0,58.556984,63.0
26.0,97.0,4.0,4.0,0.0,23.85,0.0,66.0,360.0,22.0,982.0,27.98342,28.0
7.0,42.0,0.0,3.0,0.0,19.73,1.0,65.7,243.0,16.71,1786.0,56.067093,51.0
18.0,97.0,1.0,12.0,0.0,23.49,1.0,48.0,25.0,21.91,1810.0,62.44202,77.0
1.0,23.0,4.0,1.0,0.0,66.93,0.0,31.0,17.0,65.09,1118.0,27.249989,27.0
4.0,88.0,2.0,3.0,0.0,149.9,0.0,53.1,24.0,142.01,1841.0,33.76549,38.0
29.0,10.0,4.0,5.0,0.0,83.9,0.0,88.1,58.0,108.34,455.0,47.759872,51.0
23.0,79.0,3.0,3.0,0.0,60.58,1.0,63.7,121.0,73.44,1561.0,60.428864,56.0
4.0,27.0,0.0,4.0,0.0,30.9,1.0,72.7,209.0,34.35,182.0,51.728626,57.0
11.0,32.0,1.0,7.0,1.0,73.14,0.0,78.9,359.0,69.36,1268.0,68.300964,51.0
29.0,57.0,1.0,2.0,0.0,51.27,0.0,45.1,183.0,59.95,257.0,46.19718,39.0
2.0,86.0,5.0,2.0,0.0,32.03,1.0,51.1,412.0,37.59,1235.0,57.919464,59.0
10.0,66.0,6.0,10.0,0.0,85.47,1.0,68.8,312.0,79.91,561.0,53.11968,55.0
5.0,74.0,6.0,3.0,0.0,73.08,0.0,62.4,433.0,84.25,109.0,38.70247,31.0
2.0,12.0,2.0,3.0,0.0,93.67,0.0,61.4,275.0,84.24,1152.0,32.116707,37.0
6.0,58.0,2.0,3.0,0.0,76.45,1.0,58.5,109.0,61.76,1268.0,61.029175,71.0
3.0,35.0,5.0,6.0,0.0,33.91,1.0,82.6,197.0,27.99,1505.0,62.179287,61.0
20.0,86.0,5.0,10.0,0.0,56.7,0.0,75.5,209.0,68.97,1119.0,32.590332,29.0
27.0,87.0,6.0,10.0,0.0,147.52,1.0,74.7,418.0,154.91,343.0,53.910713,56.0
10.0,74.0,6.0,3.0,0.0,38.97,0.0,50.2,59.0,40.72,1643.0,39.63933,40.0
16.0,80.0,2.0,1.0,0.0,89.57,0.0,38.6,449.0,111.4,1388.0,41.09781,38.0
24.0,88.0,5.0,8.0,0.0,145.78,1.0,91.2,123.0,183.02,925.0,70.868416,78.0
8.0,8.0,5.0,9.0,0.0,93.88,1.0,69.6,13.0,112.88,1129.0,67.56371,74.0
13.0,74.0,4.0,4.0,0.0,94.28,1.0,62.1,275.0,111.5,1526.0,63.562893,56.0
26.0,99.0,4.0,3.0,0.0,12.54,1.0,59.5,214.0,10.73,1537.0,47.00857,35.0
24.0,39.0,0.0,7.0,1.0,40.38,0.0,95.0,253.0,47.15,1398.0,62.407246,78.0
4.0,62.0,4.0,4.0,0.0,7.63,1.0,68.5,287.0,7.13,1351.0,50.623062,46.0
9.0,76.0,2.0,9.0,0.0,91.35,0.0,90.2,105.0,92.97,72.0,30.994175,29.0
1.0,67.0,3.0,10.0,0.0,141.32,1.0,70.0,148.0,144.09,424.0,44.92918,48.0
7.0,76.0,5.0,5.0,0.0,52.99,0.0,94.4,434.0,57.4,460.0,39.116558,34.0
20.0,81.0,0.0,7.0,1.0,125.37,0.0,89.9,202.0,118.23,1186.0,54.151756,58.0
8.0,1.0,6.0,7.0,1.0,90.64,1.0,103.8,377.0,76.61,199.0,73.9204,71.0
6.0,97.0,1.0,4.0,0.0,137.79,1.0,68.7,134.0,120.54,1973.0,59.203735,50.0
1.0,68.0,0.0,4.0,0.0,67.98,1.0,85.2,475.0,60.2,1720.0,42.993427,41.0
6.0,80.0,2.0,2.0,0.0,14.04,0.0,43.0,325.0,13.36,1363.0,48.871193,54.0
12.0,67.0,1.0,2.0,0.0,18.73,1.0,34.4,223.0,19.2,1426.0,62.253128,50.0
25.0,21.0,3.0,4.0,0.0,113.58,1.0,56.7,421.0,144.84,1951.0,65.31163,66.0
7.0,95.0,6.0,8.0,0.0,79.81,0.0,89.0,435.0,95.29,1740.0,45.41456,46.0
6.0,73.0,1.0,5.0,0.0,123.43,1.0,85.5,87.0,157.5,1649.0,80.39096,81.0
2.0,46.0,5.0,2.0,0.0,106.45,1.0,49.8,410.0,124.78,1831.0,63.270603,66.0
1.0,10.0,4.0,7.0,1.0,91.64,1.0,84.7,60.0,97.63,1735.0,79.44665,91.0
13.0,48.0,3.0,1.0,0.0,132.44,0.0,34.2,138.0,151.78,286.0,42.61978,37.0
29.0,3.0,0.0,10.0,0.0,110.74,0.0,76.8,495.0,94.61,651.0,34.29593,31.0
25.0,66.0,2.0,8.0,0.0,5.79,0.0,97.9,90.0,7.1,1373.0,32.824024,31.0
16.0,3.0,3.0,4.0,0.0,39.0,0.0,87.3,476.0,38.71,1568.0,25.765495,25.0
19.0,23.0,0.0,5.0,0.0,30.52,0.0,99.9,75.0,34.02,590.0,36.38622,36.0
27.0,61.0,6.0,9.0,0.0,50.14,1.0,90.2,343.0,56.04,496.0,59.21734,63.0
25.0,26.0,4.0,12.0,0.0,104.78,0.0,49.4,124.0,118.24,1546.0,41.99939,39.0
24.0,98.0,6.0,12.0,0.0,17.77,1.0,46.2,54.0,22.31,984.0,59.18917,53.0
5.0,34.0,0.0,9.0,0.0,131.61,1.0,81.2,114.0,131.82,1095.0,58.093243,47.0
25.0,25.0,2.0,1.0,0.0,21.12,1.0,55.9,475.0,23.35,212.0,47.02726,50.0
13.0,81.0,5.0,4.0,0.0,72.4,0.0,71.2,90.0,86.94,602.0,41.28105,46.0
24.0,25.0,5.0,9.0,0.0,47.15,0.0,76.8,40.0,55.71,1805.0,39.70124,41.0
29.0,94.0,4.0,7.0,0.0,135.19,0.0,99.4,497.0,164.01,314.0,52.14825,56.0
29.0,33.0,1.0,11.0,0.0,22.83,0.0,63.3,259.0,29.67,668.0,43.868988,41.0
27.0,62.0,4.0,4.0,0.0,48.48,0.0,68.4,411.0,38.85,352.0,27.453762,29.0
26.0,15.0,3.0,6.0,0.0,73.54,1.0,99.0,363.0,76.16,1481.0,49.215576,40.0
27.0,6.0,1.0,7.0,0.0,110.55,1.0,89.7,189.0,107.38,154.0,50.339626,48.0
24.0,93.0,6.0,4.0,0.0,26.96,1.0,67.3,194.0,32.45,816.0,59.095825,56.0
25.0,43.0,6.0,12.0,0.0,61.03,1.0,54.8,378.0,49.06,494.0,44.39383,30.0
4.0,41.0,2.0,6.0,0.0,49.48,0.0,107.6,414.0,41.49,815.0,28.69545,28.0
27.0,93.0,1.0,11.0,0.0,76.62,0.0,52.2,162.0,71.74,422.0,35.942318,32.0
13.0,21.0,3.0,3.0,0.0,98.71,1.0,57.3,459.0,80.44,1323.0,47.12239,40.0
15.0,27.0,0.0,8.0,0.0,99.91,0.0,87.5,221.0,92.5,1458.0,35.79064,31.0
14.0,92.0,5.0,12.0,0.0,48.81,1.0,42.0,393.0,52.69,1733.0,57.44715,58.0
25.0,12.0,4.0,6.0,0.0,121.95,0.0,96.0,14.0,133.47,545.0,35.121254,30.0
18.0,67.0,4.0,11.0,0.0,52.51,0.0,57.7,118.0,64.59,1749.0,45.81819,53.0
22.0,93.0,6.0,1.0,0.0,137.74,1.0,46.2,424.0,147.4,1497.0,65.04248,59.0
18.0,94.0,1.0,1.0,0.0,135.59,0.0,38.6,235.0,150.18,1162.0,46.990726,45.0
8.0,49.0,3.0,6.0,0.0,109.31,0.0,86.1,13.0,129.65,1742.0,52.107254,59.0
12.0,65.0,2.0,4.0,0.0,50.04,0.0,64.8,156.0,51.36,986.0,38.333748,40.0
6.0,9.0,3.0,9.0,0.0,44.45,1.0,97.2,364.0,42.57,1763.0,64.33716,64.0
13.0,23.0,1.0,2.0,0.0,84.34,1.0,43.2,435.0,72.05,1456.0,49.060204,47.0
28.0,18.0,3.0,5.0,0.0,48.57,0.0,91.0,202.0,48.85,1655.0,35.116096,32.0
26.0,25.0,1.0,3.0,0.0,72.03,1.0,67.3,319.0,68.5,679.0,50.06239,58.0
19.0,10.0,6.0,3.0,0.0,65.51,1.0,54.6,307.0,55.32,139.0,47.154396,56.0
25.0,81.0,0.0,5.0,0.0,43.66,0.0,77.1,478.0,56.05,960.0,34.62754,38.0
2.0,71.0,2.0,5.0,0.0,91.36,0.0,90.4,45.0,98.15,427.0,41.538525,40.0
8.0,60.0,2.0,5.0,0.0,65.28,0.0,76.7,314.0,73.36,739.0,41.500687,43.0
8.0,64.0,6.0,9.0,0.0,92.17,0.0,81.4,127.0,108.57,946.0,48.797432,47.0
18.0,2.0,4.0,1.0,0.0,25.04,1.0,47.7,31.0,27.25,1973.0,55.761524,57.0
2.0,49.0,0.0,8.0,0.0,119.65,1.0,100.7,130.0,142.95,1419.0,70.77299,65.0
17.0,61.0,0.0,10.0,0.0,57.69,1.0,69.0,249.0,59.61,1738.0,57.431236,63.0
20.0,65.0,5.0,4.0,0.0,71.67,1.0,62.9,296.0,91.6,153.0,57.982185,41.0
2.0,2.0,6.0,6.0,0.0,36.39,0.0,92.9,389.0,34.38,133.0,31.830156,30.0
11.0,90.0,1.0,9.0,0.0,87.61,0.0,84.4,99.0,81.03,464.0,29.897156,26.0
25.0,94.0,2.0,10.0,0.0,5.54,1.0,80.0,269.0,4.44,602.0,50.336548,57.0
10.0,25.0,3.0,11.0,1.0,79.96,0.0,58.9,153.0,99.78,1049.0,68.71486,86.0
15.0,23.0,0.0,12.0,0.0,91.41,0.0,49.5,326.0,108.25,872.0,44.779606,42.0
24.0,30.0,4.0,4.0,0.0,139.04,0.0,71.7,40.0,159.79,241.0,42.220222,34.0
18.0,87.0,4.0,3.0,0.0,105.4,1.0,59.9,438.0,135.65,413.0,68.283325,76.0
26.0,51.0,0.0,4.0,0.0,140.36,0.0,84.6,288.0,161.93,518.0,35.129566,33.0
9.0,46.0,2.0,3.0,0.0,128.96,1.0,62.3,21.0,149.07,1841.0,63.628773,66.0
25.0,5.0,4.0,3.0,0.0,54.34,0.0,64.8,288.0,52.04,1094.0,29.252213,27.0
26.0,14.0,1.0,2.0,0.0,68.98,1.0,58.6,32.0,76.21,825.0,45.992214,51.0
22.0,41.0,1.0,12.0,1.0,97.73,0.0,44.4,116.0,82.59,1657.0,60.88605,55.0
29.0,61.0,0.0,4.0,0.0,100.56,0.0,57.1,212.0,92.24,1912.0,40.147045,44.0
27.0,82.0,4.0,4.0,0.0,111.64,0.0,78.7,252.0,102.45,817.0,33.791092,29.0
3.0,25.0,3.0,8.0,0.0,99.12,0.0,92.6,89.0,83.46,594.0,29.415295,35.0
3.0,3.0,1.0,9.0,0.0,56.52,1.0,91.6,382.0,68.13,77.0,60.24117,57.0
8.0,22.0,5.0,3.0,0.0,147.13,0.0,62.9,181.0,126.78,982.0,28.774004,25.0
2.0,16.0,4.0,4.0,0.0,5.73,0.0,78.9,370.0,6.1,1725.0,39.67682,38.0
22.0,83.0,0.0,1.0,0.0,115.71,0.0,57.0,244.0,94.17,405.0,28.532627,24.0
3.0,21.0,4.0,8.0,0.0,27.76,1.0,81.0,353.0,22.8,1600.0,60.477867,44.0
4.0,4.0,1.0,2.0,0.0,57.19,0.0,37.3,495.0,66.89,1423.0,41.046566,44.0
10.0,60.0,6.0,5.0,0.0,17.61,1.0,83.8,465.0,17.09,1452.0,55.825695,62.0
26.0,34.0,2.0,12.0,0.0,126.01,0.0,58.3,435.0,136.01,1379.0,33.871876,31.0
6.0,40.0,2.0,11.0,0.0,82.6,0.0,57.1,81.0,96.66,920.0,54.649155,52.0
4.0,50.0,6.0,1.0,0.0,38.6,1.0,41.6,197.0,47.46,1478.0,62.178642,60.0
13.0,12.0,6.0,2.0,0.0,111.03,0.0,55.4,424.0,129.6,1083.0,42.42714,37.0
8.0,46.0,0.0,1.0,0.0,21.9,0.0,46.8,104.0,20.22,1487.0,41.06216,38.0
29.0,72.0,0.0,2.0,0.0,69.99,1.0,48.5,234.0,74.66,1856.0,64.95635,67.0
25.0,21.0,6.0,5.0,0.0,38.87,0.0,93.7,316.0,43.12,615.0,29.268135,24.0
27.0,96.0,0.0,10.0,0.0,98.84,0.0,77.9,218.0,91.13,1302.0,31.160688,31.0
18.0,27.0,4.0,6.0,0.0,58.27,1.0,84.4,267.0,47.03,1885.0,60.013416,62.0
4.0,56.0,4.0,1.0,0.0,57.11,0.0,48.4,222.0,47.25,945.0,24.931328,25.0
8.0,52.0,3.0,2.0,0.0,41.34,1.0,50.3,65.0,51.73,1375.0,64.97571,72.0
11.0,76.0,2.0,4.0,0.0,89.74,1.0,68.0,205.0,78.12,1183.0,48.53945,55.0
6.0,43.0,1.0,3.0,0.0,77.19,1.0,68.7,482.0,65.51,413.0,55.71686,59.0
9.0,15.0,6.0,2.0,0.0,44.17,0.0,38.5,398.0,48.74,1558.0,33.767315,38.0
14.0,50.0,4.0,10.0,0.0,57.16,0.0,68.9,67.0,68.65,639.0,37.69542,35.0
23.0,29.0,0.0,6.0,0.0,107.28,0.0,96.0,454.0,87.65,307.0,28.959682,28.0
3.0,21.0,5.0,11.0,0.0,135.31,1.0,71.1,132.0,130.75,93.0,59.052895,55.0
3.0,66.0,4.0,1.0,0.0,103.06,0.0,44.7,47.0,96.56,793.0,36.65924,32.0
8.0,54.0,0.0,3.0,0.0,128.69,1.0,52.8,274.0,115.26,198.0,50.5202,44.0
7.0,45.0,2.0,3.0,0.0,59.61,0.0,72.9,173.0,50.37,646.0,37.22325,39.0
12.0,95.0,3.0,10.0,0.0,45.25,1.0,92.2,296.0,44.24,1624.0,59.13577,53.0
29.0,6.0,4.0,9.0,0.0,39.12,0.0,72.0,44.0,38.59,391.0,40.880768,39.0
18.0,97.0,1.0,5.0,0.0,66.23,1.0,80.3,405.0,53.4,750.0,49.67201,57.0
9.0,73.0,3.0,3.0,0.0,105.34,0.0,46.7,213.0,99.65,368.0,26.622952,22.0
14.0,46.0,0.0,1.0,0.0,98.11,0.0,67.5,246.0,94.2,1456.0,32.78866,27.0
4.0,33.0,3.0,11.0,0.0,36.44,0.0,56.2,155.0,36.33,158.0,33.643852,31.0
14.0,74.0,1.0,4.0,0.0,95.79,1.0,62.3,158.0,114.32,1668.0,63.222706,58.0
10.0,32.0,3.0,4.0,0.0,33.69,1.0,80.2,417.0,33.5,894.0,56.683075,52.0
9.0,11.0,5.0,6.0,0.0,138.8,1.0,84.3,13.0,153.37,396.0,57.828255,60.0
1.0,33.0,2.0,6.0,0.0,127.14,1.0,98.2,398.0,127.17,1052.0,48.458588,40.0
22.0,48.0,3.0,3.0,0.0,96.44,0.0,58.8,403.0,103.97,499.0,44.63802,43.0
2.0,91.0,0.0,5.0,0.0,93.35,0.0,91.4,79.0,117.5,1625.0,51.033714,55.0
9.0,85.0,1.0,2.0,0.0,56.77,0.0,45.8,394.0,56.18,1994.0,35.89666,36.0
25.0,22.0,5.0,2.0,0.0,16.29,0.0,70.4,241.0,20.48,1214.0,29.989534,30.0
9.0,100.0,3.0,6.0,0.0,98.61,1.0,90.8,251.0,93.59,1690.0,58.28183,49.0
6.0,63.0,6.0,5.0,0.0,149.59,1.0,92.7,53.0,133.33,77.0,53.563896,59.0
18.0,61.0,0.0,8.0,0.0,33.82,1.0,81.4,178.0,33.61,107.0,55.449173,54.0
4.0,3.0,6.0,2.0,0.0,58.88,0.0,39.2,481.0,60.88,1404.0,34.193096,33.0
12.0,22.0,5.0,11.0,0.0,65.52,0.0,64.5,16.0,63.96,202.0,40.045055,34.0
4.0,80.0,5.0,4.0,0.0,99.19,0.0,74.8,429.0,123.65,397.0,44.651386,43.0
7.0,74.0,4.0,3.0,0.0,80.65,0.0,49.1,403.0,80.11,1399.0,37.878433,34.0
22.0,67.0,3.0,4.0,0.0,137.69,0.0,66.4,154.0,168.19,1693.0,56.80359,51.0
2.0,38.0,6.0,1.0,0.0,108.88,1.0,39.2,326.0,116.6,461.0,58.690926,54.0
8.0,77.0,0.0,7.0,0.0,66.37,1.0,84.4,136.0,70.39,608.0,61.33535,55.0
18.0,55.0,1.0,1.0,0.0,6.86,1.0,33.5,430.0,6.44,1464.0,59.159782,55.0
9.0,20.0,3.0,3.0,0.0,80.43,1.0,71.2,181.0,84.72,265.0,50.37348,42.0
20.0,18.0,0.0,10.0,0.0,31.94,0.0,78.2,117.0,34.29,1649.0,29.968348,32.0
27.0,5.0,5.0,5.0,0.0,100.19,1.0,80.8,156.0,110.68,522.0,55.18625,65.0
4.0,51.0,4.0,1.0,0.0,114.96,1.0,40.0,350.0,107.15,1507.0,52.500477,41.0
26.0,80.0,3.0,4.0,0.0,114.91,1.0,62.8,425.0,115.4,1207.0,46.55194,44.0
7.0,90.0,5.0,11.0,1.0,85.47,1.0,53.8,232.0,83.43,1311.0,84.89403,68.0
15.0,29.0,0.0,12.0,1.0,128.63,1.0,51.5,256.0,157.65,551.0,94.48162,104.0
15.0,20.0,1.0,6.0,0.0,129.2,0.0,97.1,240.0,149.65,1738.0,43.46896,44.0
16.0,32.0,2.0,3.0,0.0,90.4,0.0,60.4,203.0,91.81,211.0,20.900597,19.0
6.0,73.0,2.0,2.0,0.0,40.68,1.0,57.9,355.0,49.84,1447.0,66.84616,67.0
12.0,7.0,6.0,4.0,0.0,29.56,0.0,80.7,483.0,27.83,534.0,38.21122,39.0
24.0,54.0,3.0,1.0,0.0,147.79,1.0,48.8,176.0,156.7,999.0,56.970154,60.0
30.0,11.0,0.0,11.0,0.0,115.54,1.0,61.1,132.0,118.49,702.0,53.66994,56.0
8.0,47.0,2.0,4.0,0.0,23.64,1.0,75.7,224.0,27.11,916.0,63.29483,54.0
27.0,11.0,2.0,11.0,0.0,136.27,1.0,68.8,351.0,152.56,1173.0,57.40607,60.0
30.0,39.0,1.0,1.0,0.0,31.4,1.0,44.0,151.0,29.73,1759.0,52.575455,50.0
20.0,10.0,4.0,9.0,0.0,149.16,0.0,89.7,260.0,153.57,422.0,31.035753,25.0
10.0,97.0,2.0,1.0,0.0,64.3,0.0,36.5,54.0,82.93,1792.0,49.039387,53.0
20.0,9.0,4.0,4.0,0.0,139.62,1.0,71.9,492.0,173.48,817.0,64.44905,49.0
14.0,11.0,1.0,7.0,1.0,72.98,1.0,101.5,179.0,70.41,1398.0,76.93869,85.0
19.0,88.0,4.0,9.0,0.0,126.44,0.0,82.8,393.0,114.4,247.0,30.311453,28.0
4.0,20.0,1.0,5.0,0.0,28.62,1.0,97.3,85.0,35.41,1231.0,54.35596,52.0
19.0,8.0,5.0,10.0,0.0,133.95,0.0,75.9,398.0,138.85,104.0,35.34748,40.0
29.0,59.0,3.0,2.0,0.0,50.99,0.0,62.4,421.0,62.03,1877.0,47.480408,55.0
6.0,1.0,2.0,4.0,0.0,94.85,1.0,85.6,288.0,106.13,1027.0,66.71382,79.0
10.0,69.0,4.0,4.0,0.0,18.91,0.0,51.7,260.0,16.67,991.0,40.50213,41.0
20.0,63.0,5.0,4.0,0.0,70.79,0.0,75.4,215.0,60.22,936.0,27.126421,20.0
7.0,30.0,2.0,3.0,0.0,138.61,1.0,60.5,40.0,153.49,1792.0,66.034004,68.0
7.0,48.0,3.0,4.0,0.0,76.25,1.0,75.7,486.0,95.03,393.0,65.5422,74.0
2.0,27.0,3.0,3.0,0.0,142.67,1.0,63.3,386.0,134.29,1174.0,55.345833,56.0
15.0,50.0,6.0,4.0,0.0,15.93,0.0,67.2,304.0,19.83,1201.0,35.889603,33.0
1.0,80.0,0.0,5.0,0.0,19.36,0.0,76.8,66.0,22.82,1037.0,28.788382,27.0
18.0,37.0,2.0,3.0,0.0,135.04,1.0,53.7,116.0,153.16,216.0,60.415756,62.0
24.0,96.0,1.0,6.0,0.0,78.48,1.0,91.6,252.0,91.98,516.0,58.731255,51.0
21.0,15.0,0.0,7.0,1.0,67.92,0.0,102.1,183.0,67.74,1234.0,59.54437,54.0
1.0,97.0,3.0,3.0,0.0,9.73,1.0,43.1,455.0,9.59,297.0,41.876106,47.0
8.0,43.0,2.0,3.0,0.0,67.12,0.0,47.6,388.0,83.99,348.0,42.587524,47.0
8.0,32.0,5.0,2.0,0.0,61.64,1.0,60.8,444.0,50.41,633.0,54.32068,56.0
20.0,66.0,5.0,3.0,0.0,13.99,0.0,52.3,382.0,16.05,1654.0,31.272097,30.0
30.0,77.0,4.0,6.0,0.0,129.52,1.0,97.7,75.0,112.15,422.0,41.681446,52.0
22.0,92.0,2.0,5.0,0.0,130.27,1.0,91.2,381.0,169.34,1219.0,72.845726,79.0
8.0,76.0,2.0,5.0,0.0,63.84,1.0,84.7,81.0,74.2,751.0,62.49003,53.0
3.0,53.0,2.0,2.0,0.0,85.77,1.0,43.7,422.0,99.39,1238.0,63.75478,80.0
22.0,45.0,0.0,10.0,0.0,125.45,0.0,64.0,457.0,147.49,1193.0,49.73746,54.0
26.0,37.0,4.0,1.0,0.0,133.8,0.0,39.3,106.0,126.71,1566.0,26.065273,25.0
10.0,43.0,2.0,4.0,0.0,42.6,0.0,63.6,282.0,46.6,547.0,36.73944,37.0
23.0,30.0,3.0,10.0,0.0,24.62,0.0,63.5,110.0,25.34,216.0,34.51973,33.0
19.0,11.0,6.0,9.0,0.0,130.92,0.0,79.2,239.0,130.08,1613.0,36.527763,42.0
26.0,56.0,6.0,3.0,0.0,59.11,1.0,55.5,466.0,75.11,1456.0,51.334885,64.0
13.0,19.0,6.0,5.0,0.0,91.34,1.0,89.6,53.0,85.63,1430.0,49.669,43.0
4.0,33.0,4.0,7.0,0.0,8.18,0.0,95.9,62.0,10.29,1124.0,35.590298,37.0
14.0,89.0,3.0,4.0,0.0,95.14,1.0,89.7,180.0,112.19,624.0,58.995502,51.0
13.0,28.0,4.0,1.0,0.0,100.79,0.0,47.4,19.0,100.46,1183.0,35.160465,33.0
11.0,55.0,5.0,7.0,1.0,20.13,1.0,97.3,268.0,21.98,913.0,82.964485,62.0
30.0,50.0,2.0,4.0,0.0,78.14,0.0,67.4,485.0,75.48,1021.0,32.907913,36.0
29.0,71.0,1.0,7.0,0.0,127.48,1.0,79.8,279.0,142.51,1545.0,67.206955,59.0
14.0,14.0,2.0,11.0,0.0,94.49,0.0,58.3,411.0,78.16,362.0,26.010056,21.0
13.0,61.0,6.0,6.0,0.0,25.64,1.0,77.6,283.0,28.11,1355.0,59.282585,69.0
30.0,79.0,1.0,11.0,0.0,106.13,0.0,56.1,481.0,125.01,1712.0,42.69838,38.0
25.0,70.0,2.0,4.0,0.0,61.75,1.0,87.6,242.0,53.77,106.0,39.567875,22.0
3.0,23.0,3.0,8.0,0.0,118.12,0.0,89.4,468.0,140.55,968.0,52.36154,55.0
10.0,52.0,5.0,7.0,0.0,57.36,0.0,118.7,128.0,54.03,1530.0,38.026436,35.0
23.0,3.0,3.0,1.0,0.0,105.28,1.0,45.7,279.0,123.25,730.0,61.990677,60.0
1.0,47.0,4.0,12.0,1.0,111.63,0.0,43.7,213.0,133.29,1573.0,67.68045,64.0
10.0,81.0,2.0,1.0,0.0,130.52,0.0,51.9,140.0,169.52,1560.0,54.911034,59.0
10.0,49.0,1.0,1.0,0.0,34.77,1.0,41.9,450.0,37.02,793.0,57.898582,63.0
16.0,11.0,2.0,12.0,0.0,58.35,1.0,59.7,329.0,72.63,1881.0,54.001625,48.0
7.0,61.0,6.0,5.0,0.0,146.84,1.0,76.5,346.0,148.81,1808.0,66.34822,79.0
24.0,68.0,3.0,12.0,0.0,114.98,0.0,61.0,433.0,106.65,964.0,34.250233,34.0
15.0,89.0,1.0,1.0,0.0,24.53,0.0,35.0,250.0,24.67,1312.0,36.226173,41.0
24.0,84.0,2.0,11.0,0.0,100.94,1.0,56.3,473.0,111.63,1158.0,59.90369,62.0
19.0,27.0,2.0,2.0,0.0,108.87,0.0,46.7,10.0,123.22,689.0,42.062424,45.0
20.0,80.0,0.0,11.0,0.0,98.57,0.0,49.3,493.0,86.87,478.0,23.80246,19.0
12.0,42.0,0.0,5.0,0.0,71.1,0.0,87.8,48.0,73.3,429.0,37.117214,36.0
26.0,66.0,6.0,4.0,0.0,116.45,0.0,68.7,239.0,128.67,105.0,31.189806,32.0
24.0,45.0,0.0,3.0,0.0,21.68,1.0,46.5,272.0,26.75,788.0,53.852093,51.0
23.0,30.0,5.0,10.0,0.0,122.57,0.0,86.5,469.0,143.89,683.0,46.227257,41.0
11.0,73.0,1.0,6.0,0.0,133.67,0.0,88.7,186.0,154.2,383.0,40.22192,38.0
23.0,47.0,5.0,1.0,0.0,149.88,0.0,46.4,273.0,147.1,1051.0,38.941566,39.0
14.0,63.0,0.0,11.0,0.0,122.11,0.0,54.2,368.0,111.32,1330.0,31.411283,34.0
22.0,27.0,2.0,10.0,0.0,72.2,1.0,73.0,220.0,80.5,1929.0,68.76367,75.0
25.0,54.0,6.0,4.0,0.0,28.17,1.0,67.3,181.0,29.52,1698.0,51.175217,45.0
15.0,73.0,6.0,9.0,0.0,57.07,0.0,83.6,449.0,65.07,148.0,34.3931,36.0
29.0,94.0,3.0,7.0,0.0,116.46,1.0,85.3,320.0,149.29,688.0,73.72801,68.0
1.0,40.0,1.0,11.0,1.0,24.21,0.0,61.6,384.0,31.0,1565.0,54.45241,68.0
25.0,43.0,5.0,8.0,0.0,76.06,1.0,94.9,63.0,80.64,501.0,43.728592,39.0
19.0,21.0,4.0,4.0,0.0,12.27,0.0,67.3,37.0,10.89,832.0,32.57973,30.0
25.0,12.0,4.0,2.0,0.0,120.2,1.0,55.6,15.0,108.59,1198.0,44.735092,38.0
6.0,88.0,5.0,8.0,0.0,65.44,0.0,102.6,384.0,54.36,1260.0,44.49957,48.0
14.0,32.0,5.0,8.0,0.0,23.7,1.0,84.5,425.0,28.17,495.0,51.76895,57.0
10.0,4.0,2.0,12.0,0.0,138.25,0.0,53.1,151.0,114.21,1684.0,30.072935,28.0
13.0,15.0,3.0,4.0,0.0,113.3,0.0,67.5,445.0,100.67,1056.0,26.210342,30.0
9.0,75.0,5.0,5.0,0.0,85.1,0.0,73.6,474.0,76.38,1081.0,29.344675,36.0
24.0,15.0,4.0,3.0,0.0,119.36,0.0,59.4,344.0,117.33,1168.0,30.322493,31.0
14.0,77.0,3.0,12.0,0.0,72.51,0.0,60.0,44.0,69.62,629.0,34.57614,44.0
20.0,46.0,5.0,1.0,0.0,11.28,1.0,43.4,22.0,14.32,1031.0,52.23038,41.0
16.0,27.0,1.0,5.0,0.0,35.31,1.0,74.3,38.0,31.0,494.0,44.76283,43.0
5.0,91.0,1.0,3.0,0.0,64.93,1.0,47.2,303.0,78.21,615.0,58.55188,61.0
8.0,62.0,3.0,12.0,0.0,28.04,0.0,50.6,254.0,34.29,1316.0,40.617744,36.0
14.0,66.0,2.0,4.0,0.0,81.33,0.0,62.8,95.0,86.38,1925.0,37.345432,40.0
14.0,53.0,5.0,11.0,0.0,98.15,0.0,67.3,138.0,121.36,1880.0,49.79401,57.0
1.0,9.0,2.0,12.0,0.0,91.94,1.0,38.2,483.0,92.68,173.0,51.922165,48.0
4.0,80.0,1.0,6.0,0.0,14.25,1.0,100.8,115.0,18.11,1575.0,53.53449,57.0
26.0,58.0,3.0,12.0,1.0,100.88,1.0,50.0,50.0,109.39,118.0,76.88022,64.0
25.0,20.0,0.0,7.0,0.0,123.39,1.0,99.4,72.0,125.89,1014.0,48.957615,57.0
18.0,57.0,0.0,11.0,0.0,34.58,0.0,55.7,348.0,29.73,731.0,37.740654,38.0
14.0,66.0,0.0,2.0,0.0,118.14,0.0,47.6,272.0,107.03,278.0,28.76845,29.0
7.0,56.0,0.0,2.0,0.0,59.09,1.0,37.1,257.0,63.95,484.0,55.96584,58.0
19.0,82.0,4.0,4.0,0.0,59.77,0.0,81.2,330.0,65.91,253.0,39.286163,41.0
18.0,54.0,2.0,2.0,0.0,43.8,0.0,46.3,288.0,48.1,1732.0,43.597675,43.0
19.0,5.0,2.0,6.0,0.0,135.33,1.0,93.7,437.0,130.46,1000.0,52.513237,53.0
28.0,99.0,4.0,12.0,0.0,126.59,1.0,47.4,407.0,131.25,1336.0,56.620712,46.0
30.0,99.0,3.0,6.0,0.0,29.57,0.0,103.6,379.0,31.62,837.0,32.995804,27.0
26.0,68.0,3.0,6.0,0.0,40.82,1.0,96.2,111.0,38.94,1203.0,43.533405,29.0
11.0,79.0,1.0,1.0,0.0,62.89,0.0,40.0,83.0,71.77,646.0,34.50013,30.0
21.0,98.0,0.0,2.0,0.0,63.45,0.0,61.3,389.0,51.24,1568.0,29.92552,37.0
22.0,20.0,5.0,11.0,0.0,31.29,1.0,62.4,95.0,30.78,1654.0,57.129284,67.0
3.0,50.0,5.0,1.0,0.0,22.51,1.0,47.3,138.0,24.13,623.0,57.402378,53.0
27.0,19.0,1.0,3.0,0.0,113.69,0.0,59.2,72.0,98.76,568.0,25.16258,26.0
9.0,4.0,5.0,9.0,0.0,83.62,1.0,86.2,372.0,105.4,1589.0,63.954903,61.0
6.0,40.0,4.0,12.0,0.0,50.0,1.0,40.2,361.0,46.22,689.0,60.81223,58.0
6.0,64.0,2.0,11.0,1.0,114.96,0.0,41.7,379.0,124.79,546.0,69.23724,87.0
11.0,10.0,2.0,9.0,0.0,65.32,0.0,94.2,322.0,60.04,571.0,31.328146,29.0
5.0,75.0,5.0,12.0,0.0,106.94,0.0,35.4,55.0,100.84,992.0,33.339607,38.0
8.0,24.0,0.0,2.0,0.0,20.11,0.0,56.8,476.0,25.25,141.0,35.817036,36.0
19.0,17.0,2.0,3.0,0.0,90.98,1.0,51.7,408.0,84.74,1545.0,53.080597,55.0
21.0,26.0,5.0,2.0,0.0,67.16,0.0,45.8,331.0,73.11,856.0,42.085384,43.0
15.0,16.0,3.0,5.0,0.0,82.04,0.0,104.0,473.0,84.75,809.0,36.746246,29.0
29.0,55.0,0.0,10.0,0.0,115.04,0.0,74.3,36.0,109.01,1124.0,36.18758,30.0
6.0,29.0,1.0,10.0,0.0,92.14,0.0,73.0,446.0,75.16,59.0,37.869602,45.0
5.0,53.0,2.0,1.0,0.0,96.87,1.0,33.3,301.0,118.82,599.0,66.51795,64.0
10.0,98.0,6.0,4.0,0.0,35.96,1.0,72.8,393.0,34.03,1618.0,60.683655,61.0
7.0,81.0,5.0,9.0,0.0,125.02,1.0,87.4,335.0,154.03,678.0,74.099014,62.0
1.0,34.0,4.0,7.0,0.0,130.71,0.0,97.5,110.0,161.34,326.0,43.16367,37.0
16.0,18.0,5.0,1.0,0.0,89.87,1.0,46.2,139.0,97.14,1515.0,46.39024,44.0
28.0,90.0,1.0,4.0,0.0,130.3,1.0,71.3,486.0,140.37,198.0,54.94503,55.0
6.0,81.0,0.0,6.0,0.0,91.86,0.0,92.0,93.0,102.93,1375.0,49.416557,48.0
24.0,14.0,0.0,1.0,0.0,10.89,1.0,37.7,447.0,9.99,375.0,50.505375,56.0
3.0,45.0,5.0,2.0,0.0,88.01,1.0,60.4,259.0,80.1,1445.0,60.536953,74.0
27.0,65.0,0.0,1.0,0.0,82.14,0.0,47.2,272.0,80.11,1592.0,36.51572,33.0
19.0,33.0,1.0,10.0,0.0,55.61,1.0,74.0,345.0,69.41,571.0,62.657406,71.0
28.0,16.0,0.0,12.0,0.0,19.15,0.0,38.5,274.0,15.56,744.0,31.37086,28.0
28.0,14.0,1.0,8.0,0.0,121.05,0.0,95.5,324.0,139.83,1490.0,42.238644,42.0
8.0,92.0,1.0,12.0,0.0,129.16,1.0,50.7,448.0,104.57,457.0,43.838367,34.0
20.0,43.0,4.0,12.0,0.0,75.62,0.0,50.8,38.0,94.74,1517.0,37.307663,34.0
22.0,24.0,6.0,3.0,0.0,139.18,1.0,58.4,192.0,149.53,1506.0,59.468555,59.0
16.0,77.0,5.0,9.0,0.0,102.86,1.0,83.8,344.0,123.06,1599.0,57.023376,66.0
3.0,7.0,5.0,6.0,0.0,47.45,0.0,100.3,445.0,39.96,1828.0,40.295662,43.0
17.0,56.0,2.0,6.0,0.0,59.65,1.0,97.6,111.0,54.0,1087.0,47.889877,46.0
24.0,77.0,2.0,12.0,0.0,73.7,0.0,60.9,427.0,90.91,1339.0,43.54676,44.0
19.0,84.0,1.0,4.0,0.0,83.06,1.0,59.7,381.0,81.84,336.0,53.75788,46.0
28.0,34.0,0.0,4.0,0.0,47.69,1.0,78.9,258.0,50.15,278.0,48.19793,40.0
28.0,18.0,1.0,6.0,0.0,148.4,1.0,92.2,325.0,121.01,572.0,40.32259,45.0
26.0,38.0,5.0,1.0,0.0,92.99,1.0,47.8,159.0,120.86,1905.0,64.80303,61.0
24.0,25.0,2.0,3.0,0.0,57.5,1.0,61.5,20.0,56.66,1195.0,52.93962,44.0
28.0,91.0,6.0,12.0,0.0,120.34,0.0,42.3,453.0,140.54,1069.0,48.089993,45.0
1.0,13.0,0.0,2.0,0.0,118.7,0.0,40.5,478.0,99.67,1449.0,18.301136,14.0
22.0,86.0,4.0,2.0,0.0,33.09,1.0,45.6,153.0,30.47,268.0,60.88277,53.0
22.0,53.0,2.0,10.0,0.0,23.03,1.0,70.9,236.0,22.37,1325.0,70.936714,68.0
22.0,37.0,6.0,1.0,0.0,64.06,0.0,49.4,203.0,80.84,1073.0,51.754234,58.0
27.0,30.0,0.0,6.0,0.0,102.55,0.0,85.6,153.0,122.19,940.0,44.53202,45.0
26.0,56.0,4.0,12.0,0.0,84.91,0.0,29.6,406.0,91.99,111.0,32.437992,21.0
7.0,60.0,2.0,4.0,0.0,8.79,1.0,79.2,340.0,7.64,716.0,57.1339,52.0
7.0,40.0,3.0,10.0,0.0,56.67,0.0,70.1,498.0,57.17,729.0,40.050537,36.0
24.0,93.0,0.0,7.0,0.0,147.03,0.0,83.7,41.0,119.84,126.0,23.313105,21.0
22.0,93.0,0.0,11.0,0.0,67.52,0.0,56.5,36.0,60.86,935.0,40.194607,42.0
30.0,47.0,5.0,1.0,0.0,15.33,0.0,49.2,465.0,18.14,202.0,32.114204,32.0
11.0,69.0,4.0,5.0,0.0,86.91,0.0,83.2,150.0,107.43,1046.0,43.961807,51.0
10.0,55.0,2.0,5.0,0.0,49.44,1.0,90.6,479.0,46.63,192.0,55.901684,53.0
29.0,22.0,0.0,3.0,0.0,22.53,1.0,60.1,332.0,25.07,926.0,60.555424,69.0
5.0,88.0,3.0,1.0,0.0,21.34,0.0,47.6,23.0,20.25,1287.0,39.09077,41.0
13.0,51.0,5.0,8.0,0.0,114.15,0.0,75.0,260.0,99.78,949.0,23.738209,24.0
14.0,79.0,6.0,12.0,0.0,9.81,1.0,38.4,112.0,8.93,873.0,51.128708,46.0
6.0,68.0,4.0,9.0,0.0,44.51,0.0,87.1,220.0,52.78,953.0,51.575146,53.0
19.0,43.0,4.0,2.0,0.0,67.56,0.0,43.2,213.0,63.11,1572.0,34.899937,31.0
6.0,53.0,1.0,4.0,0.0,5.84,1.0,61.8,291.0,6.33,1055.0,69.35031,71.0
17.0,15.0,4.0,1.0,0.0,55.66,1.0,52.3,277.0,48.17,54.0,43.14456,44.0
27.0,91.0,3.0,4.0,0.0,23.54,1.0,42.1,347.0,26.86,1821.0,59.337273,57.0
4.0,93.0,1.0,9.0,0.0,114.57,1.0,88.2,43.0,104.12,1300.0,54.509445,61.0
16.0,87.0,4.0,1.0,0.0,57.4,1.0,38.2,372.0,58.02,976.0,47.2538,41.0
10.0,47.0,5.0,8.0,0.0,40.02,0.0,100.4,435.0,48.0,512.0,43.87023,50.0
25.0,95.0,2.0,5.0,0.0,45.31,1.0,80.2,237.0,46.62,767.0,50.558838,46.0
14.0,18.0,1.0,12.0,0.0,46.04,1.0,37.5,35.0,49.26,1972.0,56.10208,54.0
21.0,75.0,6.0,5.0,0.0,19.53,0.0,63.7,225.0,22.04,221.0,34.340225,35.0
16.0,4.0,3.0,1.0,0.0,37.5,0.0,22.9,226.0,47.14,1821.0,31.523968,34.0
11.0,100.0,5.0,7.0,0.0,103.26,0.0,95.5,13.0,104.25,523.0,35.23256,27.0
12.0,23.0,1.0,11.0,1.0,130.62,0.0,73.3,430.0,122.61,1409.0,54.524536,59.0
15.0,4.0,1.0,3.0,0.0,20.17,0.0,63.9,295.0,19.32,1571.0,37.04328,39.0
30.0,29.0,1.0,1.0,0.0,7.03,1.0,44.2,432.0,7.2,1123.0,62.373688,62.0
1.0,59.0,2.0,5.0,0.0,39.79,0.0,80.9,94.0,33.24,697.0,27.805754,26.0
7.0,64.0,1.0,5.0,0.0,95.3,0.0,60.6,222.0,83.85,1846.0,37.524353,39.0
13.0,97.0,2.0,9.0,0.0,60.67,1.0,77.2,77.0,57.64,699.0,53.46591,62.0
21.0,34.0,2.0,3.0,0.0,108.63,0.0,55.3,358.0,106.01,1776.0,32.41429,32.0
9.0,63.0,5.0,10.0,0.0,45.13,1.0,64.2,460.0,53.19,1852.0,59.1571,53.0
2.0,54.0,1.0,2.0,0.0,65.97,0.0,45.5,467.0,72.69,1973.0,45.320564,45.0
12.0,71.0,3.0,11.0,0.0,62.33,1.0,36.6,12.0,72.15,761.0,59.068054,70.0
28.0,65.0,6.0,12.0,0.0,69.12,0.0,61.0,234.0,58.77,506.0,26.170013,23.0
24.0,54.0,5.0,12.0,0.0,132.77,0.0,40.1,12.0,112.43,1166.0,25.910627,20.0
27.0,21.0,2.0,1.0,0.0,23.12,1.0,41.3,54.0,28.46,1740.0,57.94554,49.0
11.0,27.0,5.0,6.0,0.0,142.35,1.0,97.3,159.0,116.16,1402.0,41.246773,52.0
8.0,67.0,4.0,3.0,0.0,147.4,1.0,54.5,484.0,133.46,1194.0,52.132816,58.0
27.0,40.0,6.0,4.0,0.0,23.51,0.0,60.6,91.0,27.3,175.0,36.184174,41.0
7.0,3.0,0.0,2.0,0.0,22.63,0.0,43.4,195.0,23.12,877.0,37.39765,38.0
12.0,9.0,1.0,5.0,0.0,99.97,0.0,83.0,31.0,121.72,359.0,42.940403,43.0
7.0,75.0,3.0,10.0,0.0,69.93,1.0,75.1,34.0,86.01,394.0,63.222176,75.0
24.0,73.0,0.0,4.0,0.0,83.92,1.0,66.5,494.0,105.03,1726.0,60.05539,51.0
18.0,63.0,3.0,1.0,0.0,58.22,1.0,32.4,145.0,67.7,1659.0,64.03665,57.0
10.0,74.0,4.0,3.0,0.0,19.49,1.0,61.3,459.0,16.85,1363.0,56.9305,46.0
17.0,72.0,3.0,4.0,0.0,131.33,0.0,73.9,164.0,165.02,695.0,45.887897,55.0
11.0,27.0,0.0,6.0,0.0,29.63,1.0,101.2,457.0,33.97,661.0,55.387535,65.0
7.0,59.0,0.0,5.0,0.0,55.31,1.0,89.8,400.0,54.69,259.0,60.83756,65.0
18.0,34.0,6.0,7.0,0.0,113.13,0.0,78.5,277.0,127.82,1499.0,39.68606,41.0
1.0,17.0,0.0,4.0,0.0,131.32,0.0,69.6,441.0,143.88,1799.0,36.348778,29.0
18.0,59.0,0.0,10.0,0.0,146.12,0.0,69.4,217.0,137.31,1567.0,35.61312,43.0
6.0,45.0,3.0,6.0,0.0,101.17,0.0,88.7,115.0,100.31,1199.0,46.43712,51.0
29.0,46.0,5.0,12.0,1.0,43.85,1.0,55.1,363.0,42.19,1931.0,92.88022,95.0
3.0,88.0,6.0,5.0,0.0,112.59,0.0,91.3,89.0,102.33,1554.0,38.132927,46.0
11.0,76.0,4.0,12.0,0.0,95.72,0.0,38.3,214.0,77.01,1383.0,28.474218,20.0
2.0,72.0,6.0,7.0,1.0,92.57,0.0,97.7,497.0,108.3,1493.0,70.192276,82.0
3.0,84.0,5.0,5.0,0.0,99.12,1.0,78.3,144.0,123.23,1090.0,67.33599,74.0
21.0,2.0,0.0,2.0,0.0,131.56,1.0,45.6,289.0,114.62,1453.0,45.62876,31.0
12.0,25.0,4.0,4.0,0.0,122.46,0.0,75.9,388.0,123.85,1610.0,39.93977,43.0
25.0,2.0,1.0,1.0,0.0,61.09,0.0,40.2,153.0,53.09,367.0,22.425566,21.0
13.0,80.0,3.0,1.0,0.0,88.85,0.0,31.7,230.0,98.87,1469.0,42.174236,44.0
26.0,54.0,6.0,5.0,0.0,29.96,1.0,75.0,156.0,37.23,483.0,47.8351,37.0
13.0,94.0,0.0,3.0,0.0,110.82,0.0,52.4,171.0,132.48,1350.0,46.497932,45.0
10.0,29.0,2.0,8.0,0.0,109.77,1.0,98.6,225.0,111.27,554.0,60.85077,69.0
20.0,47.0,2.0,3.0,0.0,106.9,0.0,63.6,411.0,101.39,973.0,27.188246,32.0
23.0,77.0,3.0,4.0,0.0,123.07,0.0,69.9,308.0,153.81,1939.0,53.8259,54.0
23.0,41.0,5.0,11.0,1.0,134.3,0.0,61.6,233.0,165.03,1994.0,73.78082,67.0
10.0,96.0,6.0,7.0,0.0,104.35,0.0,96.2,147.0,135.04,744.0,53.57261,53.0
4.0,88.0,5.0,9.0,0.0,63.59,0.0,80.4,362.0,73.59,1568.0,41.29587,41.0
14.0,34.0,6.0,10.0,0.0,44.3,0.0,72.3,468.0,39.1,1058.0,29.50779,24.0
13.0,42.0,3.0,9.0,0.0,40.32,0.0,80.7,248.0,48.33,828.0,34.673206,34.0
12.0,63.0,1.0,10.0,0.0,108.08,0.0,64.7,151.0,110.98,431.0,41.487083,43.0
10.0,82.0,0.0,8.0,0.0,64.7,0.0,85.5,207.0,68.77,1813.0,44.39917,40.0
25.0,4.0,6.0,5.0,0.0,119.87,1.0,87.7,221.0,111.48,728.0,44.120853,43.0
8.0,64.0,5.0,2.0,0.0,41.77,0.0,39.4,68.0,33.78,1704.0,40.243866,38.0
16.0,42.0,0.0,10.0,0.0,75.44,0.0,65.8,453.0,67.56,1788.0,22.578646,20.0
10.0,43.0,5.0,8.0,0.0,87.48,0.0,102.7,72.0,73.01,1916.0,31.841677,32.0
26.0,64.0,4.0,3.0,0.0,102.14,0.0,61.4,454.0,98.6,1571.0,27.757225,30.0
22.0,78.0,4.0,6.0,0.0,143.41,1.0,82.5,84.0,184.82,1535.0,79.36974,74.0
13.0,55.0,5.0,4.0,0.0,147.25,1.0,59.1,107.0,123.46,1536.0,42.2645,46.0
14.0,43.0,1.0,8.0,0.0,88.85,0.0,98.3,265.0,112.59,1819.0,45.835396,42.0
11.0,84.0,5.0,6.0,0.0,96.71,0.0,89.5,178.0,86.0,891.0,26.566278,21.0
27.0,88.0,4.0,7.0,0.0,147.05,0.0,100.0,358.0,148.32,1321.0,38.9262,43.0
30.0,89.0,4.0,12.0,0.0,140.24,1.0,53.9,442.0,145.23,1263.0,52.572716,51.0
16.0,8.0,2.0,2.0,0.0,70.2,0.0,49.7,91.0,85.7,1831.0,36.531326,37.0
16.0,45.0,4.0,9.0,0.0,93.96,0.0,76.4,69.0,84.38,1873.0,28.387718,25.0
23.0,31.0,0.0,5.0,0.0,65.63,1.0,73.1,111.0,60.42,1258.0,57.61382,54.0
21.0,16.0,6.0,3.0,0.0,148.48,0.0,68.9,82.0,188.63,1090.0,45.522533,56.0
27.0,67.0,2.0,5.0,0.0,117.09,1.0,78.8,309.0,103.04,1739.0,49.202763,48.0
12.0,39.0,1.0,1.0,0.0,77.89,1.0,36.1,122.0,91.95,1879.0,72.89187,59.0
9.0,63.0,3.0,8.0,0.0,104.49,0.0,103.6,416.0,114.07,176.0,37.80131,33.0
14.0,37.0,1.0,8.0,0.0,54.04,0.0,82.4,76.0,64.74,1107.0,41.898445,45.0
3.0,88.0,1.0,5.0,0.0,69.68,0.0,82.1,311.0,77.28,1923.0,47.368088,59.0
22.0,45.0,6.0,3.0,0.0,85.06,1.0,69.2,417.0,84.12,233.0,61.437122,71.0
4.0,61.0,6.0,10.0,0.0,118.51,0.0,74.6,158.0,104.17,1164.0,30.611217,30.0
13.0,20.0,5.0,6.0,0.0,55.73,0.0,102.2,345.0,51.53,421.0,28.04232,28.0
2.0,38.0,1.0,5.0,0.0,105.25,1.0,75.1,320.0,102.5,1486.0,57.025333,49.0
25.0,17.0,3.0,5.0,0.0,138.65,0.0,71.6,149.0,141.36,1070.0,31.425678,31.0
24.0,100.0,3.0,4.0,0.0,44.93,1.0,81.3,372.0,44.4,1862.0,59.240845,71.0
10.0,68.0,6.0,6.0,0.0,30.26,1.0,86.4,128.0,24.48,1162.0,54.806057,51.0
14.0,60.0,6.0,6.0,0.0,147.14,0.0,97.4,256.0,190.01,1842.0,55.687767,54.0
11.0,97.0,1.0,10.0,0.0,83.42,1.0,55.5,395.0,101.09,618.0,59.280537,54.0
11.0,51.0,5.0,3.0,0.0,96.52,0.0,47.0,424.0,92.5,784.0,30.291655,26.0
10.0,58.0,5.0,10.0,0.0,85.29,0.0,70.3,346.0,107.17,770.0,49.71378,52.0
20.0,55.0,2.0,6.0,0.0,48.03,1.0,86.2,209.0,61.42,943.0,50.699272,60.0
27.0,58.0,1.0,6.0,0.0,34.59,1.0,89.2,97.0,35.05,66.0,54.98457,51.0
27.0,45.0,2.0,7.0,0.0,135.15,1.0,94.9,365.0,108.59,615.0,44.327736,43.0
20.0,81.0,2.0,8.0,0.0,60.26,0.0,94.7,15.0,69.63,1920.0,34.912365,30.0
23.0,47.0,3.0,3.0,0.0,15.85,0.0,55.7,184.0,13.77,320.0,37.46843,34.0
4.0,2.0,4.0,2.0,0.0,128.51,0.0,50.7,161.0,131.54,1514.0,34.048676,32.0
4.0,49.0,0.0,4.0,0.0,38.03,1.0,68.0,474.0,37.08,103.0,51.606922,58.0
24.0,47.0,0.0,6.0,0.0,133.5,0.0,86.6,413.0,110.45,1028.0,26.668533,27.0
17.0,77.0,6.0,3.0,0.0,19.08,1.0,50.8,240.0,16.82,270.0,55.816315,54.0
29.0,27.0,5.0,1.0,0.0,62.47,0.0,47.0,186.0,76.78,411.0,46.03947,48.0
16.0,20.0,6.0,12.0,0.0,118.66,1.0,53.0,172.0,150.13,1110.0,59.87344,61.0
4.0,46.0,0.0,10.0,0.0,142.34,0.0,66.9,30.0,181.04,1063.0,54.219215,44.0
20.0,81.0,3.0,3.0,0.0,46.68,0.0,49.8,451.0,46.84,1783.0,31.504412,33.0
4.0,87.0,0.0,8.0,0.0,24.1,1.0,78.1,472.0,24.38,1313.0,58.57324,44.0
23.0,94.0,0.0,3.0,0.0,52.08,1.0,44.3,243.0,65.72,1308.0,62.114414,72.0
7.0,58.0,6.0,2.0,0.0,10.06,1.0,66.8,37.0,9.97,642.0,62.307343,72.0
25.0,31.0,0.0,3.0,0.0,97.35,0.0,69.3,370.0,97.41,584.0,33.151142,28.0
21.0,42.0,6.0,5.0,0.0,127.83,1.0,76.1,267.0,111.05,1017.0,44.603928,43.0
14.0,22.0,0.0,2.0,0.0,103.4,0.0,46.4,365.0,87.51,692.0,25.002657,21.0
25.0,35.0,4.0,10.0,0.0,26.22,0.0,69.9,169.0,28.58,1122.0,32.891285,34.0
4.0,50.0,5.0,11.0,1.0,88.72,1.0,52.2,128.0,85.28,1057.0,79.76349,83.0
9.0,98.0,6.0,1.0,0.0,122.44,1.0,43.4,409.0,113.1,841.0,49.943363,44.0
12.0,38.0,2.0,3.0,0.0,94.48,1.0,49.3,177.0,101.53,188.0,57.824596,58.0
8.0,4.0,5.0,9.0,0.0,65.06,1.0,75.8,321.0,57.17,248.0,54.72197,64.0
3.0,28.0,0.0,8.0,0.0,56.13,0.0,94.7,56.0,45.1,683.0,36.63881,35.0
9.0,90.0,5.0,10.0,0.0,92.67,1.0,68.1,479.0,97.43,1659.0,57.275707,58.0
28.0,99.0,2.0,3.0,0.0,105.33,0.0,60.4,229.0,88.64,917.0,22.427273,19.0
4.0,45.0,2.0,1.0,0.0,40.19,1.0,40.6,413.0,39.71,1634.0,59.170845,64.0
16.0,3.0,2.0,2.0,0.0,118.37,0.0,53.1,217.0,152.17,1156.0,47.459446,39.0
8.0,14.0,2.0,11.0,0.0,76.15,1.0,61.0,105.0,97.5,1741.0,69.236755,66.0
10.0,68.0,3.0,3.0,0.0,140.95,1.0,57.3,323.0,165.59,1647.0,71.62826,72.0
7.0,11.0,6.0,1.0,0.0,53.93,0.0,44.9,69.0,55.09,1269.0,36.256218,36.0
14.0,73.0,0.0,5.0,0.0,46.42,1.0,65.8,90.0,49.87,1307.0,53.40262,47.0
20.0,58.0,6.0,9.0,0.0,61.74,0.0,94.5,372.0,71.63,495.0,34.345993,43.0
10.0,15.0,4.0,11.0,0.0,53.89,0.0,46.9,120.0,59.62,1735.0,40.351734,41.0
22.0,38.0,2.0,7.0,1.0,128.06,0.0,100.5,115.0,115.98,1201.0,53.120594,57.0
1.0,50.0,6.0,4.0,0.0,94.03,0.0,63.1,50.0,108.01,1042.0,36.72422,42.0
23.0,97.0,5.0,11.0,1.0,117.12,0.0,50.9,487.0,147.03,761.0,73.92886,79.0
10.0,87.0,5.0,3.0,0.0,6.3,1.0,53.3,274.0,6.27,1097.0,61.89845,65.0
25.0,45.0,1.0,8.0,0.0,134.21,0.0,97.6,296.0,118.98,1497.0,24.949133,21.0
3.0,99.0,0.0,1.0,0.0,143.51,0.0,32.6,310.0,133.98,1228.0,39.14554,33.0
12.0,32.0,4.0,3.0,0.0,48.9,0.0,60.7,224.0,43.02,1617.0,36.443237,43.0
11.0,67.0,5.0,3.0,0.0,69.47,0.0,65.7,297.0,67.12,1832.0,34.298798,29.0
24.0,90.0,2.0,3.0,0.0,92.1,0.0,46.3,455.0,97.49,1195.0,36.675934,40.0
17.0,31.0,6.0,2.0,0.0,116.29,1.0,41.6,226.0,117.32,1055.0,55.392757,63.0
29.0,16.0,3.0,7.0,0.0,6.27,1.0,84.7,168.0,7.28,1273.0,58.496296,61.0
5.0,15.0,5.0,4.0,0.0,90.59,1.0,67.9,293.0,74.92,1047.0,53.13917,50.0
22.0,49.0,3.0,3.0,0.0,146.4,0.0,63.4,450.0,143.33,1710.0,41.628857,48.0
9.0,72.0,3.0,5.0,0.0,90.93,0.0,77.9,243.0,101.78,1314.0,39.918953,42.0
8.0,50.0,1.0,9.0,0.0,22.08,1.0,92.1,353.0,20.92,1148.0,59.970234,51.0
7.0,66.0,2.0,9.0,0.0,93.65,0.0,75.3,194.0,78.39,458.0,31.245935,26.0
8.0,31.0,4.0,7.0,0.0,118.83,1.0,95.1,469.0,101.82,1230.0,53.288822,55.0
7.0,29.0,3.0,1.0,0.0,130.74,1.0,34.4,356.0,109.98,471.0,45.33966,55.0
10.0,21.0,6.0,4.0,0.0,70.75,0.0,71.8,59.0,62.92,687.0,30.618261,34.0
13.0,79.0,1.0,2.0,0.0,82.12,0.0,39.2,439.0,72.05,1871.0,30.121489,23.0
23.0,19.0,5.0,9.0,0.0,144.46,0.0,78.3,68.0,161.3,614.0,43.93062,37.0
30.0,69.0,3.0,1.0,0.0,83.75,1.0,58.6,417.0,68.29,1917.0,53.731197,48.0
3.0,19.0,4.0,7.0,0.0,62.9,0.0,92.2,443.0,67.33,181.0,37.813164,35.0
10.0,71.0,4.0,9.0,0.0,104.24,1.0,87.1,227.0,117.83,1721.0,64.42024,64.0
14.0,95.0,4.0,3.0,0.0,69.65,1.0,62.6,397.0,85.48,1602.0,62.70159,65.0
13.0,99.0,2.0,11.0,0.0,65.53,1.0,55.8,408.0,67.35,1087.0,52.50961,45.0
6.0,41.0,1.0,2.0,0.0,48.92,1.0,38.6,403.0,40.39,1784.0,59.689537,63.0
11.0,14.0,0.0,2.0,0.0,20.07,0.0,51.8,115.0,24.23,1440.0,34.40975,33.0
6.0,11.0,5.0,7.0,0.0,85.67,1.0,105.0,238.0,81.93,600.0,54.549458,61.0
22.0,85.0,5.0,4.0,0.0,13.07,0.0,62.1,263.0,11.84,619.0,38.571144,43.0
21.0,54.0,0.0,3.0,0.0,18.48,0.0,60.8,207.0,18.17,1574.0,34.70753,33.0
10.0,74.0,2.0,5.0,0.0,9.66,0.0,89.0,128.0,8.54,1045.0,35.91157,36.0
19.0,85.0,6.0,5.0,0.0,62.65,0.0,81.2,350.0,55.8,1366.0,33.40756,45.0
6.0,26.0,6.0,7.0,0.0,13.08,1.0,98.9,299.0,10.94,502.0,71.92073,76.0
1.0,48.0,5.0,12.0,0.0,27.7,1.0,52.1,382.0,22.52,404.0,47.901608,50.0
30.0,51.0,1.0,4.0,0.0,53.99,0.0,64.4,208.0,60.48,1255.0,34.80012,35.0
8.0,58.0,2.0,7.0,1.0,59.05,0.0,91.2,206.0,71.28,566.0,73.726425,74.0
10.0,97.0,1.0,8.0,0.0,50.05,0.0,85.3,223.0,61.79,1133.0,46.37137,51.0
12.0,40.0,0.0,3.0,0.0,16.41,0.0,58.7,467.0,16.68,670.0,39.48924,36.0
28.0,42.0,1.0,8.0,0.0,96.71,0.0,99.8,318.0,93.67,1510.0,31.145134,33.0
22.0,20.0,1.0,2.0,0.0,29.72,0.0,36.5,302.0,37.01,325.0,40.74656,43.0
27.0,50.0,1.0,2.0,0.0,114.65,1.0,54.1,174.0,98.25,269.0,38.553875,60.0
29.0,25.0,6.0,5.0,0.0,9.28,1.0,76.7,352.0,8.61,238.0,56.16557,73.0
23.0,29.0,2.0,1.0,0.0,122.95,1.0,39.6,325.0,120.12,1095.0,60.89761,57.0
10.0,73.0,5.0,1.0,0.0,33.59,1.0,55.2,489.0,32.91,200.0,51.370804,53.0
18.0,52.0,2.0,12.0,0.0,107.01,0.0,61.7,442.0,138.11,638.0,48.198772,46.0
27.0,94.0,4.0,5.0,0.0,100.43,1.0,81.8,103.0,95.11,1727.0,57.389084,63.0
17.0,91.0,2.0,6.0,0.0,57.11,0.0,90.5,66.0,61.1,608.0,36.211662,36.0
14.0,55.0,5.0,7.0,0.0,139.18,1.0,90.2,100.0,114.51,280.0,40.430763,39.0
23.0,45.0,0.0,2.0,0.0,6.77,1.0,43.4,184.0,5.98,251.0,54.823692,65.0
10.0,73.0,2.0,9.0,0.0,20.14,1.0,95.9,10.0,25.03,1140.0,58.085342,49.0
9.0,43.0,1.0,3.0,0.0,96.52,0.0,47.2,343.0,98.65,1813.0,34.952164,31.0
8.0,61.0,6.0,3.0,0.0,96.46,0.0,50.8,305.0,123.49,269.0,54.70848,53.0
9.0,87.0,5.0,1.0,0.0,127.76,0.0,51.3,190.0,116.84,757.0,28.801823,28.0
9.0,68.0,3.0,8.0,0.0,66.07,0.0,97.5,280.0,72.72,661.0,35.463455,34.0
13.0,35.0,6.0,3.0,0.0,137.87,0.0,55.1,126.0,164.63,1871.0,50.565544,51.0
21.0,93.0,2.0,10.0,0.0,141.23,0.0,70.4,365.0,170.87,818.0,45.617718,46.0
21.0,33.0,2.0,5.0,0.0,74.99,0.0,92.2,266.0,94.9,1190.0,42.58207,36.0
4.0,50.0,6.0,12.0,1.0,96.75,0.0,44.8,271.0,93.7,736.0,57.085182,42.0
28.0,35.0,4.0,6.0,0.0,8.03,1.0,87.0,436.0,8.52,1646.0,54.537067,50.0
2.0,10.0,5.0,12.0,0.0,48.21,1.0,50.1,302.0,42.69,951.0,54.459335,68.0
12.0,24.0,2.0,5.0,0.0,115.04,1.0,66.2,311.0,128.6,975.0,64.908165,67.0
10.0,52.0,2.0,2.0,0.0,31.71,1.0,47.5,448.0,30.95,1028.0,55.085957,55.0
10.0,64.0,1.0,1.0,0.0,41.67,1.0,42.8,126.0,37.32,413.0,52.11298,49.0
11.0,73.0,5.0,10.0,0.0,59.95,1.0,77.7,361.0,72.52,1444.0,58.834152,55.0
23.0,1.0,1.0,10.0,0.0,7.09,0.0,69.3,185.0,6.92,279.0,31.974602,34.0
30.0,58.0,6.0,1.0,0.0,42.71,0.0,25.2,455.0,39.89,197.0,33.81103,37.0
8.0,13.0,2.0,9.0,0.0,61.5,0.0,85.2,359.0,65.95,340.0,35.92122,34.0
18.0,57.0,3.0,4.0,0.0,15.0,0.0,57.4,77.0,14.28,1670.0,44.90437,40.0
3.0,66.0,3.0,3.0,0.0,118.77,0.0,60.9,93.0,100.33,495.0,28.150969,33.0
2.0,21.0,4.0,3.0,0.0,20.3,1.0,48.4,301.0,23.51,788.0,54.19441,43.0
9.0,96.0,2.0,8.0,0.0,95.23,0.0,92.8,259.0,105.5,1025.0,37.266655,36.0
18.0,6.0,4.0,3.0,0.0,144.98,0.0,69.2,60.0,179.62,983.0,49.751663,52.0
7.0,65.0,5.0,3.0,0.0,54.85,1.0,52.3,143.0,44.41,539.0,53.626606,59.0
3.0,86.0,6.0,9.0,0.0,106.03,0.0,79.6,106.0,120.53,327.0,44.777893,43.0
6.0,59.0,4.0,11.0,0.0,103.55,1.0,63.0,64.0,127.74,1236.0,73.431145,79.0
30.0,50.0,0.0,12.0,0.0,13.06,1.0,42.8,227.0,15.11,592.0,51.730103,53.0
21.0,45.0,6.0,11.0,0.0,67.31,1.0,61.5,52.0,61.73,310.0,50.59523,50.0
24.0,58.0,5.0,8.0,0.0,56.63,0.0,80.8,242.0,65.14,106.0,37.635414,40.0
10.0,79.0,5.0,8.0,0.0,89.34,0.0,90.4,133.0,94.51,1819.0,41.586178,43.0
24.0,85.0,0.0,4.0,0.0,74.04,1.0,80.7,238.0,79.88,710.0,54.216824,56.0
12.0,43.0,0.0,9.0,0.0,78.54,0.0,90.5,107.0,86.03,337.0,37.785637,39.0
21.0,42.0,0.0,5.0,0.0,74.49,0.0,94.5,438.0,84.17,452.0,34.695335,32.0
6.0,83.0,3.0,5.0,0.0,90.34,1.0,82.0,36.0,74.06,1132.0,53.42353,53.0
29.0,28.0,1.0,8.0,0.0,94.18,0.0,94.2,346.0,112.86,1766.0,51.08854,57.0
29.0,48.0,5.0,6.0,0.0,38.55,0.0,96.0,120.0,43.05,1195.0,46.180664,48.0
22.0,38.0,4.0,11.0,0.0,100.64,0.0,49.1,126.0,92.58,369.0,36.295914,37.0
13.0,46.0,2.0,11.0,0.0,145.9,0.0,34.7,312.0,161.46,1310.0,41.76095,39.0
20.0,25.0,6.0,11.0,0.0,17.27,1.0,59.7,291.0,21.58,153.0,48.342396,55.0
22.0,36.0,2.0,3.0,0.0,145.56,1.0,70.1,301.0,187.54,1474.0,77.900276,74.0
16.0,25.0,1.0,3.0,0.0,19.63,0.0,59.2,444.0,20.31,1836.0,30.071695,28.0
14.0,100.0,3.0,4.0,0.0,12.29,0.0,73.1,336.0,13.97,1409.0,38.052288,38.0
7.0,5.0,0.0,1.0,0.0,12.19,1.0,53.2,479.0,13.74,1401.0,62.01539,67.0
10.0,16.0,4.0,4.0,0.0,51.19,1.0,74.7,157.0,60.4,198.0,60.774506,68.0
30.0,70.0,1.0,12.0,0.0,21.51,0.0,61.3,439.0,25.37,898.0,30.49809,27.0
19.0,53.0,0.0,1.0,0.0,5.87,0.0,55.7,389.0,4.78,1139.0,38.224503,39.0
12.0,64.0,0.0,11.0,0.0,145.4,0.0,55.0,419.0,136.01,1383.0,37.603172,33.0
15.0,40.0,4.0,6.0,0.0,118.24,1.0,103.0,103.0,123.45,299.0,54.411877,54.0
1.0,87.0,3.0,4.0,0.0,149.25,0.0,69.1,149.0,163.93,450.0,38.90427,34.0
20.0,28.0,5.0,3.0,0.0,111.68,0.0,64.3,404.0,121.94,1895.0,36.86832,33.0
8.0,41.0,4.0,4.0,0.0,79.29,1.0,78.6,292.0,80.25,298.0,52.219933,67.0
24.0,61.0,3.0,3.0,0.0,11.88,1.0,61.2,177.0,10.7,567.0,54.774975,69.0
18.0,31.0,4.0,4.0,0.0,20.35,1.0,63.7,282.0,20.82,1901.0,64.52673,66.0
27.0,31.0,0.0,5.0,0.0,76.27,0.0,87.2,432.0,78.01,1251.0,40.6512,44.0
16.0,6.0,2.0,4.0,0.0,41.45,1.0,61.2,103.0,49.65,1403.0,51.719208,39.0
29.0,29.0,0.0,4.0,0.0,85.34,1.0,68.1,207.0,104.0,1775.0,69.64184,72.0
21.0,54.0,2.0,11.0,0.0,122.57,1.0,44.7,87.0,123.43,682.0,55.019356,58.0
25.0,2.0,4.0,5.0,0.0,112.78,1.0,81.5,152.0,97.51,1242.0,43.198494,27.0
14.0,31.0,2.0,3.0,0.0,33.18,0.0,65.6,441.0,35.41,305.0,36.83242,44.0
1.0,3.0,3.0,5.0,0.0,16.9,1.0,76.8,67.0,21.29,1173.0,47.21766,57.0
12.0,4.0,1.0,7.0,1.0,131.29,1.0,98.7,324.0,117.19,756.0,71.78298,90.0
4.0,59.0,6.0,7.0,0.0,21.78,0.0,85.3,429.0,18.59,332.0,34.991814,34.0
27.0,69.0,1.0,2.0,0.0,129.54,0.0,38.9,41.0,108.91,1643.0,24.735863,30.0
23.0,73.0,6.0,12.0,0.0,57.14,0.0,45.5,207.0,58.85,1689.0,39.64662,37.0
2.0,18.0,3.0,3.0,0.0,6.55,1.0,70.4,345.0,8.08,1906.0,60.76104,53.0
18.0,59.0,6.0,1.0,0.0,107.44,0.0,44.7,463.0,91.74,892.0,32.25264,35.0
23.0,39.0,0.0,2.0,0.0,59.03,0.0,42.8,430.0,63.16,320.0,35.577835,36.0
8.0,99.0,5.0,8.0,0.0,65.5,0.0,87.9,324.0,75.16,359.0,42.482452,40.0
17.0,30.0,5.0,1.0,0.0,113.91,0.0,41.6,87.0,142.99,1848.0,53.256516,50.0
4.0,29.0,0.0,10.0,0.0,24.12,0.0,66.9,27.0,24.27,1220.0,40.770264,36.0
22.0,56.0,4.0,5.0,0.0,42.34,0.0,84.7,226.0,41.08,996.0,39.09302,41.0
23.0,75.0,2.0,1.0,0.0,38.33,1.0,48.6,377.0,48.15,1690.0,64.058205,74.0
15.0,2.0,5.0,10.0,0.0,139.68,1.0,74.9,317.0,169.12,135.0,64.7247,59.0
16.0,63.0,2.0,8.0,0.0,20.26,1.0,86.4,119.0,25.97,856.0,49.681282,40.0
30.0,12.0,5.0,2.0,0.0,118.67,0.0,51.7,359.0,104.15,1907.0,25.753212,26.0
10.0,49.0,4.0,4.0,0.0,137.06,1.0,71.3,148.0,168.14,833.0,72.26349,81.0
1.0,69.0,2.0,9.0,0.0,113.89,1.0,73.8,407.0,140.25,787.0,59.234753,75.0
30.0,61.0,0.0,8.0,0.0,113.45,0.0,98.1,370.0,124.91,886.0,39.555737,43.0
16.0,6.0,2.0,4.0,0.0,134.44,0.0,67.7,142.0,110.56,870.0,15.792618,9.0
12.0,15.0,0.0,5.0,0.0,50.63,0.0,65.9,337.0,54.2,316.0,39.418514,39.0
4.0,100.0,0.0,4.0,0.0,76.41,1.0,72.9,299.0,69.59,1379.0,49.760628,45.0
16.0,74.0,6.0,6.0,0.0,83.13,0.0,94.8,127.0,95.47,1617.0,33.57566,28.0
13.0,4.0,3.0,3.0,0.0,144.55,1.0,39.4,325.0,155.85,1092.0,57.718834,62.0
26.0,18.0,5.0,12.0,1.0,79.41,1.0,60.7,424.0,75.24,465.0,76.065186,69.0
29.0,77.0,5.0,3.0,0.0,58.84,1.0,66.0,253.0,50.31,911.0,58.49254,65.0
8.0,81.0,5.0,5.0,0.0,20.49,0.0,93.7,235.0,18.81,1048.0,39.433304,40.0
1.0,86.0,4.0,1.0,0.0,54.49,0.0,35.7,237.0,56.3,980.0,30.29523,28.0
11.0,34.0,4.0,6.0,0.0,37.07,1.0,91.3,366.0,38.97,1605.0,54.156914,48.0
12.0,27.0,1.0,8.0,0.0,99.43,0.0,92.1,444.0,119.96,246.0,44.046795,51.0
10.0,50.0,4.0,8.0,0.0,11.03,0.0,81.1,234.0,11.99,1675.0,41.134026,36.0
3.0,22.0,5.0,2.0,0.0,31.27,1.0,63.7,125.0,27.08,750.0,55.627777,46.0
20.0,23.0,0.0,12.0,0.0,50.05,0.0,40.6,48.0,43.97,1860.0,30.138536,29.0
13.0,20.0,4.0,4.0,0.0,13.94,1.0,50.0,209.0,14.44,1780.0,52.00904,60.0
17.0,71.0,6.0,4.0,0.0,135.26,1.0,73.7,146.0,162.88,1229.0,64.56918,67.0
28.0,95.0,6.0,8.0,0.0,79.07,0.0,82.2,194.0,99.79,546.0,36.639317,35.0
18.0,38.0,5.0,1.0,0.0,93.9,1.0,49.6,350.0,89.68,283.0,51.464787,61.0
14.0,68.0,0.0,4.0,0.0,43.15,1.0,57.1,208.0,50.98,748.0,59.63186,67.0
1.0,100.0,1.0,1.0,0.0,90.3,0.0,40.8,262.0,91.0,328.0,30.442017,30.0
13.0,28.0,5.0,3.0,0.0,80.83,0.0,55.2,454.0,81.55,537.0,35.50992,31.0
2.0,36.0,3.0,1.0,0.0,72.71,0.0,50.5,159.0,89.98,650.0,45.58718,43.0
27.0,39.0,1.0,11.0,0.0,105.32,0.0,53.9,286.0,118.89,266.0,37.98796,37.0
10.0,1.0,0.0,1.0,0.0,147.89,0.0,32.8,451.0,127.91,1650.0,26.70535,31.0
11.0,16.0,0.0,3.0,0.0,12.53,0.0,64.4,249.0,15.31,384.0,32.020443,28.0
24.0,25.0,3.0,2.0,0.0,147.24,0.0,53.8,157.0,141.33,431.0,30.231758,30.0
24.0,23.0,4.0,12.0,1.0,46.33,1.0,54.4,162.0,56.59,167.0,79.79443,71.0
27.0,42.0,4.0,11.0,0.0,47.34,1.0,55.0,81.0,44.32,644.0,51.28433,51.0
22.0,74.0,1.0,3.0,0.0,124.21,0.0,53.3,122.0,124.28,749.0,38.7588,39.0
15.0,40.0,0.0,12.0,0.0,132.34,0.0,49.6,111.0,166.55,259.0,48.509804,53.0
30.0,5.0,0.0,6.0,0.0,57.18,1.0,77.1,208.0,69.1,237.0,52.933556,59.0
9.0,55.0,4.0,2.0,0.0,8.36,0.0,58.2,407.0,7.35,1328.0,32.812233,33.0
30.0,14.0,4.0,5.0,0.0,99.65,0.0,79.3,485.0,108.04,1754.0,37.13566,33.0
9.0,42.0,2.0,2.0,0.0,27.88,0.0,38.5,282.0,23.5,84.0,26.050154,24.0
15.0,32.0,0.0,11.0,0.0,148.27,1.0,52.0,182.0,124.15,1783.0,50.96352,41.0
14.0,72.0,0.0,3.0,0.0,142.57,1.0,59.5,259.0,127.01,155.0,37.85281,43.0
25.0,64.0,3.0,3.0,0.0,87.75,0.0,73.2,114.0,80.98,1603.0,32.573936,29.0
24.0,7.0,3.0,7.0,0.0,10.78,1.0,90.3,105.0,9.61,920.0,50.960144,46.0
20.0,75.0,2.0,2.0,0.0,33.58,0.0,59.0,140.0,36.61,339.0,26.730782,33.0
18.0,62.0,4.0,1.0,0.0,66.12,0.0,47.3,206.0,64.93,759.0,37.772507,35.0
30.0,11.0,3.0,10.0,0.0,148.16,0.0,68.9,224.0,121.03,1706.0,22.077848,14.0
29.0,6.0,5.0,1.0,0.0,9.8,1.0,61.3,133.0,12.19,1465.0,58.795074,69.0
28.0,95.0,1.0,1.0,0.0,10.27,1.0,46.3,15.0,12.87,1875.0,53.878838,45.0
1.0,53.0,6.0,10.0,0.0,64.61,0.0,75.8,437.0,76.82,616.0,35.77185,35.0
15.0,4.0,4.0,2.0,0.0,73.9,0.0,58.5,300.0,90.11,548.0,39.54564,47.0
26.0,4.0,4.0,2.0,0.0,58.26,0.0,48.8,137.0,55.28,1542.0,28.405617,25.0
5.0,98.0,2.0,11.0,0.0,99.23,0.0,63.2,210.0,121.91,239.0,47.738808,48.0
21.0,25.0,4.0,4.0,0.0,128.6,0.0,72.1,276.0,115.98,797.0,29.112022,22.0
16.0,82.0,2.0,11.0,0.0,34.5,0.0,58.7,31.0,41.24,683.0,30.155334,25.0
25.0,39.0,3.0,2.0,0.0,125.22,0.0,52.1,37.0,117.01,1876.0,31.62273,32.0
29.0,1.0,6.0,2.0,0.0,6.04,1.0,52.8,430.0,5.52,800.0,56.971703,53.0
22.0,45.0,3.0,2.0,0.0,107.84,1.0,47.5,333.0,116.72,1133.0,65.17762,61.0
2.0,1.0,4.0,2.0,0.0,65.99,0.0,32.4,291.0,85.64,512.0,41.335804,47.0
15.0,47.0,0.0,3.0,0.0,91.55,0.0,61.9,424.0,102.8,1097.0,41.734962,43.0
27.0,83.0,2.0,11.0,0.0,24.5,0.0,55.6,329.0,27.18,1637.0,39.13027,38.0
25.0,53.0,5.0,2.0,0.0,148.18,1.0,55.2,207.0,186.64,1945.0,73.838715,64.0
12.0,15.0,5.0,2.0,0.0,68.23,0.0,50.5,444.0,87.03,347.0,43.48695,48.0
26.0,23.0,3.0,3.0,0.0,63.94,1.0,49.4,276.0,74.2,1792.0,55.68454,48.0
10.0,11.0,1.0,4.0,0.0,71.54,0.0,68.2,169.0,58.13,714.0,28.98417,30.0
21.0,8.0,1.0,1.0,0.0,16.36,0.0,49.2,444.0,16.38,699.0,35.604355,38.0
2.0,8.0,1.0,5.0,0.0,36.11,1.0,78.3,454.0,39.08,1888.0,63.56154,58.0
26.0,60.0,4.0,2.0,0.0,58.09,0.0,50.6,156.0,49.16,1970.0,23.074574,21.0
29.0,91.0,4.0,4.0,0.0,122.01,0.0,74.2,290.0,148.9,641.0,49.05686,56.0
26.0,62.0,0.0,3.0,0.0,123.03,0.0,64.9,424.0,142.21,1461.0,35.272884,32.0
30.0,27.0,2.0,1.0,0.0,43.27,0.0,46.4,272.0,50.93,521.0,36.657074,31.0
27.0,48.0,0.0,3.0,0.0,36.61,0.0,62.8,498.0,31.89,67.0,32.20558,36.0
23.0,56.0,6.0,11.0,1.0,133.98,0.0,58.6,347.0,167.3,1489.0,80.303085,84.0
17.0,12.0,1.0,8.0,0.0,25.3,0.0,80.2,45.0,20.89,722.0,31.936134,34.0
7.0,46.0,5.0,6.0,0.0,33.83,0.0,95.8,65.0,31.43,1125.0,36.461895,37.0
27.0,29.0,0.0,4.0,0.0,144.72,0.0,64.5,294.0,121.71,648.0,25.37593,30.0
8.0,18.0,4.0,7.0,0.0,11.22,1.0,76.3,458.0,10.3,1485.0,61.103256,67.0
7.0,53.0,1.0,2.0,0.0,128.2,0.0,38.8,365.0,129.7,413.0,38.64944,45.0
5.0,93.0,5.0,3.0,0.0,145.05,0.0,62.6,321.0,130.07,619.0,26.873049,26.0
3.0,91.0,0.0,7.0,1.0,108.54,1.0,94.5,65.0,137.54,668.0,97.30995,93.0
20.0,75.0,4.0,2.0,0.0,30.83,1.0,34.3,340.0,35.05,1272.0,52.682808,48.0
6.0,23.0,1.0,1.0,0.0,61.88,0.0,53.0,474.0,64.58,1515.0,47.28772,49.0
13.0,53.0,5.0,8.0,0.0,136.41,0.0,104.1,69.0,174.71,1854.0,56.903526,58.0
27.0,37.0,2.0,3.0,0.0,7.93,1.0,64.6,392.0,6.83,1229.0,61.592304,63.0
4.0,16.0,1.0,8.0,0.0,70.6,0.0,100.3,269.0,84.44,195.0,38.157494,35.0
4.0,78.0,0.0,10.0,0.0,134.12,1.0,70.7,252.0,156.88,502.0,70.729904,68.0
11.0,35.0,0.0,3.0,0.0,48.58,0.0,53.9,58.0,50.54,1085.0,33.995224,34.0
17.0,74.0,5.0,12.0,0.0,130.1,0.0,31.2,280.0,159.83,951.0,48.065105,52.0
6.0,58.0,5.0,5.0,0.0,66.65,1.0,79.8,198.0,58.6,512.0,64.42761,63.0
28.0,98.0,2.0,12.0,1.0,10.3,1.0,63.7,202.0,10.69,244.0,78.81654,70.0
10.0,49.0,3.0,6.0,0.0,64.26,1.0,79.8,118.0,74.8,552.0,63.638504,65.0
20.0,52.0,3.0,12.0,0.0,63.3,1.0,48.3,393.0,66.24,364.0,47.13831,55.0
26.0,62.0,1.0,12.0,0.0,82.02,0.0,47.9,223.0,67.98,1243.0,23.962904,17.0
24.0,75.0,2.0,5.0,0.0,27.67,1.0,85.3,439.0,28.14,1914.0,55.135082,65.0
4.0,44.0,2.0,2.0,0.0,147.33,1.0,51.8,139.0,169.73,1041.0,64.16694,62.0
6.0,40.0,5.0,1.0,0.0,136.35,0.0,47.6,312.0,120.71,967.0,35.548065,34.0
2.0,90.0,5.0,9.0,0.0,133.54,1.0,86.6,419.0,161.3,993.0,69.29376,72.0
2.0,57.0,5.0,11.0,0.0,94.16,0.0,64.1,89.0,112.49,370.0,50.83068,46.0
16.0,78.0,0.0,3.0,0.0,13.17,1.0,52.7,444.0,13.66,281.0,42.112858,48.0
12.0,86.0,5.0,2.0,0.0,118.3,1.0,33.9,426.0,134.2,1114.0,63.940155,66.0
13.0,32.0,2.0,3.0,0.0,29.9,0.0,54.6,496.0,38.7,1319.0,36.529762,42.0
29.0,48.0,5.0,11.0,0.0,101.38,0.0,48.3,470.0,116.52,832.0,47.237255,44.0
4.0,40.0,6.0,9.0,0.0,124.48,1.0,82.5,374.0,159.85,968.0,65.86341,70.0
29.0,23.0,1.0,7.0,1.0,51.45,1.0,105.2,335.0,65.06,1398.0,82.73893,99.0
25.0,83.0,5.0,3.0,0.0,81.54,1.0,49.7,234.0,84.3,1357.0,43.346466,52.0
11.0,88.0,6.0,1.0,0.0,12.59,1.0,43.1,62.0,15.03,1846.0,58.486275,48.0
7.0,89.0,3.0,1.0,0.0,145.46,1.0,30.9,206.0,146.63,1187.0,56.281307,51.0
15.0,9.0,6.0,7.0,0.0,112.4,0.0,93.1,477.0,138.68,1307.0,46.15448,48.0
20.0,23.0,1.0,4.0,0.0,13.62,0.0,62.0,354.0,16.69,1008.0,29.404163,34.0
7.0,31.0,0.0,1.0,0.0,136.33,0.0,48.7,497.0,155.18,153.0,47.208317,50.0
3.0,30.0,0.0,2.0,0.0,88.08,1.0,41.7,224.0,112.08,1955.0,75.90243,82.0
20.0,78.0,6.0,6.0,0.0,52.41,1.0,94.4,80.0,42.39,1988.0,50.7233,33.0
17.0,11.0,5.0,9.0,0.0,91.66,1.0,88.1,67.0,102.24,158.0,56.705444,47.0
25.0,76.0,3.0,3.0,0.0,78.69,1.0,51.5,74.0,85.15,609.0,45.916668,39.0
30.0,20.0,1.0,4.0,0.0,83.23,0.0,59.1,95.0,78.82,1730.0,31.40424,36.0
23.0,4.0,0.0,1.0,0.0,141.25,0.0,45.7,292.0,149.85,1301.0,42.403534,46.0
10.0,30.0,6.0,8.0,0.0,13.76,1.0,98.1,435.0,16.7,1024.0,59.00115,58.0
19.0,37.0,5.0,3.0,0.0,133.05,1.0,55.7,317.0,146.49,1628.0,66.036125,70.0
30.0,18.0,0.0,3.0,0.0,30.12,0.0,40.6,59.0,34.09,1387.0,34.754017,38.0
7.0,79.0,4.0,1.0,0.0,95.06,0.0,51.0,484.0,103.37,1132.0,39.55743,40.0
7.0,90.0,4.0,7.0,0.0,26.57,0.0,94.5,250.0,23.53,1932.0,46.31726,42.0
27.0,61.0,3.0,12.0,0.0,145.54,1.0,50.3,420.0,146.19,1653.0,53.11191,58.0
12.0,59.0,4.0,3.0,0.0,9.52,0.0,48.8,74.0,11.64,384.0,41.229122,36.0
10.0,77.0,2.0,3.0,0.0,47.42,0.0,63.7,135.0,40.36,180.0,36.868984,33.0
17.0,17.0,2.0,2.0,0.0,31.59,1.0,47.2,461.0,39.74,1353.0,56.490734,56.0
16.0,11.0,6.0,3.0,0.0,26.81,1.0,56.3,131.0,32.08,929.0,45.88159,48.0
28.0,75.0,2.0,5.0,0.0,25.63,0.0,81.9,144.0,23.31,923.0,33.284214,37.0
13.0,47.0,5.0,12.0,0.0,86.2,0.0,32.1,78.0,69.33,474.0,27.632048,28.0
14.0,36.0,0.0,4.0,0.0,58.17,0.0,60.8,263.0,58.29,523.0,34.49019,33.0
1.0,92.0,1.0,11.0,1.0,93.95,0.0,41.6,345.0,121.48,1468.0,63.175972,61.0
12.0,98.0,2.0,12.0,1.0,121.37,0.0,28.9,313.0,110.0,840.0,60.54751,79.0
20.0,83.0,2.0,5.0,0.0,137.99,0.0,77.2,407.0,122.18,341.0,16.864738,9.0
5.0,4.0,6.0,3.0,0.0,75.68,0.0,65.0,86.0,88.34,1215.0,43.902428,39.0
21.0,18.0,3.0,11.0,1.0,80.28,1.0,58.0,152.0,71.68,207.0,73.09928,71.0
23.0,39.0,3.0,1.0,0.0,44.33,1.0,43.7,421.0,45.53,638.0,52.263382,50.0
16.0,84.0,0.0,2.0,0.0,81.08,0.0,60.1,156.0,83.23,1412.0,30.519127,24.0
15.0,99.0,3.0,1.0,0.0,111.1,0.0,43.4,182.0,111.47,355.0,35.37763,29.0
28.0,69.0,0.0,2.0,0.0,76.08,0.0,49.8,202.0,85.72,1556.0,38.695827,42.0
18.0,40.0,4.0,4.0,0.0,58.23,1.0,68.4,301.0,47.97,1011.0,57.092537,65.0
26.0,86.0,3.0,2.0,0.0,78.22,1.0,42.5,211.0,94.03,1452.0,46.58734,42.0
23.0,49.0,0.0,1.0,0.0,142.78,0.0,46.9,111.0,168.61,1534.0,49.323624,53.0
17.0,14.0,2.0,4.0,0.0,92.12,0.0,83.4,30.0,82.38,575.0,27.813332,27.0
24.0,89.0,2.0,7.0,0.0,130.32,1.0,88.3,392.0,130.69,1548.0,53.76852,62.0
6.0,64.0,0.0,11.0,1.0,83.77,1.0,71.5,272.0,98.2,1290.0,94.382904,117.0
30.0,66.0,5.0,11.0,0.0,18.51,1.0,64.0,356.0,16.92,655.0,49.505333,56.0
23.0,73.0,3.0,5.0,0.0,99.95,1.0,85.6,166.0,82.97,1367.0,51.187145,48.0
20.0,26.0,1.0,5.0,0.0,57.87,1.0,68.8,288.0,67.67,1216.0,53.531143,66.0
18.0,3.0,2.0,5.0,0.0,67.14,0.0,87.5,80.0,83.59,1983.0,44.91254,46.0
5.0,85.0,6.0,3.0,0.0,39.97,0.0,59.8,217.0,34.97,1881.0,37.127785,35.0
27.0,61.0,1.0,7.0,1.0,27.17,0.0,102.9,156.0,23.83,1603.0,59.17861,82.0
23.0,32.0,6.0,1.0,0.0,146.12,1.0,30.5,166.0,127.24,1154.0,51.794746,44.0
18.0,95.0,3.0,3.0,0.0,121.04,1.0,54.1,356.0,139.07,864.0,62.64731,67.0
15.0,69.0,0.0,5.0,0.0,76.12,1.0,71.0,194.0,71.51,1393.0,56.980263,74.0
14.0,56.0,0.0,10.0,0.0,122.94,1.0,71.5,56.0,130.83,1671.0,58.968624,43.0
3.0,59.0,2.0,10.0,0.0,107.6,0.0,65.4,13.0,119.86,1027.0,47.655636,49.0
24.0,2.0,2.0,8.0,0.0,34.44,0.0,96.0,113.0,30.84,621.0,30.708286,26.0
10.0,99.0,0.0,3.0,0.0,36.57,1.0,53.5,330.0,44.72,1998.0,64.52968,65.0
12.0,46.0,0.0,8.0,0.0,14.85,0.0,105.1,246.0,18.68,801.0,36.238,39.0
11.0,83.0,0.0,11.0,0.0,125.48,1.0,61.1,487.0,120.84,389.0,45.220444,40.0
8.0,52.0,5.0,4.0,0.0,5.51,1.0,75.0,408.0,4.57,1786.0,65.32448,59.0
18.0,98.0,0.0,6.0,0.0,30.43,1.0,88.4,41.0,26.97,619.0,60.190872,57.0
8.0,64.0,2.0,6.0,0.0,114.58,0.0,83.2,75.0,107.56,388.0,36.407543,34.0
29.0,20.0,6.0,6.0,0.0,142.31,0.0,86.0,35.0,132.16,553.0,32.400745,32.0
16.0,87.0,6.0,12.0,0.0,33.76,0.0,53.4,408.0,27.2,906.0,27.236958,20.0
3.0,44.0,3.0,4.0,0.0,17.1,1.0,72.1,156.0,20.02,1807.0,61.753487,65.0
19.0,68.0,3.0,6.0,0.0,60.28,1.0,104.2,424.0,66.36,85.0,56.370872,63.0
16.0,43.0,4.0,10.0,0.0,42.01,1.0,68.9,138.0,40.58,132.0,43.93695,40.0
10.0,14.0,0.0,4.0,0.0,98.95,1.0,70.6,367.0,95.93,101.0,50.949364,48.0
23.0,69.0,5.0,7.0,0.0,67.59,1.0,88.6,318.0,70.79,1863.0,61.95092,64.0
25.0,82.0,2.0,1.0,0.0,47.86,1.0,54.1,22.0,54.03,1490.0,51.723152,61.0
22.0,69.0,6.0,12.0,0.0,98.86,0.0,58.5,263.0,87.62,519.0,36.876442,42.0
18.0,31.0,2.0,2.0,0.0,110.94,0.0,46.5,320.0,119.59,1596.0,43.11136,51.0
28.0,19.0,3.0,11.0,0.0,9.07,0.0,56.3,83.0,9.5,1699.0,34.200237,30.0
30.0,49.0,0.0,6.0,0.0,81.84,1.0,86.1,249.0,86.23,474.0,54.689526,68.0
10.0,56.0,2.0,11.0,0.0,54.16,1.0,65.3,358.0,68.63,829.0,66.07972,66.0
9.0,8.0,1.0,1.0,0.0,58.98,1.0,46.1,56.0,62.6,245.0,53.398895,63.0
3.0,22.0,3.0,2.0,0.0,16.33,0.0,41.4,79.0,17.1,558.0,38.344074,38.0
12.0,67.0,6.0,11.0,1.0,69.74,0.0,57.3,193.0,80.77,1713.0,70.10449,78.0
18.0,37.0,3.0,9.0,0.0,31.15,1.0,81.0,437.0,32.51,150.0,56.841408,53.0
25.0,54.0,0.0,1.0,0.0,82.08,1.0,41.8,222.0,96.88,1505.0,57.046665,63.0
9.0,31.0,6.0,3.0,0.0,27.24,0.0,53.3,355.0,24.11,1983.0,39.125473,41.0
18.0,41.0,3.0,11.0,0.0,137.86,0.0,60.6,364.0,169.76,1241.0,57.29355,56.0
11.0,74.0,5.0,1.0,0.0,33.6,1.0,48.9,259.0,40.06,473.0,51.73043,56.0
30.0,28.0,6.0,8.0,0.0,20.2,1.0,85.5,125.0,21.7,1513.0,52.36917,61.0
11.0,71.0,3.0,4.0,0.0,100.84,1.0,58.4,298.0,94.67,1638.0,53.583904,43.0
30.0,30.0,0.0,5.0,0.0,37.38,0.0,86.4,255.0,47.19,1801.0,35.388702,39.0
24.0,63.0,4.0,9.0,0.0,26.46,1.0,107.3,403.0,22.32,914.0,54.36863,63.0
2.0,40.0,4.0,2.0,0.0,142.79,0.0,50.7,322.0,183.96,261.0,49.305138,60.0
21.0,91.0,4.0,1.0,0.0,140.68,1.0,41.6,32.0,171.51,1064.0,64.875565,64.0
4.0,30.0,0.0,4.0,0.0,45.53,0.0,69.9,185.0,54.89,419.0,38.322952,35.0
21.0,100.0,5.0,1.0,0.0,53.38,1.0,39.7,331.0,55.12,673.0,53.919823,64.0
13.0,50.0,3.0,3.0,0.0,104.61,1.0,68.1,300.0,115.79,1128.0,58.50975,48.0
21.0,86.0,5.0,2.0,0.0,135.75,1.0,51.4,27.0,132.11,796.0,53.90941,51.0
24.0,77.0,0.0,7.0,0.0,73.16,0.0,101.5,195.0,60.74,1576.0,31.626234,33.0
2.0,18.0,5.0,4.0,0.0,134.28,1.0,81.6,499.0,161.26,1746.0,69.14431,78.0
1.0,5.0,6.0,1.0,0.0,138.56,0.0,40.7,483.0,158.43,313.0,38.821075,34.0
15.0,6.0,4.0,4.0,0.0,66.08,1.0,67.2,161.0,62.52,1320.0,55.9386,60.0
18.0,25.0,1.0,4.0,0.0,11.18,1.0,74.7,381.0,13.97,917.0,56.190403,59.0
22.0,68.0,6.0,5.0,0.0,91.92,0.0,89.3,114.0,89.85,473.0,35.00023,38.0
30.0,58.0,5.0,2.0,0.0,67.61,0.0,59.2,349.0,58.58,210.0,30.001638,35.0
15.0,79.0,0.0,6.0,0.0,12.82,0.0,101.8,199.0,12.63,208.0,32.36126,27.0
15.0,33.0,1.0,12.0,0.0,63.91,1.0,57.6,380.0,56.49,232.0,47.075203,35.0
29.0,98.0,0.0,11.0,0.0,139.32,1.0,56.7,159.0,122.05,283.0,49.186592,61.0
11.0,93.0,1.0,3.0,0.0,83.21,1.0,51.9,62.0,84.26,173.0,53.960472,65.0
26.0,53.0,2.0,10.0,0.0,54.93,1.0,66.4,347.0,53.5,318.0,45.32468,48.0
16.0,45.0,4.0,6.0,0.0,78.53,1.0,90.2,494.0,96.62,1535.0,57.115837,61.0
11.0,12.0,0.0,12.0,0.0,85.08,1.0,43.5,345.0,100.22,1257.0,59.729465,60.0
16.0,62.0,3.0,6.0,0.0,97.35,1.0,85.7,210.0,99.6,1881.0,52.470325,41.0
1.0,91.0,0.0,5.0,0.0,74.59,1.0,91.2,194.0,94.4,156.0,56.087708,53.0
6.0,51.0,2.0,9.0,0.0,120.09,0.0,94.6,150.0,117.2,1271.0,41.732025,43.0
30.0,27.0,4.0,11.0,0.0,66.5,0.0,65.1,182.0,80.13,1900.0,43.2172,43.0
14.0,74.0,2.0,11.0,0.0,103.85,0.0,71.0,429.0,102.07,1692.0,36.72874,31.0
9.0,68.0,3.0,10.0,0.0,94.64,1.0,66.0,331.0,106.09,837.0,59.21231,54.0
1.0,26.0,5.0,2.0,0.0,72.62,1.0,48.7,474.0,86.45,1704.0,60.81552,59.0
6.0,71.0,3.0,2.0,0.0,51.8,0.0,44.9,87.0,62.64,1889.0,51.33244,55.0
2.0,72.0,0.0,2.0,0.0,43.59,0.0,49.1,208.0,55.16,58.0,39.961838,49.0
30.0,11.0,5.0,1.0,0.0,50.26,0.0,32.0,127.0,59.95,915.0,35.819786,37.0
27.0,7.0,5.0,3.0,0.0,122.23,0.0,51.7,70.0,116.07,1303.0,34.517845,33.0
11.0,22.0,1.0,9.0,0.0,25.62,1.0,81.8,115.0,26.33,1812.0,48.697136,60.0
1.0,14.0,0.0,1.0,0.0,32.19,1.0,31.2,457.0,39.74,336.0,41.99896,40.0
16.0,68.0,1.0,2.0,0.0,55.1,0.0,41.1,163.0,51.75,336.0,19.257824,16.0
4.0,80.0,0.0,3.0,0.0,107.0,0.0,56.3,222.0,124.42,1253.0,43.85802,49.0
8.0,65.0,5.0,1.0,0.0,102.32,1.0,38.4,120.0,123.68,1124.0,65.568855,64.0
9.0,91.0,6.0,1.0,0.0,139.15,0.0,43.8,406.0,152.72,747.0,39.54674,36.0
30.0,39.0,0.0,2.0,0.0,95.68,0.0,39.8,328.0,111.3,1497.0,39.472694,40.0
24.0,94.0,3.0,9.0,0.0,67.44,0.0,82.1,479.0,67.76,1891.0,37.87094,35.0
23.0,49.0,5.0,4.0,0.0,81.14,1.0,59.1,19.0,71.75,288.0,49.562424,54.0
14.0,42.0,1.0,11.0,0.0,125.43,0.0,60.9,426.0,151.34,913.0,45.63609,45.0
22.0,24.0,0.0,7.0,0.0,62.22,1.0,97.5,478.0,62.26,1404.0,59.066303,52.0
5.0,90.0,1.0,2.0,0.0,42.05,1.0,41.8,163.0,51.61,1079.0,59.575363,62.0
30.0,88.0,3.0,3.0,0.0,52.63,1.0,46.6,144.0,62.72,1210.0,58.684723,66.0
2.0,88.0,1.0,3.0,0.0,97.95,1.0,59.7,149.0,109.32,1321.0,68.521324,65.0
27.0,78.0,4.0,10.0,0.0,87.69,0.0,80.2,204.0,103.99,1216.0,39.45892,45.0
17.0,34.0,5.0,2.0,0.0,106.89,0.0,49.1,81.0,133.98,1483.0,47.045822,43.0
13.0,36.0,3.0,7.0,0.0,84.14,0.0,91.6,367.0,80.41,885.0,33.851162,31.0
18.0,32.0,6.0,1.0,0.0,103.48,0.0,48.9,362.0,128.51,425.0,46.843132,45.0
21.0,3.0,5.0,5.0,0.0,27.6,0.0,85.1,17.0,24.32,1301.0,31.806902,33.0
8.0,25.0,4.0,10.0,0.0,5.9,1.0,66.3,280.0,6.43,125.0,61.53011,51.0
22.0,17.0,2.0,1.0,0.0,33.11,1.0,44.0,439.0,36.13,1998.0,61.467884,58.0
26.0,59.0,0.0,8.0,0.0,137.21,0.0,95.4,402.0,122.61,323.0,20.276562,15.0
12.0,22.0,6.0,1.0,0.0,109.54,1.0,44.9,359.0,116.53,1931.0,61.304447,54.0
7.0,99.0,1.0,4.0,0.0,108.28,0.0,74.4,149.0,109.62,1688.0,43.311703,39.0
24.0,38.0,5.0,3.0,0.0,8.19,0.0,56.8,484.0,9.01,887.0,36.029,37.0
18.0,60.0,6.0,1.0,0.0,44.13,1.0,51.5,357.0,38.33,115.0,49.959812,41.0
19.0,72.0,2.0,5.0,0.0,95.51,0.0,79.8,407.0,83.52,688.0,28.590502,39.0
23.0,41.0,6.0,6.0,0.0,147.2,1.0,92.7,175.0,169.08,345.0,62.383545,58.0
8.0,76.0,6.0,3.0,0.0,42.46,1.0,55.3,128.0,51.83,1333.0,63.355206,55.0
17.0,6.0,6.0,2.0,0.0,36.6,1.0,32.9,185.0,37.27,1019.0,54.645466,65.0
7.0,35.0,0.0,4.0,0.0,33.87,1.0,83.1,157.0,41.04,1777.0,65.288864,57.0
25.0,4.0,5.0,8.0,0.0,124.67,1.0,105.4,442.0,121.93,1230.0,52.990032,51.0
10.0,64.0,5.0,2.0,0.0,126.91,0.0,31.9,102.0,136.64,112.0,40.01492,41.0
14.0,14.0,6.0,11.0,0.0,85.57,1.0,59.1,334.0,80.93,1648.0,51.638683,55.0
22.0,20.0,4.0,7.0,0.0,50.27,0.0,86.3,379.0,42.23,708.0,34.003952,36.0
19.0,79.0,3.0,5.0,0.0,113.08,1.0,75.7,371.0,142.89,389.0,63.84655,66.0
11.0,77.0,4.0,8.0,0.0,115.99,1.0,88.1,408.0,113.99,853.0,55.209114,50.0
19.0,8.0,2.0,5.0,0.0,36.66,0.0,77.9,482.0,31.2,1254.0,36.90257,43.0
24.0,34.0,1.0,4.0,0.0,139.84,1.0,73.2,442.0,122.7,216.0,44.992386,41.0
10.0,84.0,4.0,3.0,0.0,74.13,0.0,54.7,211.0,89.11,116.0,38.875828,38.0
15.0,38.0,6.0,3.0,0.0,45.62,0.0,47.8,20.0,47.93,1608.0,37.64557,40.0
23.0,79.0,5.0,5.0,0.0,95.26,0.0,79.1,345.0,122.22,230.0,45.058807,42.0
3.0,15.0,6.0,8.0,0.0,146.64,0.0,109.0,295.0,161.2,164.0,46.31446,44.0
1.0,48.0,3.0,3.0,0.0,146.03,0.0,66.8,66.0,141.54,1414.0,29.03161,36.0
28.0,65.0,2.0,12.0,1.0,64.75,0.0,45.6,485.0,72.87,1240.0,61.5727,64.0
13.0,24.0,3.0,9.0,0.0,80.77,1.0,78.6,465.0,76.23,1731.0,49.75363,49.0
17.0,99.0,4.0,7.0,0.0,126.24,0.0,101.0,265.0,128.95,73.0,33.617844,32.0
16.0,55.0,1.0,2.0,0.0,135.14,0.0,51.3,474.0,159.23,852.0,33.006054,30.0
9.0,76.0,5.0,4.0,0.0,89.17,1.0,67.4,283.0,81.2,1407.0,46.576607,45.0
21.0,92.0,1.0,11.0,1.0,8.77,0.0,70.4,278.0,9.13,1265.0,61.0223,49.0
11.0,68.0,5.0,4.0,0.0,15.45,0.0,72.8,161.0,13.96,1396.0,34.484825,37.0
12.0,92.0,1.0,3.0,0.0,38.67,0.0,60.1,92.0,44.11,1453.0,40.71046,46.0
22.0,63.0,1.0,2.0,0.0,91.47,0.0,38.1,408.0,97.64,747.0,44.539547,52.0
14.0,95.0,3.0,11.0,1.0,53.92,1.0,56.6,199.0,49.72,759.0,82.51791,81.0
2.0,64.0,5.0,2.0,0.0,5.84,1.0,50.4,402.0,6.25,376.0,55.875637,57.0
28.0,12.0,4.0,3.0,0.0,95.18,1.0,46.9,199.0,96.04,1900.0,51.76758,61.0
14.0,19.0,2.0,6.0,0.0,95.98,0.0,103.3,486.0,83.71,1548.0,29.219158,26.0
2.0,68.0,4.0,5.0,0.0,7.19,0.0,81.6,304.0,6.87,1642.0,38.65164,41.0
5.0,62.0,2.0,9.0,0.0,141.29,0.0,87.5,219.0,123.66,1684.0,27.721775,28.0
27.0,73.0,1.0,12.0,0.0,14.97,1.0,46.4,380.0,13.18,852.0,53.969063,49.0
7.0,73.0,6.0,3.0,0.0,20.96,0.0,42.7,174.0,23.51,1817.0,40.055557,44.0
19.0,95.0,5.0,3.0,0.0,94.2,1.0,44.9,118.0,109.61,1094.0,64.377884,63.0
19.0,64.0,0.0,1.0,0.0,132.06,0.0,39.5,281.0,134.39,1258.0,34.832985,38.0
22.0,19.0,6.0,10.0,0.0,116.24,1.0,60.4,377.0,139.91,534.0,65.09859,60.0
12.0,27.0,3.0,9.0,0.0,91.25,1.0,80.9,12.0,77.57,353.0,51.25219,41.0
11.0,49.0,0.0,12.0,0.0,11.14,0.0,46.5,121.0,14.01,1995.0,40.32097,40.0
30.0,97.0,3.0,8.0,0.0,129.29,0.0,77.9,295.0,105.72,558.0,25.328133,24.0
10.0,64.0,1.0,9.0,0.0,93.72,0.0,77.8,434.0,79.96,1468.0,34.697403,31.0
1.0,7.0,0.0,4.0,0.0,35.86,1.0,81.0,440.0,30.59,266.0,40.88137,37.0
21.0,43.0,2.0,1.0,0.0,80.13,0.0,48.9,436.0,68.36,1210.0,26.388744,23.0
26.0,93.0,5.0,5.0,0.0,46.77,0.0,93.9,309.0,38.84,814.0,26.330143,24.0
14.0,95.0,6.0,4.0,0.0,148.41,1.0,83.6,425.0,137.76,253.0,47.87051,38.0
22.0,28.0,3.0,3.0,0.0,118.23,1.0,62.5,336.0,115.09,617.0,55.44003,57.0
13.0,9.0,0.0,1.0,0.0,33.59,0.0,40.5,91.0,35.96,194.0,33.22719,43.0
2.0,69.0,3.0,6.0,0.0,50.46,0.0,90.6,394.0,63.78,1524.0,47.721844,47.0
8.0,87.0,5.0,7.0,0.0,10.79,1.0,91.3,376.0,12.92,299.0,61.543762,66.0
13.0,14.0,5.0,1.0,0.0,90.8,1.0,50.5,120.0,99.18,130.0,58.594254,50.0
30.0,61.0,1.0,6.0,0.0,13.39,1.0,87.3,367.0,14.67,77.0,50.805634,52.0
23.0,91.0,0.0,10.0,0.0,143.83,0.0,86.9,80.0,185.21,657.0,50.591717,59.0
8.0,39.0,5.0,7.0,0.0,20.46,0.0,83.2,319.0,24.63,177.0,39.544533,41.0
9.0,46.0,6.0,9.0,0.0,94.9,1.0,88.1,411.0,88.57,1671.0,50.213547,39.0
6.0,95.0,6.0,6.0,0.0,85.07,1.0,79.7,493.0,87.84,776.0,61.078545,67.0
27.0,76.0,5.0,7.0,0.0,64.64,1.0,98.0,394.0,52.39,910.0,51.093693,46.0
11.0,24.0,0.0,10.0,0.0,115.16,1.0,56.4,445.0,94.26,777.0,46.156197,30.0
5.0,71.0,3.0,8.0,0.0,29.5,0.0,94.6,161.0,31.02,1012.0,35.708965,39.0
9.0,38.0,4.0,12.0,0.0,52.36,0.0,47.7,46.0,44.59,999.0,31.548067,38.0
5.0,86.0,1.0,1.0,0.0,115.57,0.0,41.6,237.0,133.45,1607.0,44.072056,41.0
11.0,72.0,2.0,4.0,0.0,91.41,0.0,67.8,446.0,76.12,896.0,24.322168,30.0
8.0,89.0,0.0,1.0,0.0,133.25,0.0,57.3,42.0,170.23,577.0,52.33679,57.0
19.0,33.0,6.0,5.0,0.0,79.37,0.0,92.3,112.0,77.32,1249.0,34.724087,33.0
2.0,38.0,2.0,2.0,0.0,39.63,0.0,53.2,417.0,44.35,1056.0,39.60941,38.0
26.0,32.0,5.0,1.0,0.0,54.49,0.0,30.0,196.0,49.56,1118.0,23.999424,32.0
30.0,29.0,5.0,8.0,0.0,93.7,0.0,99.1,462.0,116.34,331.0,43.39372,52.0
11.0,29.0,0.0,1.0,0.0,109.43,1.0,42.2,68.0,130.36,270.0,65.4309,63.0
23.0,61.0,1.0,6.0,0.0,141.26,0.0,75.4,216.0,116.16,590.0,22.807558,25.0
25.0,83.0,0.0,7.0,0.0,38.64,1.0,81.5,156.0,36.11,1055.0,46.83087,31.0
23.0,60.0,6.0,12.0,1.0,30.35,0.0,40.5,259.0,25.39,574.0,66.61189,64.0
28.0,37.0,1.0,2.0,0.0,115.12,0.0,37.6,490.0,147.51,339.0,47.140247,47.0
27.0,44.0,4.0,2.0,0.0,48.86,0.0,56.3,128.0,62.72,1483.0,38.546318,37.0
4.0,92.0,3.0,6.0,0.0,141.25,0.0,89.9,288.0,128.68,1259.0,27.165741,26.0
30.0,12.0,4.0,2.0,0.0,73.4,0.0,53.0,12.0,75.46,534.0,32.036385,31.0
10.0,74.0,2.0,8.0,0.0,112.52,1.0,101.5,444.0,125.4,304.0,61.22421,52.0
1.0,66.0,4.0,12.0,1.0,17.55,0.0,45.1,402.0,21.44,1761.0,58.356598,64.0
18.0,39.0,0.0,3.0,0.0,31.06,1.0,57.0,288.0,27.4,1240.0,55.94454,55.0
3.0,97.0,0.0,1.0,0.0,66.18,1.0,55.4,446.0,74.39,896.0,66.87869,75.0
4.0,84.0,1.0,5.0,0.0,121.18,1.0,82.6,277.0,110.03,1591.0,53.643272,50.0
29.0,53.0,1.0,8.0,0.0,126.71,0.0,74.1,349.0,103.61,271.0,30.270212,30.0
27.0,68.0,0.0,7.0,0.0,61.9,1.0,98.1,496.0,53.93,442.0,50.54545,50.0
23.0,3.0,2.0,1.0,0.0,22.56,1.0,47.8,359.0,24.65,1248.0,56.953083,56.0
6.0,28.0,3.0,11.0,0.0,125.2,0.0,55.3,37.0,106.8,1417.0,32.347713,34.0
20.0,30.0,4.0,1.0,0.0,137.02,1.0,62.3,485.0,143.79,721.0,49.435722,45.0
14.0,22.0,2.0,7.0,0.0,47.56,1.0,98.1,84.0,51.0,1309.0,50.72939,61.0
26.0,92.0,1.0,8.0,0.0,73.64,0.0,98.6,261.0,66.9,1885.0,27.916052,24.0
20.0,83.0,5.0,5.0,0.0,39.89,0.0,96.7,492.0,35.11,1945.0,26.219574,22.0
23.0,73.0,2.0,1.0,0.0,121.76,0.0,50.7,478.0,138.48,190.0,41.54409,44.0
5.0,26.0,5.0,6.0,0.0,134.71,0.0,95.8,451.0,158.78,1785.0,56.610344,59.0
13.0,60.0,2.0,10.0,0.0,27.01,1.0,70.6,457.0,28.0,1678.0,55.636253,58.0
10.0,74.0,6.0,1.0,0.0,19.64,0.0,47.2,74.0,24.35,136.0,34.137962,31.0
24.0,18.0,0.0,2.0,0.0,40.58,0.0,61.8,487.0,38.18,436.0,30.399496,31.0
2.0,20.0,0.0,4.0,0.0,94.49,1.0,72.4,468.0,84.72,437.0,51.146854,42.0
18.0,16.0,1.0,7.0,1.0,64.01,0.0,103.8,310.0,82.88,793.0,69.23718,74.0
26.0,84.0,6.0,3.0,0.0,102.87,0.0,68.5,347.0,91.37,1006.0,23.484388,14.0
30.0,4.0,3.0,4.0,0.0,112.49,0.0,71.4,105.0,105.91,402.0,30.60757,23.0
14.0,24.0,5.0,6.0,0.0,71.16,0.0,97.5,361.0,81.59,898.0,35.905453,37.0
29.0,92.0,1.0,1.0,0.0,135.2,0.0,55.1,452.0,122.82,1990.0,38.619087,35.0
16.0,40.0,6.0,2.0,0.0,62.87,1.0,33.4,199.0,55.65,853.0,39.03882,45.0
25.0,15.0,3.0,6.0,0.0,106.71,0.0,78.8,219.0,123.3,1188.0,36.2073,40.0
28.0,97.0,2.0,10.0,0.0,142.74,1.0,74.5,270.0,160.17,1368.0,59.270874,69.0
20.0,74.0,3.0,12.0,1.0,39.15,0.0,38.4,81.0,39.41,305.0,58.99416,63.0
26.0,14.0,0.0,7.0,1.0,12.67,1.0,107.7,300.0,10.58,1785.0,80.80967,76.0
3.0,33.0,0.0,6.0,0.0,42.42,1.0,101.1,130.0,37.55,896.0,56.198692,70.0
11.0,97.0,5.0,3.0,0.0,123.91,1.0,37.8,468.0,130.31,1368.0,58.802284,55.0
9.0,32.0,2.0,2.0,0.0,6.96,0.0,33.4,406.0,8.77,1973.0,36.613613,33.0
29.0,35.0,6.0,4.0,0.0,115.67,1.0,72.1,326.0,109.8,721.0,55.192116,51.0
9.0,48.0,2.0,4.0,0.0,129.99,1.0,71.1,445.0,157.78,1429.0,68.570145,70.0
28.0,8.0,1.0,6.0,0.0,7.66,0.0,92.7,176.0,7.78,443.0,33.810326,35.0
29.0,39.0,3.0,10.0,0.0,113.51,1.0,62.3,388.0,134.74,926.0,66.12209,74.0
27.0,80.0,3.0,6.0,0.0,72.83,1.0,97.7,304.0,85.63,862.0,59.53067,52.0
30.0,93.0,0.0,9.0,0.0,76.34,0.0,80.8,55.0,77.21,705.0,35.837,32.0
8.0,16.0,5.0,2.0,0.0,125.75,1.0,40.1,12.0,142.82,1311.0,63.308456,59.0
14.0,11.0,5.0,6.0,0.0,105.61,0.0,84.0,241.0,90.16,1558.0,25.17688,22.0
10.0,4.0,4.0,1.0,0.0,18.7,0.0,44.2,142.0,23.85,1290.0,42.26428,44.0
5.0,1.0,2.0,4.0,0.0,11.74,0.0,93.0,212.0,11.83,1609.0,36.0909,35.0
10.0,55.0,4.0,1.0,0.0,113.07,0.0,54.4,342.0,113.71,1899.0,41.817772,37.0
18.0,24.0,3.0,12.0,0.0,50.95,0.0,58.8,303.0,50.52,758.0,34.621475,31.0
10.0,47.0,1.0,7.0,0.0,91.72,0.0,99.1,385.0,104.62,853.0,44.851112,53.0
28.0,53.0,3.0,5.0,0.0,34.38,0.0,88.8,185.0,33.67,754.0,32.895123,36.0
28.0,17.0,2.0,12.0,0.0,21.84,0.0,55.1,146.0,19.84,879.0,31.873693,32.0
14.0,19.0,0.0,4.0,0.0,5.03,1.0,86.2,42.0,4.81,1260.0,53.015144,54.0
15.0,75.0,6.0,11.0,0.0,10.05,0.0,64.7,185.0,8.19,999.0,37.389072,39.0
17.0,4.0,3.0,5.0,0.0,103.28,0.0,80.9,324.0,124.98,252.0,42.23594,42.0
4.0,13.0,0.0,11.0,1.0,135.57,1.0,63.0,494.0,129.6,1487.0,67.48049,69.0
17.0,6.0,2.0,11.0,1.0,41.79,1.0,53.7,77.0,52.9,1036.0,89.70642,86.0
16.0,58.0,5.0,4.0,0.0,81.6,0.0,75.2,270.0,95.94,1560.0,39.15856,43.0
22.0,64.0,0.0,1.0,0.0,13.47,1.0,46.1,459.0,15.46,889.0,64.23274,70.0
2.0,58.0,3.0,4.0,0.0,34.31,1.0,58.5,186.0,29.13,843.0,61.801006,61.0
28.0,80.0,1.0,12.0,0.0,148.83,0.0,60.4,415.0,146.88,208.0,39.045372,34.0
7.0,73.0,4.0,4.0,0.0,37.51,0.0,67.5,33.0,33.17,1790.0,40.060364,36.0
30.0,2.0,5.0,1.0,0.0,50.86,1.0,40.1,252.0,42.37,82.0,45.492973,32.0
16.0,34.0,0.0,12.0,0.0,67.26,1.0,35.7,356.0,54.86,767.0,42.177353,39.0
4.0,25.0,6.0,1.0,0.0,74.14,1.0,52.1,178.0,67.76,379.0,53.39755,48.0
16.0,13.0,5.0,1.0,0.0,77.4,0.0,55.8,199.0,65.02,1877.0,19.953138,19.0
25.0,66.0,5.0,11.0,1.0,44.08,1.0,57.7,218.0,37.89,1248.0,74.950775,75.0
28.0,4.0,2.0,10.0,0.0,98.84,1.0,80.9,209.0,126.01,900.0,67.21141,67.0
3.0,43.0,5.0,3.0,0.0,6.32,0.0,56.8,181.0,7.1,955.0,38.731274,41.0
24.0,80.0,3.0,8.0,0.0,138.49,1.0,108.1,204.0,179.79,1296.0,74.40755,80.0
16.0,100.0,3.0,8.0,0.0,47.75,1.0,92.1,399.0,41.71,1795.0,45.110626,55.0
9.0,76.0,3.0,6.0,0.0,10.52,0.0,84.4,185.0,11.6,1906.0,36.767353,32.0
30.0,51.0,5.0,10.0,0.0,62.27,0.0,66.0,395.0,67.79,467.0,31.048998,33.0
11.0,66.0,3.0,6.0,0.0,104.2,1.0,90.4,342.0,90.31,1589.0,44.50729,42.0
28.0,83.0,4.0,12.0,0.0,82.4,0.0,56.7,82.0,97.23,1031.0,39.08864,38.0
20.0,74.0,4.0,3.0,0.0,94.18,1.0,66.4,236.0,104.71,494.0,51.240227,46.0
14.0,36.0,5.0,1.0,0.0,32.88,0.0,40.6,142.0,30.58,1789.0,34.72506,34.0
10.0,44.0,4.0,9.0,0.0,57.96,0.0,87.4,286.0,47.92,1347.0,30.966103,29.0
6.0,92.0,5.0,9.0,0.0,37.33,1.0,91.5,492.0,46.22,495.0,63.47335,60.0
10.0,23.0,2.0,3.0,0.0,17.27,1.0,42.6,441.0,18.54,1348.0,56.514324,49.0
25.0,14.0,0.0,2.0,0.0,30.52,0.0,45.0,326.0,33.01,349.0,26.686693,27.0
11.0,4.0,0.0,3.0,0.0,98.97,1.0,52.4,252.0,127.08,1277.0,64.28717,71.0
26.0,76.0,1.0,1.0,0.0,126.66,1.0,34.6,51.0,143.26,1867.0,56.17796,59.0
10.0,5.0,3.0,6.0,0.0,116.68,1.0,97.1,141.0,144.09,1452.0,69.24362,71.0
25.0,59.0,1.0,5.0,0.0,83.63,0.0,73.5,105.0,69.46,433.0,22.054276,24.0
12.0,14.0,1.0,4.0,0.0,81.65,1.0,72.4,184.0,102.06,908.0,65.88542,76.0
27.0,46.0,4.0,4.0,0.0,98.18,0.0,80.9,137.0,120.21,356.0,39.52546,43.0
25.0,8.0,2.0,5.0,0.0,81.58,0.0,77.6,313.0,100.48,243.0,38.762848,42.0
1.0,83.0,6.0,8.0,0.0,85.57,1.0,93.7,284.0,88.03,1012.0,47.71678,54.0
28.0,22.0,6.0,5.0,0.0,59.46,1.0,91.9,39.0,53.15,616.0,48.555298,39.0
17.0,23.0,2.0,12.0,1.0,72.31,0.0,55.0,187.0,89.27,1729.0,68.95499,61.0
9.0,98.0,5.0,1.0,0.0,147.52,1.0,54.0,109.0,145.3,1008.0,57.579643,55.0
28.0,22.0,2.0,3.0,0.0,112.31,0.0,46.9,71.0,122.98,1515.0,36.621483,38.0
16.0,32.0,3.0,10.0,0.0,17.24,0.0,73.6,117.0,18.28,1897.0,26.429329,25.0
19.0,49.0,6.0,12.0,0.0,80.47,1.0,39.4,56.0,92.85,719.0,60.453293,70.0
11.0,43.0,1.0,12.0,0.0,41.96,0.0,47.8,414.0,38.37,1401.0,32.113556,24.0
14.0,66.0,3.0,7.0,0.0,62.67,1.0,81.3,384.0,69.51,52.0,53.612404,57.0
1.0,58.0,4.0,1.0,0.0,101.84,0.0,40.8,185.0,107.92,691.0,34.690765,39.0
18.0,74.0,1.0,12.0,1.0,55.52,0.0,40.9,247.0,63.93,1496.0,67.46331,63.0
4.0,17.0,2.0,5.0,0.0,50.9,1.0,80.6,53.0,61.8,466.0,55.56307,61.0
24.0,74.0,2.0,11.0,1.0,132.11,0.0,56.7,342.0,147.1,1744.0,74.4386,66.0
15.0,54.0,5.0,2.0,0.0,75.18,1.0,54.1,496.0,91.23,583.0,63.62426,54.0
13.0,40.0,0.0,5.0,0.0,59.65,1.0,78.9,45.0,59.31,772.0,53.307747,61.0
10.0,85.0,3.0,11.0,0.0,85.74,1.0,62.1,287.0,72.96,505.0,54.84838,53.0
25.0,13.0,5.0,3.0,0.0,36.14,1.0,62.8,451.0,46.59,1347.0,49.41394,45.0
15.0,36.0,0.0,3.0,0.0,54.41,0.0,52.7,303.0,50.55,508.0,32.053646,30.0
6.0,56.0,6.0,6.0,0.0,147.92,1.0,98.1,183.0,119.35,1387.0,53.208836,45.0
13.0,87.0,1.0,9.0,0.0,73.88,1.0,87.9,310.0,62.07,511.0,46.05944,37.0
3.0,69.0,5.0,8.0,0.0,82.0,0.0,89.4,221.0,70.14,1546.0,37.57394,40.0
24.0,9.0,6.0,3.0,0.0,117.05,1.0,61.3,236.0,130.42,318.0,55.43111,55.0
16.0,15.0,5.0,8.0,0.0,143.81,1.0,92.1,411.0,143.53,1751.0,49.41228,48.0
9.0,83.0,3.0,4.0,0.0,115.35,1.0,83.4,62.0,144.3,531.0,60.849056,72.0
13.0,16.0,5.0,1.0,0.0,45.99,1.0,37.1,282.0,49.9,493.0,52.3424,50.0
18.0,91.0,1.0,1.0,0.0,26.09,1.0,52.9,451.0,28.22,955.0,56.130592,61.0
16.0,6.0,1.0,4.0,0.0,99.1,0.0,65.6,491.0,84.47,1262.0,23.506521,13.0
23.0,59.0,5.0,1.0,0.0,11.01,1.0,44.1,402.0,11.71,1065.0,57.574684,61.0
2.0,19.0,3.0,8.0,0.0,69.08,0.0,87.7,24.0,72.78,1904.0,37.55941,39.0
14.0,59.0,3.0,1.0,0.0,95.16,1.0,28.3,336.0,99.74,438.0,57.73292,64.0
23.0,42.0,6.0,5.0,0.0,67.33,1.0,67.8,113.0,80.34,1165.0,60.877277,69.0
13.0,43.0,5.0,9.0,0.0,118.91,1.0,87.1,218.0,127.09,1594.0,54.264076,62.0
22.0,39.0,0.0,8.0,0.0,75.59,1.0,77.8,123.0,69.54,665.0,62.213238,69.0
9.0,62.0,5.0,10.0,0.0,94.31,1.0,72.7,425.0,111.26,803.0,61.8908,68.0
1.0,65.0,1.0,8.0,0.0,90.62,0.0,85.1,238.0,96.56,1398.0,33.23635,27.0
16.0,1.0,3.0,3.0,0.0,93.61,0.0,66.0,302.0,91.56,1831.0,25.66693,25.0
16.0,98.0,2.0,6.0,0.0,120.9,0.0,79.0,16.0,137.9,371.0,35.052116,29.0
26.0,18.0,6.0,1.0,0.0,46.44,0.0,42.4,75.0,47.24,1680.0,28.800486,25.0
20.0,98.0,6.0,1.0,0.0,146.29,0.0,57.9,398.0,117.52,1693.0,22.646873,16.0
1.0,47.0,0.0,2.0,0.0,145.68,1.0,49.7,499.0,181.53,357.0,66.991585,52.0
27.0,1.0,0.0,5.0,0.0,146.47,1.0,84.9,466.0,175.27,1888.0,71.84495,73.0
29.0,47.0,0.0,2.0,0.0,33.41,0.0,53.0,438.0,35.67,370.0,43.07488,45.0
6.0,56.0,6.0,12.0,1.0,51.41,1.0,40.6,475.0,66.34,1778.0,80.911835,99.0
20.0,51.0,1.0,12.0,1.0,29.16,1.0,52.1,302.0,31.21,1773.0,88.054214,82.0
11.0,14.0,3.0,2.0,0.0,19.02,0.0,52.0,327.0,19.09,1710.0,33.825233,35.0
10.0,7.0,6.0,11.0,0.0,133.42,0.0,44.5,233.0,160.08,1604.0,51.710976,55.0
10.0,32.0,4.0,3.0,0.0,123.54,1.0,49.7,39.0,112.84,1410.0,55.108135,61.0
4.0,87.0,5.0,5.0,0.0,31.33,0.0,100.0,448.0,34.48,592.0,34.905888,29.0
25.0,38.0,4.0,11.0,1.0,74.24,0.0,58.1,274.0,72.75,1198.0,58.791786,59.0
27.0,87.0,6.0,4.0,0.0,19.84,1.0,65.2,168.0,21.84,638.0,54.716526,45.0
30.0,89.0,6.0,8.0,0.0,71.74,0.0,91.9,396.0,62.42,949.0,30.980919,26.0
25.0,71.0,3.0,3.0,0.0,30.33,0.0,49.0,462.0,36.37,1681.0,34.826263,32.0
2.0,11.0,2.0,11.0,1.0,13.52,1.0,70.7,121.0,16.12,569.0,78.663925,91.0
22.0,66.0,5.0,4.0,0.0,136.79,0.0,58.3,284.0,143.77,1356.0,43.137688,49.0
23.0,77.0,1.0,7.0,0.0,52.08,1.0,98.9,317.0,43.61,1478.0,55.36026,56.0
6.0,25.0,1.0,6.0,0.0,142.55,0.0,101.4,406.0,143.85,825.0,43.28491,46.0
27.0,82.0,5.0,4.0,0.0,19.56,0.0,68.5,80.0,19.55,1298.0,37.59419,38.0
18.0,21.0,3.0,3.0,0.0,79.03,1.0,61.6,10.0,76.73,1923.0,54.053276,59.0
14.0,33.0,2.0,2.0,0.0,119.69,1.0,45.7,289.0,136.05,444.0,57.8834,67.0
23.0,73.0,5.0,4.0,0.0,117.82,0.0,86.3,247.0,114.17,943.0,32.47279,24.0
4.0,2.0,5.0,2.0,0.0,6.44,0.0,39.5,53.0,6.23,1498.0,30.306658,31.0
24.0,60.0,6.0,5.0,0.0,138.27,0.0,87.4,333.0,163.35,1142.0,46.128784,42.0
26.0,100.0,5.0,4.0,0.0,135.45,0.0,67.9,53.0,130.38,438.0,28.144157,23.0
19.0,64.0,2.0,1.0,0.0,144.95,1.0,39.4,379.0,185.49,1734.0,80.88823,90.0
19.0,9.0,6.0,10.0,0.0,129.68,0.0,58.8,229.0,160.41,220.0,45.270702,48.0
18.0,66.0,5.0,11.0,0.0,148.1,1.0,45.8,457.0,175.96,909.0,76.99709,67.0
8.0,17.0,6.0,11.0,0.0,57.65,0.0,52.8,74.0,73.96,1311.0,44.483063,45.0
13.0,24.0,4.0,3.0,0.0,14.64,0.0,56.5,326.0,18.28,1844.0,32.98232,35.0
13.0,40.0,3.0,6.0,0.0,75.9,0.0,94.8,174.0,95.84,995.0,42.109936,45.0
19.0,70.0,4.0,2.0,0.0,27.96,1.0,49.8,256.0,25.43,373.0,48.702198,55.0
3.0,49.0,0.0,5.0,0.0,89.39,0.0,96.4,145.0,102.9,58.0,45.330696,54.0
12.0,48.0,5.0,4.0,0.0,145.12,1.0,65.0,199.0,120.94,1038.0,44.267735,49.0
20.0,12.0,4.0,11.0,0.0,81.87,0.0,49.5,393.0,69.03,1406.0,26.005514,18.0
6.0,44.0,4.0,4.0,0.0,115.29,0.0,66.0,398.0,103.46,331.0,39.63628,29.0
12.0,25.0,3.0,6.0,0.0,121.17,0.0,89.0,279.0,151.18,1677.0,55.447807,56.0
27.0,54.0,3.0,11.0,0.0,93.32,0.0,60.6,130.0,117.71,1365.0,45.673126,45.0
19.0,40.0,0.0,3.0,0.0,145.74,0.0,51.0,12.0,128.46,1154.0,28.177217,32.0
29.0,12.0,5.0,3.0,0.0,120.06,1.0,55.6,227.0,126.42,1773.0,58.586098,75.0
4.0,10.0,6.0,1.0,0.0,95.57,0.0,39.0,349.0,101.6,1192.0,35.830032,41.0
16.0,15.0,0.0,1.0,0.0,11.29,1.0,47.3,127.0,11.58,1300.0,43.841187,46.0
1.0,13.0,0.0,8.0,0.0,43.13,0.0,96.7,443.0,50.19,1860.0,30.983782,33.0
24.0,57.0,0.0,2.0,0.0,66.84,0.0,50.3,316.0,63.28,1725.0,34.684067,37.0
6.0,78.0,5.0,7.0,0.0,141.77,0.0,99.1,97.0,128.49,878.0,36.331154,37.0
27.0,39.0,6.0,1.0,0.0,16.03,1.0,33.4,495.0,19.21,1187.0,59.473293,68.0
30.0,5.0,1.0,7.0,1.0,10.54,1.0,89.3,385.0,9.6,549.0,79.27871,91.0
9.0,26.0,5.0,2.0,0.0,77.39,1.0,53.6,190.0,78.74,1069.0,56.73116,75.0
5.0,60.0,5.0,4.0,0.0,25.15,0.0,67.9,42.0,30.62,1328.0,38.562912,33.0
12.0,62.0,0.0,1.0,0.0,75.66,1.0,47.0,143.0,80.59,883.0,59.621994,53.0
13.0,20.0,6.0,10.0,0.0,127.88,1.0,72.4,20.0,165.66,1426.0,71.69576,67.0
28.0,91.0,3.0,7.0,0.0,8.01,0.0,93.7,383.0,7.67,1241.0,32.18899,33.0
5.0,87.0,3.0,3.0,0.0,10.69,1.0,56.7,476.0,11.51,1742.0,63.37268,56.0
1.0,14.0,0.0,4.0,0.0,6.08,1.0,78.2,56.0,7.29,650.0,39.726215,60.0
20.0,9.0,2.0,5.0,0.0,120.97,0.0,79.8,358.0,116.93,746.0,24.773241,24.0
25.0,68.0,6.0,11.0,0.0,128.74,1.0,43.3,30.0,159.14,1609.0,61.91831,56.0
20.0,50.0,0.0,3.0,0.0,26.47,1.0,67.5,25.0,27.58,757.0,47.242397,58.0
4.0,30.0,4.0,3.0,0.0,26.64,1.0,65.7,230.0,34.44,588.0,54.939163,59.0
1.0,22.0,4.0,2.0,0.0,123.13,1.0,46.7,444.0,128.53,371.0,48.939175,38.0
11.0,98.0,1.0,1.0,0.0,123.69,0.0,43.2,345.0,123.4,879.0,33.164124,37.0
29.0,91.0,2.0,5.0,0.0,65.03,0.0,80.1,255.0,64.09,1121.0,42.555122,45.0
17.0,98.0,1.0,2.0,0.0,109.12,1.0,46.9,112.0,111.89,1737.0,57.92652,57.0
2.0,26.0,3.0,2.0,0.0,78.48,0.0,56.2,140.0,74.94,969.0,39.701195,48.0
9.0,99.0,5.0,8.0,0.0,24.4,0.0,98.0,81.0,25.23,238.0,30.270672,30.0
1.0,9.0,4.0,3.0,0.0,5.62,1.0,58.7,68.0,6.67,548.0,45.07886,45.0
29.0,36.0,6.0,4.0,0.0,42.22,0.0,68.3,340.0,38.22,676.0,40.88924,44.0
22.0,26.0,2.0,8.0,0.0,24.16,0.0,86.2,346.0,28.2,1654.0,52.918022,55.0
1.0,86.0,0.0,8.0,0.0,130.18,0.0,81.4,240.0,138.48,1888.0,36.42906,33.0
14.0,47.0,5.0,1.0,0.0,26.09,1.0,59.9,448.0,23.76,1040.0,56.488625,56.0
12.0,77.0,6.0,3.0,0.0,44.92,0.0,64.6,224.0,41.57,1730.0,41.25683,46.0
2.0,84.0,1.0,1.0,0.0,77.76,0.0,51.8,468.0,100.24,1857.0,50.159336,50.0
14.0,75.0,4.0,11.0,1.0,15.47,0.0,48.9,267.0,19.28,387.0,64.19637,65.0
30.0,9.0,1.0,5.0,0.0,135.65,1.0,96.3,449.0,159.22,670.0,62.359875,57.0
22.0,1.0,0.0,8.0,0.0,46.39,1.0,92.8,438.0,52.3,887.0,58.885433,56.0
21.0,60.0,6.0,6.0,0.0,11.19,0.0,90.2,140.0,14.07,722.0,29.68128,27.0
20.0,63.0,0.0,6.0,0.0,6.19,1.0,91.8,236.0,7.12,1505.0,53.495823,49.0
11.0,26.0,2.0,8.0,0.0,30.29,1.0,93.0,374.0,28.93,978.0,57.27755,54.0
25.0,41.0,3.0,10.0,0.0,62.93,1.0,66.5,425.0,65.45,385.0,45.660923,46.0
27.0,67.0,3.0,6.0,0.0,83.79,0.0,89.4,373.0,85.64,1870.0,37.502495,39.0
28.0,63.0,2.0,3.0,0.0,21.55,0.0,56.2,281.0,17.85,1903.0,37.864967,33.0
27.0,50.0,1.0,2.0,0.0,140.02,0.0,45.5,152.0,161.45,535.0,41.851936,40.0
16.0,28.0,6.0,6.0,0.0,63.14,1.0,88.3,207.0,76.88,757.0,49.784016,45.0
22.0,27.0,1.0,12.0,1.0,125.59,1.0,46.8,368.0,104.08,520.0,70.873344,78.0
17.0,64.0,6.0,6.0,0.0,57.6,1.0,92.4,282.0,72.4,1947.0,67.48985,58.0
1.0,2.0,2.0,6.0,0.0,21.12,1.0,104.5,28.0,25.15,885.0,46.29056,38.0
2.0,88.0,5.0,8.0,0.0,38.48,0.0,105.7,269.0,37.84,101.0,37.356575,43.0
23.0,37.0,3.0,5.0,0.0,147.83,0.0,78.7,363.0,150.47,865.0,37.41468,38.0
26.0,77.0,6.0,1.0,0.0,136.63,0.0,55.5,286.0,132.46,268.0,26.996765,25.0
12.0,34.0,0.0,1.0,0.0,31.78,0.0,46.8,256.0,26.78,1669.0,35.63663,34.0
24.0,29.0,4.0,2.0,0.0,88.77,0.0,46.5,366.0,104.84,1069.0,40.23716,48.0
15.0,35.0,0.0,10.0,0.0,100.08,1.0,78.2,47.0,104.84,693.0,52.621502,62.0
11.0,47.0,2.0,2.0,0.0,134.68,1.0,42.7,45.0,153.13,125.0,59.79493,51.0
11.0,62.0,6.0,4.0,0.0,109.64,0.0,75.1,108.0,100.38,618.0,22.743513,24.0
22.0,72.0,5.0,1.0,0.0,116.96,0.0,46.3,41.0,145.04,1460.0,54.056557,65.0
1.0,49.0,1.0,3.0,0.0,91.57,1.0,50.5,327.0,114.99,1233.0,64.276855,77.0
5.0,50.0,2.0,3.0,0.0,74.23,0.0,57.5,46.0,62.62,1534.0,30.231913,31.0
1.0,62.0,2.0,7.0,0.0,61.32,1.0,88.8,338.0,61.05,1188.0,51.055996,53.0
20.0,17.0,0.0,12.0,0.0,56.11,0.0,39.9,95.0,58.95,1256.0,26.543053,24.0
28.0,81.0,2.0,12.0,0.0,87.61,0.0,45.9,274.0,102.51,198.0,40.759014,44.0
21.0,52.0,3.0,12.0,1.0,87.59,1.0,56.1,442.0,81.37,528.0,78.87533,85.0
5.0,85.0,2.0,11.0,1.0,32.38,0.0,60.9,273.0,38.43,135.0,61.56788,55.0
25.0,22.0,0.0,3.0,0.0,101.53,0.0,48.4,416.0,92.01,1347.0,23.818632,19.0
7.0,91.0,6.0,11.0,0.0,46.64,0.0,66.8,192.0,55.03,275.0,43.821213,46.0
12.0,70.0,1.0,4.0,0.0,68.32,1.0,69.9,165.0,55.12,1197.0,47.68076,51.0
23.0,26.0,2.0,3.0,0.0,59.97,1.0,60.3,416.0,50.26,791.0,59.929955,66.0
18.0,28.0,2.0,3.0,0.0,42.78,0.0,61.1,302.0,36.8,1254.0,36.688255,37.0
15.0,93.0,5.0,8.0,0.0,138.38,0.0,97.5,427.0,150.54,509.0,39.336132,40.0
19.0,61.0,3.0,1.0,0.0,29.26,1.0,50.1,252.0,36.58,1728.0,61.70136,60.0
17.0,27.0,2.0,2.0,0.0,64.05,0.0,48.1,96.0,69.22,479.0,34.710983,39.0
24.0,51.0,0.0,3.0,0.0,136.75,1.0,55.8,329.0,141.97,324.0,50.796654,52.0
18.0,11.0,0.0,11.0,1.0,9.76,1.0,60.1,154.0,9.68,157.0,80.193405,83.0
18.0,81.0,2.0,9.0,0.0,50.5,0.0,66.4,76.0,58.89,1676.0,46.759674,51.0
20.0,60.0,4.0,2.0,0.0,85.84,1.0,25.7,230.0,75.75,1991.0,46.726475,37.0
3.0,80.0,2.0,5.0,0.0,46.79,0.0,81.1,223.0,48.43,1106.0,43.37928,42.0
9.0,89.0,6.0,10.0,0.0,67.42,0.0,73.3,97.0,86.13,395.0,39.85112,45.0
15.0,80.0,3.0,6.0,0.0,112.49,1.0,97.6,268.0,125.55,1169.0,60.57721,70.0
12.0,25.0,3.0,2.0,0.0,145.26,0.0,40.6,41.0,180.68,488.0,53.907825,57.0
3.0,38.0,1.0,6.0,0.0,60.27,1.0,103.4,276.0,66.97,1411.0,62.326244,54.0
4.0,36.0,2.0,6.0,0.0,19.87,1.0,97.1,93.0,22.45,99.0,49.595512,55.0
27.0,46.0,0.0,8.0,0.0,90.06,0.0,102.1,380.0,112.86,913.0,43.00445,39.0
24.0,40.0,0.0,3.0,0.0,93.63,1.0,42.2,309.0,77.03,764.0,45.812275,42.0
22.0,12.0,1.0,11.0,1.0,34.89,1.0,60.7,369.0,43.61,1798.0,90.3771,87.0
11.0,62.0,1.0,12.0,0.0,95.45,1.0,49.8,346.0,96.21,1308.0,53.388233,63.0
21.0,44.0,0.0,7.0,0.0,111.62,1.0,95.5,256.0,112.74,600.0,54.09294,46.0
22.0,33.0,6.0,1.0,0.0,104.55,0.0,55.2,280.0,84.24,657.0,30.624557,31.0
8.0,8.0,3.0,10.0,0.0,139.47,0.0,79.1,334.0,164.8,507.0,45.88566,59.0
23.0,94.0,4.0,9.0,0.0,126.16,0.0,79.4,363.0,108.99,613.0,28.184973,30.0
24.0,38.0,0.0,12.0,1.0,32.87,0.0,66.9,438.0,42.73,243.0,59.915936,58.0
20.0,42.0,3.0,2.0,0.0,102.84,1.0,56.7,467.0,101.52,180.0,44.020348,38.0
10.0,70.0,3.0,1.0,0.0,18.49,0.0,50.6,290.0,17.98,263.0,31.126984,31.0
26.0,26.0,5.0,1.0,0.0,77.62,1.0,46.2,102.0,97.62,1521.0,56.733078,62.0
5.0,43.0,2.0,1.0,0.0,110.95,1.0,52.3,158.0,139.64,127.0,66.23552,55.0
27.0,80.0,5.0,4.0,0.0,109.36,1.0,74.0,490.0,93.44,1297.0,52.80108,48.0
28.0,91.0,1.0,5.0,0.0,72.62,0.0,73.8,284.0,72.74,754.0,33.823334,36.0
8.0,2.0,3.0,7.0,0.0,76.68,1.0,96.1,52.0,91.98,375.0,56.38546,59.0
24.0,72.0,0.0,9.0,0.0,70.84,0.0,94.6,268.0,63.99,776.0,32.47955,33.0
3.0,17.0,1.0,1.0,0.0,63.91,1.0,47.0,85.0,76.04,1208.0,64.402794,54.0
27.0,77.0,3.0,10.0,0.0,26.7,1.0,69.9,235.0,34.06,1890.0,59.806076,71.0
10.0,27.0,1.0,2.0,0.0,104.13,0.0,44.0,205.0,99.83,866.0,31.675062,37.0
10.0,41.0,4.0,1.0,0.0,62.89,1.0,40.8,346.0,73.62,1244.0,57.10345,60.0
7.0,19.0,0.0,9.0,0.0,145.67,1.0,77.7,308.0,154.1,1852.0,59.503983,58.0
10.0,42.0,3.0,7.0,0.0,30.14,0.0,84.8,356.0,24.51,85.0,34.23715,25.0
28.0,85.0,6.0,1.0,0.0,122.63,0.0,34.1,110.0,125.35,512.0,29.380136,29.0
25.0,64.0,4.0,12.0,1.0,20.49,0.0,55.1,393.0,20.89,1637.0,54.99887,62.0
13.0,91.0,6.0,3.0,0.0,93.75,1.0,63.7,499.0,120.37,1815.0,69.79511,69.0
15.0,48.0,1.0,10.0,0.0,80.52,0.0,74.1,430.0,88.11,1718.0,45.718506,43.0
14.0,95.0,1.0,10.0,0.0,29.4,1.0,75.2,71.0,30.86,1823.0,55.99916,46.0
30.0,62.0,2.0,3.0,0.0,101.3,0.0,61.2,471.0,130.53,1437.0,45.007954,43.0
16.0,26.0,6.0,9.0,0.0,10.44,0.0,80.0,219.0,12.5,1589.0,34.21388,32.0
2.0,55.0,1.0,4.0,0.0,143.88,0.0,64.4,463.0,172.3,1936.0,51.557777,53.0
10.0,76.0,0.0,2.0,0.0,99.59,1.0,42.3,250.0,109.25,1067.0,64.549545,55.0
4.0,52.0,1.0,6.0,0.0,58.49,1.0,107.0,260.0,62.82,731.0,52.80485,54.0
3.0,10.0,6.0,5.0,0.0,118.02,0.0,75.0,484.0,107.49,1021.0,36.100178,36.0
3.0,17.0,2.0,10.0,0.0,126.41,0.0,66.3,290.0,112.9,1337.0,31.746956,35.0
20.0,82.0,5.0,3.0,0.0,103.93,0.0,70.1,13.0,116.73,1026.0,35.78305,35.0
5.0,45.0,6.0,3.0,0.0,28.53,1.0,58.3,491.0,34.77,1507.0,64.65331,63.0
4.0,79.0,5.0,2.0,0.0,68.99,0.0,49.0,445.0,70.43,73.0,31.313993,27.0
3.0,62.0,5.0,10.0,0.0,104.86,1.0,67.9,240.0,110.46,1138.0,60.675194,71.0
19.0,3.0,1.0,10.0,0.0,37.72,1.0,70.6,107.0,36.96,1005.0,55.53834,56.0
28.0,46.0,2.0,2.0,0.0,35.92,1.0,44.7,387.0,31.52,747.0,45.86811,47.0
7.0,100.0,4.0,12.0,0.0,86.04,0.0,54.2,107.0,70.43,1487.0,34.779343,35.0
2.0,12.0,3.0,4.0,0.0,14.34,1.0,78.1,143.0,16.16,1431.0,59.126846,59.0
6.0,42.0,0.0,3.0,0.0,84.87,1.0,57.4,105.0,85.93,1074.0,60.825294,59.0
4.0,84.0,4.0,3.0,0.0,16.9,1.0,55.7,295.0,19.32,1571.0,55.030655,65.0
12.0,98.0,1.0,1.0,0.0,39.83,1.0,36.1,231.0,33.05,783.0,51.949814,56.0
2.0,81.0,2.0,9.0,0.0,50.92,1.0,99.5,364.0,46.73,1478.0,60.064102,66.0
26.0,87.0,6.0,3.0,0.0,53.33,0.0,70.1,480.0,58.86,1559.0,34.65022,31.0
10.0,85.0,5.0,9.0,0.0,22.18,0.0,74.1,40.0,22.95,874.0,38.842754,37.0
5.0,87.0,2.0,11.0,0.0,43.22,0.0,60.6,337.0,39.51,762.0,34.58486,36.0
12.0,8.0,5.0,8.0,0.0,133.47,1.0,81.7,181.0,142.69,55.0,60.42252,63.0
26.0,5.0,1.0,5.0,0.0,36.99,1.0,97.2,26.0,40.57,182.0,44.29928,48.0
4.0,81.0,0.0,4.0,0.0,87.52,0.0,67.6,407.0,79.41,700.0,31.847492,31.0
3.0,15.0,1.0,3.0,0.0,36.66,0.0,36.4,307.0,45.3,551.0,40.948074,39.0
3.0,48.0,0.0,3.0,0.0,113.59,0.0,60.6,481.0,125.5,1689.0,49.867374,53.0
22.0,56.0,1.0,4.0,0.0,5.37,0.0,63.0,183.0,4.58,300.0,37.186146,36.0
21.0,17.0,4.0,10.0,0.0,57.87,1.0,79.6,152.0,73.07,1824.0,62.033485,58.0
13.0,31.0,6.0,2.0,0.0,77.73,0.0,42.6,107.0,69.38,144.0,28.981186,27.0
4.0,54.0,4.0,9.0,0.0,112.92,1.0,79.5,334.0,144.58,56.0,61.718277,63.0
17.0,41.0,0.0,4.0,0.0,76.02,1.0,80.5,197.0,85.94,857.0,57.47355,59.0
8.0,18.0,2.0,9.0,0.0,68.66,0.0,79.2,11.0,79.39,236.0,40.177025,39.0
1.0,1.0,1.0,4.0,0.0,98.75,0.0,64.8,198.0,85.01,709.0,19.701155,19.0
27.0,100.0,2.0,1.0,0.0,136.76,1.0,34.9,342.0,129.31,1167.0,49.474346,57.0
23.0,78.0,1.0,10.0,0.0,46.33,0.0,61.4,273.0,38.76,1024.0,33.252472,31.0
2.0,57.0,0.0,1.0,0.0,83.12,1.0,38.8,398.0,78.08,1651.0,57.226624,66.0
16.0,69.0,4.0,1.0,0.0,37.44,0.0,39.7,352.0,43.9,748.0,28.119413,31.0
15.0,81.0,5.0,6.0,0.0,26.99,1.0,100.1,322.0,33.97,213.0,57.278603,57.0
17.0,10.0,5.0,10.0,0.0,118.27,1.0,65.6,465.0,109.14,1228.0,47.42566,38.0
2.0,35.0,0.0,10.0,0.0,107.64,0.0,85.9,349.0,119.45,338.0,43.71186,45.0
1.0,34.0,5.0,1.0,0.0,46.99,0.0,40.2,193.0,50.86,105.0,26.74361,25.0
11.0,97.0,2.0,10.0,0.0,90.05,0.0,65.2,137.0,113.8,1789.0,45.56417,52.0
6.0,33.0,0.0,4.0,0.0,83.74,0.0,80.5,164.0,104.44,872.0,53.433945,51.0
30.0,17.0,6.0,9.0,0.0,127.69,1.0,77.2,483.0,119.69,525.0,44.829483,37.0
3.0,19.0,6.0,3.0,0.0,8.2,1.0,60.3,159.0,9.36,1870.0,63.18356,52.0
12.0,74.0,5.0,8.0,0.0,118.57,1.0,87.2,160.0,129.6,252.0,58.923336,63.0
9.0,65.0,2.0,8.0,0.0,34.12,1.0,89.5,334.0,29.76,1036.0,50.24373,50.0
22.0,12.0,0.0,1.0,0.0,146.54,1.0,50.4,27.0,144.11,1329.0,54.847443,70.0
3.0,1.0,6.0,3.0,0.0,86.42,1.0,58.9,204.0,83.36,1198.0,56.59789,63.0
22.0,61.0,1.0,11.0,0.0,47.0,0.0,67.7,292.0,46.24,1275.0,42.654465,54.0
15.0,83.0,1.0,10.0,0.0,96.69,1.0,76.1,341.0,78.05,485.0,41.34303,39.0
9.0,66.0,1.0,4.0,0.0,86.22,0.0,74.4,486.0,110.91,1929.0,49.070484,43.0
9.0,75.0,1.0,5.0,0.0,133.29,0.0,92.1,43.0,163.31,1624.0,51.077415,47.0
9.0,46.0,1.0,1.0,0.0,6.1,0.0,54.1,374.0,7.54,327.0,29.903202,28.0
23.0,93.0,0.0,1.0,0.0,60.13,0.0,42.2,489.0,57.38,843.0,36.78257,34.0
21.0,10.0,0.0,11.0,1.0,79.05,1.0,68.2,55.0,85.5,130.0,83.209076,84.0
6.0,21.0,4.0,3.0,0.0,8.82,1.0,61.7,131.0,8.83,86.0,62.64344,57.0
30.0,26.0,6.0,10.0,0.0,7.85,1.0,78.4,236.0,7.12,530.0,58.01165,53.0
9.0,54.0,3.0,11.0,0.0,47.53,1.0,48.4,123.0,44.03,916.0,50.634266,51.0
22.0,99.0,6.0,11.0,0.0,74.06,1.0,51.9,148.0,87.45,1263.0,68.489105,74.0
13.0,35.0,0.0,4.0,0.0,103.49,1.0,78.3,350.0,91.5,1103.0,50.093357,46.0
5.0,41.0,0.0,5.0,0.0,62.9,1.0,80.6,345.0,53.74,692.0,47.530445,49.0
19.0,72.0,4.0,9.0,0.0,88.66,0.0,99.7,56.0,108.45,616.0,47.440834,52.0
7.0,43.0,2.0,8.0,0.0,108.83,0.0,98.5,24.0,113.25,157.0,36.3263,40.0
5.0,5.0,3.0,10.0,0.0,104.59,1.0,76.1,21.0,115.9,1983.0,57.75701,63.0
23.0,57.0,3.0,3.0,0.0,108.65,0.0,55.9,73.0,87.92,174.0,26.848385,21.0
15.0,69.0,1.0,1.0,0.0,100.65,0.0,41.0,280.0,128.27,496.0,50.29001,48.0
9.0,2.0,1.0,1.0,0.0,36.62,0.0,57.6,328.0,47.01,897.0,32.57843,35.0
5.0,52.0,4.0,10.0,0.0,29.15,0.0,77.5,20.0,23.4,1134.0,35.28595,29.0
3.0,14.0,0.0,8.0,0.0,27.47,0.0,95.6,77.0,33.83,576.0,38.02858,40.0
4.0,24.0,5.0,3.0,0.0,128.18,0.0,57.0,181.0,145.22,695.0,36.49744,35.0
6.0,65.0,0.0,8.0,0.0,97.52,1.0,93.5,354.0,83.54,1915.0,60.488125,70.0
26.0,33.0,6.0,3.0,0.0,41.68,1.0,46.4,229.0,38.07,446.0,39.723854,54.0
8.0,6.0,4.0,1.0,0.0,27.84,0.0,37.7,319.0,31.51,1991.0,42.00148,38.0
22.0,49.0,4.0,10.0,0.0,127.79,0.0,71.2,369.0,159.41,1428.0,56.86595,61.0
7.0,25.0,4.0,8.0,0.0,144.98,1.0,99.3,370.0,172.11,1609.0,69.51847,77.0
22.0,71.0,0.0,6.0,0.0,34.22,1.0,97.8,396.0,42.97,1306.0,67.19206,60.0
9.0,23.0,1.0,10.0,0.0,57.78,1.0,77.5,326.0,52.34,877.0,50.00567,53.0
9.0,87.0,6.0,10.0,0.0,72.22,1.0,64.7,477.0,73.97,888.0,52.958668,49.0
23.0,62.0,6.0,3.0,0.0,45.55,0.0,55.6,449.0,46.37,630.0,35.135067,31.0
5.0,35.0,0.0,1.0,0.0,43.78,0.0,47.9,178.0,50.31,1487.0,37.90116,41.0
1.0,43.0,5.0,4.0,0.0,53.5,0.0,79.2,491.0,51.57,1297.0,29.489784,25.0
7.0,28.0,4.0,4.0,0.0,16.37,0.0,67.2,415.0,14.43,149.0,35.544025,34.0
13.0,69.0,6.0,3.0,0.0,45.28,0.0,51.8,297.0,38.44,276.0,31.343746,31.0
16.0,15.0,3.0,7.0,1.0,52.62,1.0,100.5,249.0,61.53,647.0,69.57793,84.0
4.0,53.0,6.0,5.0,0.0,47.6,1.0,90.7,155.0,46.51,981.0,55.055412,64.0
13.0,49.0,5.0,3.0,0.0,98.91,0.0,55.8,24.0,90.4,1947.0,32.033157,40.0
22.0,60.0,1.0,5.0,0.0,46.05,0.0,84.5,254.0,49.47,1033.0,42.156906,45.0
2.0,38.0,6.0,10.0,0.0,14.88,1.0,67.7,419.0,15.77,800.0,57.906876,52.0
18.0,25.0,3.0,6.0,0.0,73.68,1.0,97.0,387.0,94.4,1003.0,68.50586,70.0
8.0,35.0,6.0,3.0,0.0,87.86,0.0,70.1,405.0,87.38,629.0,38.032124,38.0
15.0,85.0,6.0,6.0,0.0,45.45,1.0,95.6,136.0,37.56,1058.0,51.38151,42.0
2.0,24.0,6.0,3.0,0.0,95.1,0.0,74.2,104.0,104.15,572.0,35.9712,36.0
19.0,83.0,1.0,6.0,0.0,72.97,1.0,87.0,55.0,86.18,1184.0,62.12243,51.0
12.0,11.0,1.0,8.0,0.0,131.58,1.0,80.1,342.0,149.44,1542.0,69.33844,54.0
9.0,46.0,1.0,2.0,0.0,71.32,0.0,39.6,419.0,87.44,62.0,35.43919,35.0
22.0,3.0,3.0,3.0,0.0,69.02,0.0,52.3,344.0,61.06,955.0,34.944096,40.0
23.0,25.0,1.0,5.0,0.0,87.28,0.0,81.5,88.0,91.97,868.0,36.004833,42.0
21.0,68.0,6.0,5.0,0.0,114.17,1.0,66.6,99.0,146.34,1839.0,72.76047,66.0
28.0,77.0,6.0,8.0,0.0,103.47,1.0,98.6,182.0,102.7,1989.0,58.546944,60.0
3.0,80.0,5.0,10.0,0.0,102.74,1.0,73.5,78.0,132.83,803.0,69.6871,79.0
6.0,2.0,6.0,4.0,0.0,30.01,1.0,84.0,16.0,30.54,1126.0,62.375603,67.0
30.0,51.0,2.0,7.0,0.0,93.8,1.0,86.1,108.0,89.43,396.0,47.143723,44.0
12.0,26.0,6.0,11.0,0.0,56.72,0.0,72.2,116.0,54.72,401.0,43.89733,48.0
28.0,69.0,1.0,2.0,0.0,18.67,1.0,56.9,25.0,16.26,844.0,54.679787,47.0
18.0,33.0,0.0,3.0,0.0,6.16,1.0,59.8,74.0,6.8,1307.0,58.52793,70.0
27.0,97.0,2.0,3.0,0.0,105.53,0.0,57.4,92.0,93.17,1199.0,31.939009,38.0
12.0,99.0,5.0,2.0,0.0,21.83,0.0,37.5,324.0,21.72,585.0,35.939354,38.0
26.0,100.0,3.0,2.0,0.0,118.47,1.0,43.2,10.0,151.26,1921.0,70.03139,57.0
15.0,77.0,6.0,8.0,0.0,128.7,1.0,97.0,337.0,154.67,759.0,65.33677,76.0
19.0,20.0,2.0,6.0,0.0,62.81,0.0,82.2,446.0,65.24,450.0,30.782162,32.0
3.0,85.0,5.0,7.0,1.0,10.83,0.0,103.3,328.0,10.7,746.0,66.9886,76.0
9.0,62.0,5.0,4.0,0.0,99.6,1.0,73.3,109.0,101.18,431.0,51.245358,53.0
29.0,57.0,3.0,10.0,0.0,85.95,0.0,65.5,26.0,71.89,326.0,30.642044,32.0
19.0,41.0,5.0,4.0,0.0,30.48,0.0,82.9,93.0,28.98,1306.0,36.42241,32.0
28.0,84.0,3.0,3.0,0.0,57.54,0.0,68.2,320.0,48.67,1505.0,28.937574,29.0
29.0,61.0,0.0,12.0,0.0,76.57,1.0,52.6,165.0,82.42,1148.0,61.136898,72.0
1.0,66.0,5.0,4.0,0.0,66.82,0.0,81.2,488.0,63.15,454.0,28.417751,26.0
21.0,30.0,0.0,10.0,0.0,89.82,0.0,67.3,361.0,89.9,187.0,32.028244,21.0
30.0,79.0,2.0,6.0,0.0,81.47,1.0,100.2,109.0,69.36,456.0,47.200058,38.0
11.0,92.0,6.0,2.0,0.0,6.3,1.0,55.9,466.0,5.88,1779.0,58.060303,55.0
29.0,37.0,2.0,6.0,0.0,65.54,0.0,89.6,196.0,81.4,1039.0,51.880074,50.0
29.0,84.0,6.0,6.0,0.0,15.45,1.0,84.2,101.0,14.4,681.0,58.933945,50.0
8.0,73.0,2.0,4.0,0.0,64.42,0.0,75.2,71.0,70.47,1148.0,39.978863,37.0
8.0,56.0,5.0,12.0,1.0,130.58,0.0,52.0,13.0,152.34,1616.0,74.37479,79.0
4.0,3.0,3.0,12.0,1.0,98.48,0.0,49.6,300.0,88.32,1292.0,56.55141,49.0
1.0,43.0,1.0,4.0,0.0,33.5,1.0,66.5,156.0,29.61,474.0,37.09993,48.0
3.0,36.0,0.0,12.0,0.0,55.04,0.0,58.5,366.0,65.02,1827.0,52.331318,47.0
15.0,97.0,1.0,1.0,0.0,85.82,1.0,37.0,258.0,89.04,1719.0,59.86306,53.0
8.0,45.0,3.0,9.0,0.0,58.32,0.0,69.2,145.0,71.7,1374.0,46.10143,50.0
3.0,3.0,5.0,3.0,0.0,14.05,0.0,55.0,319.0,14.02,1344.0,38.80944,38.0
2.0,74.0,6.0,4.0,0.0,80.9,0.0,70.1,436.0,91.46,1444.0,44.551746,44.0
29.0,75.0,2.0,6.0,0.0,50.99,0.0,97.4,106.0,52.11,1277.0,45.302917,50.0
2.0,75.0,3.0,2.0,0.0,145.08,1.0,49.9,284.0,156.87,994.0,64.23056,68.0
19.0,19.0,4.0,1.0,0.0,97.1,0.0,43.6,374.0,117.1,1838.0,45.47204,44.0
26.0,56.0,2.0,4.0,0.0,111.39,0.0,78.0,274.0,116.8,1408.0,27.965054,29.0
11.0,41.0,2.0,3.0,0.0,97.87,1.0,41.1,165.0,99.25,231.0,52.891445,53.0
21.0,65.0,0.0,4.0,0.0,71.04,0.0,72.1,352.0,68.5,322.0,28.010185,29.0
26.0,87.0,6.0,9.0,0.0,104.17,0.0,74.3,460.0,128.88,926.0,43.627754,36.0
26.0,93.0,3.0,9.0,0.0,85.38,1.0,95.3,308.0,105.39,1068.0,54.40902,65.0
12.0,66.0,2.0,7.0,0.0,48.61,1.0,108.9,280.0,62.81,159.0,64.10022,61.0
27.0,10.0,3.0,12.0,0.0,63.44,0.0,33.7,322.0,79.55,529.0,42.73159,43.0
29.0,22.0,0.0,6.0,0.0,123.03,1.0,88.0,159.0,140.91,1325.0,60.51541,60.0
27.0,74.0,0.0,5.0,0.0,39.68,0.0,82.7,185.0,47.67,1651.0,37.20056,34.0
22.0,52.0,1.0,12.0,0.0,18.12,1.0,54.3,163.0,22.9,267.0,64.98057,64.0
25.0,78.0,1.0,3.0,0.0,68.99,0.0,67.6,64.0,87.81,901.0,40.540062,38.0
26.0,48.0,3.0,5.0,0.0,34.46,1.0,81.4,323.0,34.6,976.0,46.696453,52.0
17.0,18.0,6.0,9.0,0.0,38.07,0.0,81.0,194.0,47.53,231.0,34.343204,38.0
16.0,80.0,5.0,4.0,0.0,115.4,1.0,66.7,161.0,143.12,1897.0,65.66996,72.0
21.0,72.0,4.0,3.0,0.0,129.45,1.0,61.3,366.0,109.54,421.0,42.39445,49.0
6.0,35.0,3.0,4.0,0.0,123.75,0.0,60.6,166.0,154.46,1929.0,57.990677,63.0
8.0,81.0,1.0,2.0,0.0,42.65,1.0,54.3,464.0,42.99,598.0,57.879745,56.0
29.0,2.0,6.0,4.0,0.0,142.97,0.0,93.8,109.0,169.35,1003.0,52.052483,50.0
23.0,8.0,2.0,9.0,0.0,121.22,1.0,78.1,328.0,120.57,1430.0,59.59604,69.0
3.0,10.0,3.0,11.0,0.0,127.23,1.0,69.9,410.0,107.23,834.0,47.48856,44.0
29.0,13.0,3.0,1.0,0.0,133.15,1.0,60.5,163.0,156.88,163.0,69.4107,72.0
5.0,47.0,5.0,6.0,0.0,149.92,1.0,105.0,403.0,191.08,353.0,75.157005,84.0
9.0,29.0,5.0,7.0,0.0,85.22,0.0,102.7,461.0,73.73,1633.0,36.32095,37.0
29.0,5.0,4.0,2.0,0.0,52.83,0.0,50.5,305.0,64.02,466.0,44.32864,45.0
23.0,32.0,0.0,4.0,0.0,117.27,0.0,67.7,74.0,100.98,1363.0,29.090183,26.0
27.0,37.0,1.0,6.0,0.0,20.43,0.0,83.9,135.0,25.06,434.0,35.583477,38.0
4.0,59.0,2.0,9.0,0.0,21.89,0.0,84.6,287.0,19.74,164.0,33.280495,32.0
2.0,33.0,0.0,4.0,0.0,52.15,1.0,61.8,470.0,45.03,1924.0,56.784492,61.0
22.0,27.0,3.0,11.0,0.0,67.46,1.0,51.8,378.0,58.54,1288.0,57.75683,50.0
29.0,47.0,6.0,10.0,0.0,32.2,0.0,75.9,79.0,39.28,1812.0,49.322887,48.0
26.0,84.0,4.0,11.0,1.0,88.88,1.0,63.5,385.0,88.87,72.0,76.561966,60.0
14.0,31.0,5.0,2.0,0.0,34.11,0.0,39.2,24.0,35.54,607.0,37.031677,40.0
14.0,2.0,5.0,4.0,0.0,110.08,0.0,95.5,366.0,128.44,1027.0,42.12972,42.0
8.0,81.0,3.0,8.0,0.0,69.88,0.0,74.4,239.0,79.93,939.0,42.6868,49.0
23.0,63.0,6.0,3.0,0.0,54.68,0.0,56.9,499.0,47.68,1542.0,39.31199,40.0
28.0,55.0,0.0,8.0,0.0,146.69,0.0,92.3,416.0,139.07,1056.0,26.418884,29.0
11.0,57.0,4.0,2.0,0.0,121.92,0.0,55.4,31.0,105.87,1509.0,27.853447,35.0
20.0,47.0,6.0,2.0,0.0,42.53,0.0,53.9,294.0,49.38,1863.0,35.919518,39.0
15.0,17.0,0.0,4.0,0.0,141.94,1.0,66.3,33.0,164.46,589.0,58.434967,64.0
6.0,15.0,6.0,2.0,0.0,148.88,0.0,45.0,347.0,158.5,327.0,43.907227,45.0
14.0,41.0,6.0,5.0,0.0,13.09,0.0,75.8,84.0,13.44,1566.0,35.973152,36.0
7.0,17.0,1.0,10.0,0.0,11.89,0.0,73.9,175.0,10.89,385.0,35.695095,39.0
22.0,1.0,3.0,8.0,0.0,6.48,1.0,102.1,295.0,5.8,590.0,59.69896,54.0
4.0,93.0,6.0,2.0,0.0,135.1,0.0,54.3,253.0,124.2,1995.0,36.140636,34.0
13.0,75.0,5.0,6.0,0.0,65.02,1.0,100.1,283.0,69.42,893.0,56.149315,68.0
12.0,25.0,3.0,4.0,0.0,74.25,0.0,66.7,148.0,78.11,1370.0,41.154205,42.0
6.0,34.0,2.0,3.0,0.0,7.38,0.0,56.1,84.0,7.81,1268.0,44.471706,44.0
28.0,37.0,2.0,1.0,0.0,37.64,1.0,58.3,307.0,37.66,1857.0,62.44486,65.0
5.0,49.0,1.0,5.0,0.0,14.53,0.0,80.8,235.0,15.4,1059.0,38.082546,39.0
6.0,61.0,5.0,8.0,0.0,110.17,0.0,83.3,201.0,109.66,493.0,46.81284,46.0
25.0,1.0,2.0,1.0,0.0,44.15,1.0,60.7,144.0,50.23,88.0,51.78412,61.0
18.0,31.0,3.0,1.0,0.0,132.11,1.0,56.4,459.0,122.62,1016.0,53.988262,57.0
1.0,72.0,0.0,2.0,0.0,128.18,0.0,38.7,407.0,159.92,1250.0,41.543762,46.0
4.0,72.0,6.0,12.0,0.0,106.28,1.0,37.5,479.0,86.49,1702.0,48.129032,46.0
14.0,19.0,5.0,4.0,0.0,141.71,0.0,64.3,377.0,162.53,576.0,41.359566,41.0
1.0,76.0,2.0,4.0,0.0,87.67,1.0,72.3,323.0,102.15,134.0,49.36843,57.0
13.0,47.0,4.0,3.0,0.0,96.32,1.0,69.8,160.0,81.05,734.0,50.80002,55.0
25.0,76.0,5.0,4.0,0.0,34.41,1.0,68.6,303.0,34.17,318.0,41.984554,34.0
15.0,47.0,5.0,4.0,0.0,111.68,0.0,60.3,156.0,129.94,1409.0,45.79022,47.0
29.0,59.0,1.0,5.0,0.0,100.36,0.0,86.3,320.0,88.54,1375.0,38.709667,36.0
26.0,24.0,1.0,1.0,0.0,28.71,0.0,52.6,51.0,27.24,1431.0,21.619453,20.0
29.0,25.0,6.0,5.0,0.0,29.38,0.0,86.0,411.0,34.78,573.0,41.685375,44.0
5.0,39.0,3.0,2.0,0.0,127.34,1.0,39.8,471.0,143.95,1106.0,60.26307,67.0
8.0,50.0,3.0,10.0,0.0,133.33,0.0,60.6,444.0,114.2,1359.0,29.797861,27.0
15.0,23.0,4.0,10.0,0.0,133.82,1.0,75.9,247.0,151.85,1524.0,60.95475,60.0
6.0,90.0,6.0,4.0,0.0,135.43,1.0,76.7,253.0,174.93,1170.0,80.41014,89.0
6.0,11.0,6.0,5.0,0.0,102.24,0.0,85.8,251.0,119.2,1376.0,52.550007,52.0
15.0,43.0,0.0,6.0,0.0,137.15,0.0,93.3,152.0,161.83,1262.0,46.878513,41.0
6.0,67.0,6.0,5.0,0.0,41.92,1.0,81.7,376.0,47.12,1595.0,67.489784,61.0
13.0,50.0,0.0,2.0,0.0,130.0,1.0,57.0,396.0,162.47,437.0,68.72793,61.0
28.0,29.0,1.0,12.0,1.0,148.15,1.0,48.6,49.0,137.78,1630.0,69.42301,81.0
2.0,25.0,2.0,4.0,0.0,68.47,1.0,59.5,349.0,69.95,328.0,54.761112,47.0
2.0,39.0,1.0,6.0,0.0,22.93,1.0,97.8,283.0,21.15,321.0,54.912403,62.0
6.0,17.0,0.0,8.0,0.0,71.55,1.0,91.3,363.0,78.9,1918.0,66.757195,73.0
15.0,34.0,5.0,7.0,0.0,80.16,0.0,96.9,401.0,81.39,1189.0,38.10806,32.0
13.0,16.0,6.0,5.0,0.0,125.39,1.0,92.0,214.0,136.31,948.0,54.485497,65.0
13.0,95.0,6.0,7.0,1.0,16.34,1.0,72.3,154.0,16.5,893.0,76.40485,70.0
10.0,9.0,2.0,4.0,0.0,98.17,1.0,68.1,237.0,115.71,1192.0,62.66508,59.0
28.0,30.0,2.0,11.0,0.0,115.37,1.0,57.8,409.0,119.69,1488.0,59.953392,56.0
2.0,51.0,2.0,3.0,0.0,30.58,1.0,57.1,337.0,28.88,233.0,54.583992,66.0
19.0,40.0,6.0,4.0,0.0,142.02,0.0,69.2,79.0,183.5,1699.0,57.37846,63.0
25.0,22.0,3.0,2.0,0.0,117.8,0.0,43.6,156.0,137.2,1811.0,38.162914,38.0
28.0,88.0,1.0,7.0,0.0,105.93,1.0,104.1,337.0,107.58,1026.0,52.51917,58.0
17.0,91.0,1.0,2.0,0.0,80.11,0.0,48.5,350.0,70.3,1326.0,31.873991,30.0
13.0,37.0,4.0,2.0,0.0,103.77,1.0,43.8,253.0,86.91,270.0,43.85121,49.0
12.0,77.0,1.0,10.0,0.0,62.81,1.0,59.7,172.0,73.1,1357.0,64.963425,69.0
1.0,61.0,0.0,1.0,0.0,65.91,0.0,33.5,257.0,53.4,1498.0,29.178043,28.0
7.0,1.0,6.0,7.0,1.0,38.02,0.0,103.2,482.0,30.43,853.0,58.281673,76.0
26.0,59.0,4.0,7.0,0.0,60.92,1.0,90.4,392.0,78.44,554.0,57.138004,61.0
20.0,30.0,1.0,2.0,0.0,5.23,0.0,60.6,364.0,5.46,489.0,25.534012,24.0
21.0,88.0,0.0,7.0,0.0,137.9,1.0,91.9,57.0,149.21,258.0,54.774483,57.0
30.0,98.0,6.0,8.0,0.0,60.11,1.0,78.9,16.0,68.98,253.0,57.47357,60.0
7.0,49.0,2.0,4.0,0.0,70.96,0.0,62.2,286.0,67.41,1411.0,38.73114,41.0
12.0,56.0,1.0,7.0,0.0,52.25,0.0,112.0,393.0,48.99,581.0,34.84287,32.0
19.0,12.0,4.0,11.0,0.0,24.02,0.0,59.6,460.0,29.27,141.0,37.764656,37.0
10.0,83.0,0.0,10.0,0.0,37.07,1.0,76.8,79.0,38.51,1680.0,59.410088,60.0
22.0,97.0,3.0,6.0,0.0,12.24,0.0,105.2,79.0,9.92,387.0,40.3905,49.0
15.0,42.0,2.0,2.0,0.0,13.62,1.0,47.7,371.0,11.32,1619.0,56.447388,62.0
28.0,37.0,4.0,10.0,0.0,116.73,0.0,64.3,39.0,117.2,259.0,32.090755,35.0
12.0,12.0,5.0,3.0,0.0,62.73,1.0,52.7,467.0,74.43,497.0,58.90618,61.0
23.0,36.0,4.0,3.0,0.0,128.58,1.0,61.0,85.0,151.37,1286.0,70.22625,70.0
25.0,15.0,1.0,1.0,0.0,52.75,0.0,47.6,423.0,61.36,746.0,34.168633,30.0
11.0,50.0,0.0,2.0,0.0,20.38,0.0,32.0,43.0,19.28,376.0,31.40589,30.0
14.0,69.0,2.0,3.0,0.0,118.5,0.0,54.4,377.0,149.94,467.0,49.711933,51.0
11.0,100.0,1.0,4.0,0.0,33.54,1.0,77.0,117.0,40.66,1792.0,59.39585,50.0
18.0,3.0,1.0,7.0,0.0,40.06,1.0,105.2,302.0,44.23,984.0,55.939472,50.0
10.0,6.0,6.0,2.0,0.0,130.53,1.0,55.6,175.0,140.2,105.0,58.779533,59.0
26.0,73.0,0.0,7.0,1.0,106.09,1.0,86.3,247.0,87.11,1900.0,70.9182,61.0
3.0,32.0,4.0,5.0,0.0,110.17,0.0,88.0,41.0,97.58,1845.0,36.49263,36.0
12.0,83.0,6.0,12.0,0.0,40.71,1.0,41.1,204.0,40.08,738.0,54.619663,51.0
1.0,5.0,6.0,2.0,0.0,44.77,0.0,60.7,406.0,56.37,1958.0,33.626312,37.0
16.0,78.0,3.0,1.0,0.0,59.56,0.0,45.9,440.0,73.22,1457.0,33.656437,27.0
8.0,76.0,6.0,7.0,1.0,44.23,1.0,97.9,417.0,36.42,806.0,81.00021,81.0
15.0,86.0,1.0,3.0,0.0,146.16,1.0,44.5,185.0,142.52,350.0,47.43564,52.0
29.0,32.0,6.0,3.0,0.0,42.56,1.0,67.9,430.0,54.41,1822.0,65.22146,66.0
8.0,60.0,4.0,4.0,0.0,149.37,1.0,77.2,63.0,184.07,284.0,71.2775,81.0
2.0,45.0,5.0,1.0,0.0,61.28,1.0,46.5,48.0,56.04,457.0,57.22684,58.0
20.0,34.0,6.0,9.0,0.0,49.74,0.0,80.7,305.0,40.1,1926.0,28.18436,26.0
10.0,16.0,4.0,4.0,0.0,48.29,0.0,77.1,363.0,47.25,1108.0,34.827473,35.0
26.0,16.0,0.0,4.0,0.0,130.69,1.0,48.9,389.0,112.65,1713.0,41.586998,27.0
25.0,19.0,6.0,8.0,0.0,25.69,1.0,91.0,80.0,24.28,1632.0,47.780193,48.0
7.0,17.0,3.0,6.0,0.0,61.16,1.0,86.0,191.0,64.3,1757.0,61.182945,48.0
30.0,25.0,0.0,5.0,0.0,53.84,1.0,90.5,254.0,65.74,1384.0,55.563755,65.0
3.0,24.0,6.0,4.0,0.0,122.26,0.0,69.4,135.0,154.99,1759.0,56.75614,54.0
17.0,30.0,3.0,4.0,0.0,65.21,1.0,64.4,308.0,76.57,1136.0,57.75385,61.0
6.0,14.0,1.0,3.0,0.0,19.94,1.0,61.2,478.0,25.5,701.0,61.08432,67.0
16.0,2.0,1.0,9.0,0.0,27.45,1.0,88.4,123.0,31.96,324.0,42.561714,40.0
28.0,96.0,0.0,4.0,0.0,141.1,1.0,65.3,492.0,172.87,198.0,64.5442,61.0
1.0,81.0,2.0,2.0,0.0,83.27,0.0,68.6,14.0,80.77,894.0,31.233095,28.0
29.0,91.0,3.0,1.0,0.0,90.14,1.0,53.3,386.0,105.12,328.0,63.171738,66.0
24.0,15.0,6.0,8.0,0.0,110.13,0.0,86.3,176.0,97.08,561.0,22.25485,23.0
18.0,88.0,4.0,7.0,1.0,134.39,1.0,90.8,185.0,150.56,229.0,80.297516,93.0
15.0,25.0,5.0,5.0,0.0,80.1,0.0,74.5,108.0,100.15,1640.0,46.677837,49.0
19.0,27.0,5.0,3.0,0.0,93.51,1.0,59.7,59.0,120.96,1679.0,71.15257,70.0
25.0,86.0,3.0,4.0,0.0,80.15,0.0,75.0,28.0,65.08,691.0,20.163956,16.0
17.0,29.0,2.0,4.0,0.0,63.94,1.0,66.6,410.0,63.97,1448.0,60.07684,61.0
8.0,8.0,0.0,7.0,0.0,30.2,1.0,101.0,100.0,27.95,823.0,59.62755,74.0
29.0,43.0,3.0,10.0,0.0,7.33,0.0,70.2,360.0,8.84,752.0,39.123875,38.0
4.0,58.0,3.0,12.0,0.0,41.84,0.0,45.0,108.0,35.76,1974.0,41.021988,41.0
12.0,4.0,0.0,12.0,0.0,20.49,0.0,52.3,96.0,18.88,1693.0,38.38205,40.0
7.0,94.0,1.0,1.0,0.0,95.81,0.0,48.3,144.0,122.44,1989.0,53.447273,60.0
25.0,6.0,6.0,11.0,0.0,24.8,0.0,56.3,297.0,30.55,1064.0,33.978283,34.0
22.0,22.0,0.0,6.0,0.0,14.75,0.0,85.4,333.0,14.09,1556.0,41.833717,43.0
8.0,28.0,4.0,11.0,0.0,38.61,0.0,57.1,273.0,39.94,1347.0,36.410595,43.0
12.0,12.0,2.0,11.0,1.0,17.31,1.0,48.3,63.0,15.19,109.0,82.36882,80.0
27.0,83.0,3.0,11.0,1.0,113.56,0.0,55.2,205.0,111.61,502.0,55.693405,59.0
20.0,1.0,2.0,7.0,0.0,34.36,0.0,93.5,311.0,40.18,864.0,30.77087,34.0
30.0,17.0,2.0,4.0,0.0,36.22,1.0,62.7,121.0,34.47,439.0,48.944893,51.0
27.0,34.0,0.0,1.0,0.0,40.13,1.0,50.1,470.0,47.16,1317.0,55.40926,66.0
7.0,10.0,6.0,5.0,0.0,138.74,1.0,80.1,386.0,163.97,598.0,70.92108,60.0
14.0,41.0,6.0,3.0,0.0,142.42,1.0,56.2,430.0,143.31,1779.0,56.787514,45.0
23.0,8.0,3.0,4.0,0.0,136.78,0.0,72.9,361.0,136.7,1595.0,37.51346,43.0
7.0,20.0,4.0,1.0,0.0,110.18,1.0,46.8,236.0,139.8,1365.0,67.8604,67.0
9.0,60.0,0.0,9.0,0.0,124.63,0.0,80.9,291.0,108.06,751.0,24.350187,22.0
27.0,50.0,4.0,12.0,1.0,21.92,1.0,47.8,390.0,23.47,1900.0,89.09532,68.0
5.0,65.0,3.0,7.0,1.0,75.63,0.0,101.2,282.0,75.4,1789.0,66.51157,66.0
8.0,48.0,0.0,4.0,0.0,70.41,0.0,68.1,104.0,66.54,194.0,36.714325,36.0
27.0,77.0,5.0,6.0,0.0,95.57,0.0,102.0,438.0,105.28,386.0,37.630753,45.0
6.0,28.0,3.0,5.0,0.0,18.19,1.0,86.7,255.0,18.01,952.0,67.2663,57.0
1.0,68.0,2.0,2.0,0.0,51.79,1.0,63.8,150.0,59.42,1207.0,57.50142,51.0
14.0,55.0,3.0,8.0,0.0,76.07,0.0,94.3,98.0,78.91,1065.0,34.874187,38.0
18.0,65.0,2.0,3.0,0.0,9.23,0.0,62.3,126.0,9.45,254.0,36.934887,32.0
25.0,23.0,6.0,10.0,0.0,91.32,1.0,65.8,411.0,74.05,1272.0,44.370304,32.0
11.0,29.0,4.0,2.0,0.0,90.23,1.0,44.2,474.0,82.86,819.0,56.25879,42.0
16.0,32.0,2.0,2.0,0.0,10.06,1.0,48.0,340.0,8.3,1749.0,46.330986,50.0
16.0,25.0,3.0,10.0,0.0,93.31,1.0,62.4,165.0,81.89,612.0,36.608326,39.0
10.0,26.0,1.0,10.0,0.0,87.87,0.0,77.9,278.0,76.69,324.0,32.5566,42.0
28.0,47.0,4.0,3.0,0.0,16.09,1.0,49.7,254.0,13.41,462.0,50.38813,54.0
26.0,69.0,2.0,1.0,0.0,96.83,0.0,63.0,162.0,117.95,745.0,38.186462,42.0
1.0,31.0,0.0,4.0,0.0,77.3,0.0,63.4,414.0,89.25,860.0,37.587265,41.0
24.0,63.0,2.0,5.0,0.0,103.46,1.0,84.6,379.0,126.57,1573.0,64.4265,62.0
4.0,62.0,0.0,4.0,0.0,46.44,1.0,62.2,360.0,47.63,1149.0,48.587273,45.0
15.0,32.0,1.0,3.0,0.0,60.7,1.0,69.4,307.0,62.62,1560.0,56.089363,53.0
11.0,39.0,0.0,6.0,0.0,26.23,1.0,103.7,203.0,32.37,567.0,53.407913,49.0
7.0,96.0,0.0,10.0,0.0,78.08,1.0,67.7,91.0,86.6,99.0,58.838272,59.0
8.0,100.0,4.0,6.0,0.0,5.5,0.0,102.4,367.0,5.2,1857.0,47.07352,47.0
28.0,100.0,3.0,11.0,0.0,102.2,1.0,64.4,184.0,129.73,829.0,70.88941,70.0
12.0,57.0,0.0,9.0,0.0,82.03,0.0,84.6,198.0,89.04,1221.0,44.405888,47.0
8.0,61.0,2.0,11.0,0.0,40.27,1.0,46.1,214.0,34.95,983.0,57.545143,62.0
3.0,78.0,3.0,2.0,0.0,21.93,0.0,51.1,310.0,26.7,1503.0,41.80171,46.0
1.0,79.0,5.0,2.0,0.0,75.74,1.0,38.0,117.0,87.75,1955.0,61.447716,63.0
18.0,97.0,4.0,2.0,0.0,114.77,0.0,37.6,366.0,134.31,854.0,44.92355,50.0
5.0,59.0,3.0,4.0,0.0,127.36,1.0,62.3,57.0,105.92,287.0,44.977264,50.0
7.0,52.0,3.0,1.0,0.0,135.07,0.0,50.0,133.0,149.95,880.0,49.849068,47.0
29.0,68.0,3.0,5.0,0.0,109.1,0.0,85.9,399.0,132.41,496.0,45.293777,45.0
13.0,62.0,2.0,4.0,0.0,90.32,1.0,76.4,319.0,75.74,73.0,41.758316,46.0
8.0,56.0,5.0,6.0,0.0,26.95,0.0,80.3,301.0,31.9,1316.0,40.001896,36.0
10.0,49.0,5.0,5.0,0.0,12.93,0.0,74.1,300.0,14.43,1073.0,42.414307,45.0
16.0,75.0,6.0,8.0,0.0,68.18,1.0,104.2,290.0,81.97,1532.0,58.522686,47.0
4.0,42.0,0.0,2.0,0.0,38.95,1.0,55.0,393.0,48.79,63.0,51.70404,46.0
14.0,67.0,5.0,5.0,0.0,52.87,0.0,65.2,42.0,49.89,96.0,30.001232,34.0
12.0,52.0,3.0,4.0,0.0,22.83,1.0,79.3,28.0,19.08,972.0,56.12477,55.0
25.0,47.0,0.0,2.0,0.0,16.34,0.0,55.1,462.0,17.75,615.0,31.425697,33.0
28.0,36.0,0.0,12.0,0.0,47.4,0.0,34.1,98.0,56.02,1817.0,39.01345,36.0
24.0,7.0,6.0,5.0,0.0,117.05,1.0,93.9,371.0,147.43,878.0,64.68401,70.0
12.0,41.0,4.0,5.0,0.0,57.2,0.0,87.9,332.0,55.0,660.0,37.467026,33.0
26.0,96.0,5.0,11.0,0.0,86.5,0.0,50.0,50.0,107.41,884.0,39.63039,31.0
25.0,77.0,3.0,2.0,0.0,35.05,0.0,37.7,326.0,33.7,61.0,25.60631,23.0
17.0,50.0,2.0,8.0,0.0,7.92,1.0,101.5,91.0,7.95,1492.0,50.627747,64.0
8.0,76.0,3.0,3.0,0.0,67.65,1.0,47.4,279.0,87.46,460.0,64.26411,70.0
12.0,15.0,2.0,12.0,0.0,90.71,1.0,49.3,368.0,85.99,785.0,58.285988,48.0
3.0,23.0,4.0,6.0,0.0,18.18,0.0,102.0,423.0,16.45,1287.0,41.60524,42.0
5.0,66.0,2.0,4.0,0.0,109.44,1.0,62.5,462.0,141.77,791.0,71.68288,81.0
6.0,16.0,2.0,2.0,0.0,52.35,1.0,50.8,143.0,60.28,1445.0,68.8511,66.0
10.0,25.0,2.0,5.0,0.0,131.37,1.0,102.8,394.0,134.73,1751.0,62.929405,64.0
16.0,72.0,4.0,10.0,0.0,18.01,0.0,72.6,306.0,16.7,1801.0,26.828772,23.0
29.0,66.0,2.0,3.0,0.0,137.71,1.0,72.8,478.0,126.84,1457.0,56.435104,54.0
11.0,80.0,6.0,3.0,0.0,122.26,0.0,48.0,479.0,144.12,541.0,43.120533,45.0
29.0,25.0,0.0,4.0,0.0,132.32,1.0,56.2,22.0,132.81,1438.0,53.204304,70.0
27.0,80.0,3.0,2.0,0.0,147.42,1.0,49.9,341.0,151.53,90.0,51.559364,67.0
7.0,11.0,3.0,4.0,0.0,8.28,1.0,59.9,155.0,7.15,645.0,55.67191,58.0
28.0,16.0,5.0,4.0,0.0,74.19,0.0,71.8,277.0,76.96,886.0,35.2138,33.0
21.0,31.0,2.0,8.0,0.0,108.6,0.0,89.8,170.0,91.84,443.0,27.797333,25.0
22.0,67.0,2.0,7.0,0.0,85.25,1.0,93.1,493.0,75.27,832.0,55.448406,50.0
17.0,37.0,2.0,1.0,0.0,140.25,1.0,40.8,126.0,165.75,539.0,60.66827,73.0
13.0,33.0,3.0,3.0,0.0,73.54,1.0,48.6,58.0,63.2,1267.0,49.977707,55.0
18.0,77.0,6.0,4.0,0.0,139.5,0.0,71.5,12.0,128.32,546.0,28.606903,39.0
20.0,1.0,2.0,2.0,0.0,128.3,0.0,50.8,374.0,104.92,1134.0,16.194529,17.0
23.0,12.0,0.0,6.0,0.0,5.92,1.0,96.8,429.0,7.37,1906.0,62.726887,55.0
21.0,59.0,5.0,2.0,0.0,142.1,1.0,56.3,381.0,180.25,330.0,68.89197,74.0
23.0,36.0,4.0,1.0,0.0,5.59,1.0,54.2,306.0,5.83,617.0,54.36472,58.0
27.0,27.0,2.0,1.0,0.0,72.12,1.0,49.0,161.0,69.84,173.0,53.292507,56.0
10.0,61.0,5.0,2.0,0.0,108.13,0.0,45.8,433.0,114.25,632.0,39.98751,37.0
11.0,45.0,4.0,2.0,0.0,85.01,1.0,38.4,347.0,102.32,1732.0,65.18056,65.0
13.0,22.0,0.0,1.0,0.0,50.58,0.0,41.1,89.0,45.97,1815.0,34.87909,30.0
3.0,81.0,4.0,6.0,0.0,108.61,1.0,108.5,157.0,116.29,1692.0,64.203964,60.0
26.0,32.0,5.0,12.0,0.0,16.93,0.0,47.3,111.0,20.08,1906.0,31.070808,37.0
14.0,55.0,5.0,2.0,0.0,121.09,1.0,45.6,13.0,150.25,550.0,66.28242,65.0
22.0,28.0,6.0,4.0,0.0,120.74,0.0,85.4,211.0,144.05,297.0,45.84005,51.0
19.0,29.0,4.0,10.0,0.0,9.15,0.0,62.5,126.0,9.25,1787.0,41.031258,46.0
4.0,88.0,5.0,2.0,0.0,30.91,1.0,50.1,369.0,36.54,1116.0,54.653004,59.0
2.0,70.0,5.0,6.0,0.0,130.66,1.0,95.1,258.0,139.42,1801.0,60.58449,52.0
2.0,35.0,1.0,11.0,0.0,68.43,0.0,59.5,79.0,69.46,1288.0,41.84999,43.0
9.0,63.0,2.0,4.0,0.0,18.11,0.0,79.2,387.0,21.99,733.0,38.330254,40.0
23.0,21.0,1.0,5.0,0.0,67.57,1.0,73.2,201.0,56.3,149.0,44.94767,41.0
30.0,83.0,1.0,4.0,0.0,97.88,1.0,67.9,254.0,86.99,988.0,44.16172,40.0
4.0,2.0,5.0,3.0,0.0,102.26,0.0,62.9,260.0,96.59,700.0,26.196796,21.0
20.0,90.0,0.0,10.0,0.0,49.41,1.0,63.8,364.0,42.75,891.0,41.344296,41.0
11.0,20.0,2.0,2.0,0.0,105.82,1.0,45.0,299.0,89.28,1553.0,42.096405,34.0
17.0,84.0,5.0,2.0,0.0,55.49,0.0,53.8,494.0,58.05,498.0,33.68672,35.0
2.0,53.0,4.0,3.0,0.0,139.1,1.0,56.7,321.0,144.45,1130.0,58.442772,75.0
16.0,69.0,3.0,3.0,0.0,90.09,0.0,63.9,144.0,101.39,443.0,31.697464,32.0
9.0,84.0,1.0,4.0,0.0,78.03,1.0,72.0,22.0,96.98,1382.0,59.542778,52.0
24.0,61.0,0.0,8.0,0.0,37.41,0.0,91.1,111.0,46.23,770.0,39.35073,43.0
24.0,72.0,2.0,6.0,0.0,58.04,0.0,95.7,117.0,48.34,728.0,31.699205,36.0
22.0,97.0,3.0,8.0,0.0,92.8,1.0,82.6,271.0,96.75,831.0,65.124084,64.0
21.0,97.0,3.0,9.0,0.0,48.03,0.0,73.8,263.0,43.55,1779.0,34.394382,33.0
9.0,21.0,3.0,12.0,1.0,25.33,1.0,43.0,302.0,29.38,1532.0,87.46547,86.0
17.0,98.0,4.0,7.0,0.0,104.58,1.0,87.7,136.0,89.98,861.0,54.775944,44.0
5.0,82.0,4.0,4.0,0.0,21.48,0.0,65.2,355.0,24.48,1674.0,42.09234,41.0
1.0,78.0,0.0,7.0,0.0,118.53,1.0,97.3,112.0,135.62,1203.0,56.297234,51.0
26.0,5.0,6.0,12.0,1.0,17.8,0.0,56.9,73.0,20.99,1228.0,57.063103,65.0
9.0,68.0,6.0,11.0,1.0,18.74,0.0,50.8,444.0,23.03,246.0,67.061195,66.0
6.0,97.0,3.0,10.0,0.0,117.99,1.0,76.6,207.0,136.9,929.0,70.677986,71.0
5.0,39.0,1.0,12.0,1.0,86.2,1.0,52.9,343.0,89.59,651.0,84.88815,77.0
29.0,72.0,3.0,9.0,0.0,22.02,1.0,79.0,59.0,19.15,714.0,61.98286,68.0
26.0,70.0,0.0,5.0,0.0,127.94,0.0,67.8,143.0,133.64,734.0,30.315699,23.0
22.0,85.0,3.0,1.0,0.0,80.97,1.0,55.7,469.0,72.4,448.0,54.02042,58.0
18.0,21.0,1.0,7.0,1.0,24.12,0.0,106.3,87.0,19.36,931.0,57.939667,68.0
23.0,83.0,5.0,11.0,0.0,47.64,1.0,57.8,53.0,39.9,1821.0,54.281105,53.0
20.0,92.0,5.0,10.0,0.0,41.09,1.0,72.2,299.0,38.26,718.0,44.733807,38.0
29.0,40.0,4.0,11.0,0.0,22.82,1.0,65.8,21.0,20.25,1543.0,67.86588,68.0
16.0,27.0,1.0,4.0,0.0,76.18,1.0,62.4,100.0,73.74,249.0,44.085747,42.0
12.0,40.0,5.0,11.0,0.0,127.39,0.0,56.5,458.0,117.21,1681.0,37.62079,35.0
23.0,90.0,6.0,1.0,0.0,108.29,0.0,39.9,478.0,119.43,1223.0,40.81286,41.0
14.0,34.0,3.0,9.0,0.0,33.59,1.0,85.7,337.0,40.74,413.0,54.483913,52.0
26.0,39.0,6.0,1.0,0.0,18.38,1.0,47.3,446.0,22.99,1539.0,48.90371,40.0
5.0,11.0,4.0,3.0,0.0,135.65,1.0,64.4,238.0,147.18,169.0,56.094433,53.0
30.0,91.0,6.0,11.0,1.0,102.32,1.0,77.4,319.0,100.82,1896.0,79.896286,87.0
12.0,78.0,5.0,12.0,0.0,72.18,0.0,37.6,59.0,57.79,1852.0,37.892685,35.0
26.0,3.0,6.0,7.0,0.0,69.43,1.0,78.5,412.0,79.48,57.0,51.588963,41.0
5.0,75.0,6.0,7.0,1.0,107.55,1.0,82.8,462.0,107.25,759.0,77.570496,103.0
24.0,92.0,0.0,2.0,0.0,60.13,1.0,51.6,269.0,50.09,840.0,47.54484,53.0
12.0,95.0,0.0,5.0,0.0,127.81,1.0,86.8,195.0,154.92,1547.0,68.554184,60.0
30.0,50.0,0.0,9.0,0.0,9.01,0.0,95.5,66.0,9.01,668.0,29.492582,26.0
20.0,12.0,4.0,4.0,0.0,59.09,1.0,70.9,190.0,74.69,1189.0,53.58643,40.0
28.0,39.0,4.0,5.0,0.0,101.91,1.0,93.9,208.0,115.46,75.0,55.849636,49.0
13.0,67.0,2.0,1.0,0.0,34.95,1.0,42.3,243.0,29.58,1037.0,50.2025,45.0
27.0,87.0,2.0,5.0,0.0,119.83,1.0,90.6,492.0,148.27,1611.0,69.42015,80.0
19.0,99.0,2.0,5.0,0.0,139.55,1.0,77.8,285.0,148.04,1942.0,61.75647,63.0
29.0,89.0,5.0,11.0,0.0,71.54,1.0,42.3,68.0,60.76,499.0,56.510056,63.0
4.0,52.0,1.0,8.0,0.0,136.73,0.0,90.0,300.0,118.5,1546.0,23.047287,26.0
28.0,62.0,5.0,3.0,0.0,19.53,1.0,48.5,77.0,17.69,1818.0,54.817677,47.0
6.0,49.0,0.0,4.0,0.0,43.62,0.0,69.3,360.0,41.96,1766.0,52.000683,53.0
13.0,40.0,0.0,9.0,0.0,23.89,0.0,89.7,145.0,26.78,590.0,33.674873,30.0
19.0,97.0,2.0,9.0,0.0,59.97,0.0,72.3,369.0,66.83,761.0,39.98249,36.0
29.0,67.0,5.0,1.0,0.0,56.09,0.0,43.6,250.0,50.63,959.0,38.61788,36.0
25.0,58.0,1.0,3.0,0.0,56.54,1.0,51.8,20.0,51.37,1907.0,53.36548,51.0
28.0,74.0,1.0,1.0,0.0,31.64,1.0,34.4,82.0,29.86,1044.0,47.625145,40.0
18.0,39.0,2.0,9.0,0.0,56.01,1.0,73.2,475.0,70.43,370.0,65.9727,76.0
24.0,25.0,4.0,3.0,0.0,90.98,0.0,56.5,323.0,114.75,1341.0,41.224403,44.0
30.0,56.0,6.0,4.0,0.0,133.81,1.0,64.9,478.0,161.4,1032.0,66.53103,68.0
14.0,23.0,6.0,4.0,0.0,148.27,1.0,69.9,113.0,162.67,750.0,56.438015,51.0
8.0,17.0,1.0,10.0,0.0,76.28,1.0,62.5,404.0,91.78,1039.0,62.337646,52.0
13.0,65.0,0.0,4.0,0.0,147.59,0.0,63.5,254.0,191.66,1683.0,58.114605,58.0
16.0,54.0,2.0,4.0,0.0,34.1,0.0,65.2,454.0,36.68,662.0,26.144688,20.0
5.0,41.0,3.0,11.0,0.0,5.27,1.0,68.4,248.0,6.27,1708.0,58.345413,68.0
21.0,35.0,0.0,11.0,0.0,124.32,0.0,60.5,17.0,147.42,1073.0,47.84287,49.0
8.0,70.0,1.0,3.0,0.0,71.09,1.0,63.4,80.0,57.29,477.0,47.971138,56.0
15.0,12.0,6.0,1.0,0.0,115.27,0.0,43.8,306.0,98.51,870.0,26.175829,27.0
22.0,12.0,5.0,3.0,0.0,116.46,0.0,51.0,471.0,97.6,1612.0,35.273,32.0
10.0,91.0,3.0,12.0,0.0,96.12,1.0,47.6,79.0,120.88,1189.0,65.41056,78.0
15.0,72.0,6.0,10.0,0.0,141.54,1.0,72.2,485.0,167.26,908.0,71.0232,77.0
11.0,63.0,2.0,3.0,0.0,20.89,0.0,54.7,117.0,21.95,1780.0,38.6176,43.0
17.0,81.0,0.0,4.0,0.0,90.83,1.0,59.6,454.0,100.3,80.0,55.067978,56.0
16.0,49.0,5.0,4.0,0.0,78.08,1.0,69.3,78.0,100.8,592.0,55.024223,50.0
11.0,38.0,4.0,2.0,0.0,134.43,0.0,40.6,494.0,119.55,1596.0,27.390438,24.0
7.0,57.0,0.0,6.0,0.0,38.77,1.0,93.3,141.0,49.13,1896.0,64.82329,66.0
19.0,100.0,6.0,5.0,0.0,57.28,0.0,89.7,333.0,57.83,1636.0,40.19162,44.0
22.0,54.0,6.0,7.0,0.0,149.2,1.0,106.2,476.0,162.89,1006.0,67.17536,69.0
20.0,93.0,1.0,7.0,0.0,57.8,1.0,109.9,443.0,70.53,470.0,57.136013,49.0
21.0,95.0,4.0,11.0,0.0,127.47,1.0,63.4,128.0,160.85,489.0,64.39113,69.0
1.0,33.0,2.0,12.0,1.0,5.06,1.0,48.3,325.0,4.83,894.0,75.15985,62.0
1.0,67.0,6.0,7.0,0.0,124.16,0.0,104.6,185.0,108.87,126.0,18.301762,15.0
12.0,8.0,0.0,1.0,0.0,108.96,1.0,33.5,124.0,92.87,1603.0,49.25424,58.0
13.0,99.0,4.0,2.0,0.0,11.95,1.0,53.9,215.0,13.56,841.0,51.600266,61.0
23.0,16.0,6.0,5.0,0.0,54.96,0.0,77.0,291.0,65.84,591.0,38.05278,41.0
7.0,66.0,4.0,10.0,0.0,77.28,1.0,73.2,261.0,94.42,1082.0,67.34161,60.0
29.0,75.0,2.0,11.0,0.0,28.42,0.0,56.9,62.0,36.84,653.0,46.415363,51.0
30.0,14.0,5.0,4.0,0.0,65.73,1.0,68.7,276.0,60.14,497.0,46.404034,45.0
10.0,86.0,1.0,12.0,0.0,17.14,1.0,44.9,407.0,21.46,827.0,56.34865,55.0
15.0,62.0,2.0,4.0,0.0,22.99,0.0,77.7,204.0,24.64,1897.0,40.121716,37.0
4.0,50.0,0.0,5.0,0.0,127.48,1.0,79.1,405.0,135.41,1403.0,58.452377,49.0
26.0,3.0,3.0,4.0,0.0,145.69,1.0,77.6,92.0,120.61,1307.0,38.212444,32.0
14.0,4.0,3.0,1.0,0.0,5.14,0.0,30.7,251.0,6.11,1782.0,37.569645,43.0
13.0,74.0,4.0,8.0,0.0,83.3,0.0,93.7,436.0,92.1,341.0,35.820557,38.0
9.0,83.0,2.0,1.0,0.0,105.55,1.0,38.2,370.0,93.73,1819.0,49.06089,42.0
16.0,80.0,3.0,2.0,0.0,79.78,1.0,58.5,46.0,93.7,1978.0,48.837784,47.0
6.0,42.0,4.0,2.0,0.0,126.98,0.0,49.5,64.0,161.04,1052.0,55.80126,56.0
30.0,76.0,2.0,2.0,0.0,123.06,0.0,53.7,100.0,105.31,391.0,24.070198,15.0
18.0,84.0,5.0,10.0,0.0,124.43,1.0,60.3,343.0,159.96,187.0,72.13397,66.0
30.0,71.0,0.0,1.0,0.0,15.25,1.0,46.3,418.0,16.39,1796.0,56.81899,66.0
10.0,27.0,1.0,7.0,1.0,129.87,1.0,93.7,204.0,108.26,224.0,67.63356,84.0
18.0,8.0,0.0,3.0,0.0,85.65,1.0,54.3,170.0,110.8,670.0,69.501724,68.0
22.0,7.0,5.0,4.0,0.0,82.3,1.0,68.2,53.0,95.02,1364.0,71.47536,58.0
30.0,55.0,6.0,9.0,0.0,55.48,1.0,87.6,306.0,67.99,1610.0,58.900745,47.0
2.0,50.0,5.0,8.0,0.0,62.91,0.0,86.1,187.0,79.15,55.0,41.52766,45.0
15.0,19.0,4.0,5.0,0.0,5.31,0.0,87.7,34.0,4.73,546.0,31.682392,31.0
3.0,78.0,0.0,9.0,0.0,77.0,1.0,82.8,190.0,96.25,226.0,66.6642,67.0
25.0,17.0,3.0,11.0,0.0,110.13,1.0,64.2,99.0,106.18,704.0,49.920586,51.0
10.0,35.0,4.0,3.0,0.0,122.83,0.0,67.0,444.0,144.27,1911.0,49.16212,53.0
26.0,81.0,2.0,5.0,0.0,108.59,0.0,77.8,435.0,137.55,856.0,41.28667,43.0
21.0,26.0,4.0,8.0,0.0,36.62,0.0,95.0,464.0,44.08,1815.0,47.839302,48.0
23.0,96.0,1.0,8.0,0.0,11.11,1.0,77.8,188.0,13.38,954.0,57.456436,67.0
30.0,51.0,5.0,4.0,0.0,63.96,0.0,69.8,147.0,80.92,380.0,38.235157,37.0
10.0,84.0,0.0,2.0,0.0,13.24,0.0,44.3,149.0,16.8,889.0,37.984,36.0
4.0,99.0,3.0,4.0,0.0,95.73,1.0,77.6,324.0,90.3,1573.0,53.11312,57.0
19.0,38.0,6.0,4.0,0.0,50.06,1.0,54.1,320.0,59.11,218.0,59.005592,54.0
29.0,7.0,2.0,5.0,0.0,29.01,1.0,86.6,206.0,34.52,1144.0,60.67892,77.0
8.0,27.0,3.0,1.0,0.0,80.31,1.0,53.4,468.0,81.86,866.0,56.75846,65.0
27.0,92.0,0.0,1.0,0.0,13.01,0.0,51.4,363.0,12.06,1038.0,35.366062,36.0
16.0,42.0,2.0,2.0,0.0,56.7,0.0,39.3,344.0,64.0,559.0,24.526611,25.0
12.0,81.0,6.0,10.0,0.0,73.71,0.0,63.6,321.0,94.34,1184.0,50.013798,54.0
6.0,65.0,3.0,4.0,0.0,10.59,0.0,69.9,384.0,13.32,1334.0,46.973183,47.0
26.0,47.0,0.0,2.0,0.0,55.09,0.0,35.1,362.0,58.84,1218.0,33.279736,29.0
23.0,66.0,5.0,12.0,0.0,43.93,1.0,39.3,158.0,48.16,1166.0,62.71029,66.0
30.0,8.0,6.0,1.0,0.0,107.86,0.0,31.2,369.0,135.4,600.0,40.65247,53.0
6.0,71.0,0.0,11.0,0.0,147.53,1.0,57.8,33.0,128.12,798.0,51.806416,52.0
16.0,6.0,1.0,1.0,0.0,84.8,0.0,41.8,140.0,73.06,1629.0,21.70367,19.0
6.0,100.0,3.0,11.0,1.0,17.6,0.0,54.0,426.0,14.87,410.0,66.46901,74.0
27.0,67.0,2.0,4.0,0.0,38.68,0.0,62.6,335.0,41.44,1238.0,35.941563,36.0
12.0,68.0,3.0,2.0,0.0,54.73,0.0,36.3,40.0,66.82,1083.0,45.321526,41.0
9.0,90.0,6.0,12.0,0.0,56.79,1.0,51.4,314.0,61.81,490.0,59.745087,62.0
13.0,40.0,6.0,3.0,0.0,60.11,1.0,51.7,167.0,73.68,986.0,62.547924,62.0
13.0,3.0,1.0,5.0,0.0,139.72,1.0,87.8,328.0,116.94,1316.0,42.586452,37.0
1.0,14.0,6.0,9.0,0.0,23.19,0.0,86.2,390.0,29.84,1578.0,30.317884,31.0
25.0,50.0,5.0,8.0,0.0,37.76,1.0,80.3,179.0,31.43,1008.0,46.183834,38.0
7.0,79.0,4.0,2.0,0.0,90.12,1.0,43.1,401.0,85.44,1418.0,56.711098,48.0
25.0,84.0,6.0,9.0,0.0,13.39,0.0,72.9,166.0,13.4,422.0,27.165545,25.0
16.0,29.0,3.0,11.0,0.0,99.94,1.0,79.2,239.0,127.8,461.0,59.491535,69.0
7.0,36.0,3.0,11.0,0.0,140.14,1.0,41.0,321.0,167.14,804.0,68.5154,79.0
5.0,52.0,0.0,4.0,0.0,32.48,0.0,61.1,61.0,36.32,1882.0,39.30436,38.0
16.0,28.0,6.0,7.0,0.0,80.92,1.0,108.1,338.0,71.79,710.0,40.538803,50.0
26.0,16.0,1.0,1.0,0.0,73.32,1.0,39.3,102.0,61.22,1477.0,40.409588,40.0
14.0,82.0,4.0,11.0,0.0,111.66,1.0,57.4,196.0,117.98,1532.0,62.005013,68.0
8.0,91.0,1.0,2.0,0.0,18.53,1.0,45.1,239.0,23.96,1743.0,61.164284,56.0
2.0,28.0,3.0,4.0,0.0,119.03,1.0,59.7,143.0,153.26,904.0,71.32582,72.0
11.0,4.0,4.0,3.0,0.0,32.17,0.0,58.8,462.0,32.13,689.0,32.112946,34.0
10.0,72.0,4.0,12.0,0.0,118.06,1.0,35.3,415.0,151.26,1456.0,73.8694,90.0
26.0,18.0,0.0,4.0,0.0,140.56,0.0,67.3,484.0,173.75,561.0,43.4603,39.0
22.0,5.0,2.0,10.0,0.0,78.1,1.0,66.8,283.0,96.52,673.0,68.42439,71.0
22.0,15.0,3.0,3.0,0.0,36.69,0.0,45.1,189.0,30.41,165.0,36.278435,35.0
29.0,18.0,2.0,10.0,0.0,133.85,0.0,63.0,158.0,120.57,946.0,30.756554,27.0
29.0,86.0,2.0,5.0,0.0,55.42,0.0,72.7,67.0,50.94,848.0,38.73773,37.0
27.0,14.0,6.0,4.0,0.0,52.93,0.0,69.4,448.0,54.32,916.0,35.885246,37.0
12.0,69.0,1.0,8.0,0.0,55.18,0.0,90.4,454.0,49.31,793.0,38.08788,42.0
30.0,13.0,4.0,7.0,0.0,71.46,0.0,102.8,200.0,79.25,1716.0,35.424065,31.0
7.0,7.0,5.0,2.0,0.0,48.88,1.0,41.5,385.0,43.15,353.0,54.50394,52.0
22.0,35.0,2.0,3.0,0.0,100.16,1.0,56.6,220.0,113.1,481.0,66.82035,70.0
27.0,79.0,0.0,4.0,0.0,24.11,0.0,74.6,22.0,22.2,805.0,33.592823,26.0
14.0,88.0,1.0,8.0,0.0,120.02,1.0,92.2,251.0,150.16,1285.0,70.392075,67.0
4.0,82.0,3.0,4.0,0.0,69.72,1.0,69.7,380.0,80.79,1065.0,54.824917,71.0
27.0,41.0,2.0,6.0,0.0,52.09,1.0,78.7,107.0,49.58,161.0,48.95864,60.0
16.0,92.0,2.0,10.0,0.0,13.44,1.0,76.4,307.0,11.94,474.0,42.825504,30.0
20.0,11.0,2.0,1.0,0.0,82.53,0.0,37.6,13.0,67.7,1272.0,21.508896,24.0
19.0,69.0,1.0,7.0,0.0,26.74,0.0,95.2,265.0,26.03,403.0,35.07548,38.0
21.0,70.0,4.0,6.0,0.0,49.05,1.0,105.1,39.0,50.09,1661.0,52.340984,52.0
26.0,35.0,5.0,6.0,0.0,112.64,0.0,106.0,98.0,96.86,1070.0,21.603092,16.0
28.0,69.0,6.0,3.0,0.0,71.9,1.0,73.7,178.0,83.54,988.0,58.41634,59.0
19.0,37.0,6.0,6.0,0.0,103.96,1.0,74.3,283.0,119.35,1951.0,64.52998,82.0
16.0,1.0,2.0,4.0,0.0,135.02,0.0,76.7,445.0,115.83,1715.0,19.298359,15.0
23.0,15.0,4.0,5.0,0.0,27.37,0.0,67.4,416.0,33.11,1015.0,38.28167,39.0
29.0,14.0,4.0,12.0,0.0,61.96,1.0,47.5,325.0,51.29,920.0,57.19039,51.0
23.0,63.0,3.0,12.0,0.0,66.3,0.0,46.6,371.0,64.06,1888.0,38.953697,41.0
25.0,19.0,2.0,7.0,1.0,27.84,0.0,98.0,253.0,31.58,879.0,56.04243,42.0
13.0,10.0,1.0,11.0,0.0,114.49,0.0,62.8,191.0,120.66,258.0,39.50347,38.0
30.0,98.0,3.0,4.0,0.0,23.83,0.0,71.4,47.0,21.34,1969.0,36.454475,38.0
20.0,12.0,6.0,5.0,0.0,33.88,1.0,80.8,213.0,28.61,1986.0,47.37215,38.0
15.0,24.0,2.0,1.0,0.0,44.73,0.0,46.0,173.0,52.66,111.0,31.5347,33.0
16.0,43.0,6.0,4.0,0.0,148.06,0.0,57.6,153.0,130.73,1979.0,20.31419,14.0
5.0,92.0,4.0,3.0,0.0,34.27,0.0,39.3,426.0,31.87,1449.0,35.786533,30.0
13.0,82.0,3.0,4.0,0.0,141.42,1.0,75.1,324.0,181.91,482.0,71.75879,66.0
13.0,78.0,3.0,11.0,1.0,139.49,1.0,58.5,283.0,139.42,163.0,74.86044,67.0
28.0,66.0,2.0,4.0,0.0,15.95,1.0,78.1,60.0,16.85,1904.0,55.816067,63.0
10.0,5.0,1.0,9.0,0.0,94.8,1.0,82.5,74.0,76.87,1523.0,50.483295,55.0
30.0,35.0,6.0,10.0,0.0,108.74,0.0,73.5,17.0,131.27,1741.0,48.736946,51.0
2.0,11.0,3.0,5.0,0.0,57.28,0.0,78.7,355.0,73.78,776.0,41.34236,47.0
27.0,18.0,0.0,7.0,0.0,33.34,1.0,89.9,194.0,39.93,70.0,52.741463,56.0
20.0,24.0,3.0,11.0,1.0,68.49,1.0,55.2,11.0,78.53,697.0,76.85188,72.0
17.0,62.0,4.0,4.0,0.0,45.5,1.0,60.2,146.0,41.84,1037.0,50.193626,50.0
14.0,13.0,3.0,11.0,0.0,140.95,0.0,51.6,260.0,176.66,1298.0,51.97132,54.0
20.0,21.0,4.0,8.0,0.0,93.34,0.0,99.6,485.0,77.45,1976.0,21.977396,25.0
22.0,57.0,4.0,1.0,0.0,136.23,1.0,32.9,315.0,129.9,1926.0,52.153675,66.0
14.0,44.0,3.0,3.0,0.0,88.31,1.0,67.2,71.0,109.5,989.0,60.634342,62.0
15.0,50.0,4.0,10.0,0.0,73.2,0.0,59.4,335.0,77.64,324.0,36.391586,38.0
9.0,34.0,3.0,10.0,0.0,114.43,1.0,70.5,494.0,97.7,913.0,46.55523,37.0
3.0,5.0,5.0,5.0,0.0,76.45,0.0,80.7,97.0,77.73,1124.0,41.073967,44.0
29.0,7.0,6.0,11.0,0.0,130.14,0.0,42.0,372.0,106.22,505.0,31.247965,25.0
18.0,14.0,0.0,10.0,0.0,44.6,0.0,63.4,41.0,56.28,608.0,40.688984,37.0
27.0,52.0,5.0,5.0,0.0,30.29,1.0,76.5,450.0,29.67,1158.0,54.00632,57.0
21.0,61.0,6.0,4.0,0.0,42.26,1.0,63.8,326.0,34.39,627.0,49.53986,43.0
11.0,95.0,1.0,8.0,0.0,106.47,1.0,95.0,88.0,137.54,403.0,64.67802,54.0
7.0,12.0,3.0,6.0,0.0,61.76,1.0,102.3,478.0,67.83,1348.0,57.641052,56.0
12.0,23.0,6.0,12.0,0.0,124.28,0.0,51.2,149.0,142.54,439.0,45.951748,44.0
15.0,63.0,5.0,4.0,0.0,20.65,1.0,67.0,367.0,23.03,1453.0,60.515457,63.0
27.0,11.0,4.0,9.0,0.0,106.27,0.0,75.7,71.0,94.99,1678.0,31.166256,26.0
18.0,42.0,1.0,12.0,0.0,58.64,1.0,51.1,72.0,62.46,1607.0,59.587505,57.0
27.0,100.0,3.0,11.0,0.0,74.79,1.0,51.2,434.0,84.84,451.0,58.411335,53.0
19.0,12.0,1.0,4.0,0.0,91.65,0.0,58.8,161.0,112.9,1652.0,44.75374,45.0
25.0,71.0,6.0,3.0,0.0,147.66,1.0,65.7,358.0,156.08,704.0,47.7069,44.0
13.0,89.0,3.0,6.0,0.0,62.37,0.0,87.4,226.0,77.11,597.0,41.063152,35.0
8.0,68.0,4.0,2.0,0.0,40.59,1.0,48.5,458.0,45.36,380.0,61.55687,49.0
23.0,46.0,3.0,7.0,1.0,74.46,1.0,99.6,76.0,61.37,323.0,75.74041,83.0
15.0,76.0,1.0,2.0,0.0,80.21,1.0,39.4,498.0,101.16,453.0,59.549957,57.0
30.0,56.0,0.0,2.0,0.0,70.58,0.0,41.9,291.0,82.53,1629.0,37.89132,33.0
23.0,82.0,0.0,2.0,0.0,75.14,1.0,40.1,458.0,69.18,1406.0,55.774643,54.0
4.0,63.0,1.0,12.0,0.0,125.51,1.0,46.4,160.0,108.18,299.0,38.89232,55.0
9.0,47.0,2.0,1.0,0.0,96.88,1.0,35.5,323.0,124.71,448.0,66.17534,71.0
23.0,8.0,5.0,10.0,0.0,108.12,0.0,70.0,80.0,113.27,1476.0,42.70067,46.0
7.0,83.0,4.0,8.0,0.0,39.72,0.0,92.0,189.0,34.36,203.0,31.067053,38.0
7.0,66.0,0.0,3.0,0.0,142.38,1.0,48.9,61.0,118.91,661.0,45.293556,35.0
11.0,6.0,3.0,10.0,0.0,138.83,0.0,82.9,63.0,151.29,1641.0,41.633427,37.0
4.0,14.0,4.0,12.0,0.0,132.3,0.0,46.1,99.0,110.7,1552.0,24.006073,23.0
22.0,28.0,2.0,4.0,0.0,145.7,1.0,73.7,424.0,145.39,161.0,56.023,59.0
17.0,55.0,5.0,4.0,0.0,132.15,0.0,84.2,86.0,167.52,256.0,48.24545,56.0
20.0,94.0,5.0,1.0,0.0,122.67,1.0,33.3,243.0,140.25,363.0,58.14084,52.0
1.0,14.0,2.0,7.0,0.0,95.59,0.0,89.6,486.0,119.23,418.0,38.576283,39.0
11.0,86.0,3.0,4.0,0.0,98.38,0.0,72.4,275.0,123.64,1626.0,47.150635,47.0
21.0,60.0,2.0,3.0,0.0,14.2,0.0,49.8,295.0,12.07,702.0,30.931824,30.0
15.0,32.0,1.0,6.0,0.0,98.84,0.0,99.9,318.0,89.55,1199.0,31.794888,31.0
19.0,12.0,4.0,1.0,0.0,36.42,0.0,42.1,384.0,32.07,1293.0,34.32108,30.0
23.0,45.0,4.0,6.0,0.0,77.16,1.0,103.3,321.0,84.65,161.0,57.216614,60.0
3.0,83.0,0.0,5.0,0.0,72.43,1.0,83.4,353.0,84.8,1896.0,70.22969,56.0
13.0,45.0,1.0,1.0,0.0,120.32,0.0,54.1,60.0,154.3,224.0,49.638596,54.0
15.0,3.0,4.0,4.0,0.0,8.18,0.0,68.0,260.0,8.71,388.0,32.50167,36.0
30.0,40.0,2.0,10.0,0.0,50.42,0.0,62.8,468.0,45.05,373.0,30.080791,31.0
24.0,55.0,3.0,5.0,0.0,52.49,0.0,82.5,141.0,53.48,1803.0,35.24273,38.0
19.0,50.0,1.0,6.0,0.0,136.46,0.0,106.5,187.0,125.19,1669.0,33.16443,31.0
12.0,55.0,5.0,1.0,0.0,19.08,0.0,49.6,232.0,20.86,230.0,37.503105,39.0
11.0,68.0,3.0,10.0,0.0,108.21,0.0,73.1,369.0,126.44,961.0,40.65754,38.0
18.0,26.0,4.0,2.0,0.0,62.9,1.0,39.4,319.0,57.65,89.0,50.497044,58.0
24.0,87.0,6.0,3.0,0.0,44.68,0.0,45.3,106.0,50.38,857.0,37.16471,38.0
4.0,44.0,6.0,3.0,0.0,134.83,1.0,59.9,462.0,130.56,257.0,50.459995,48.0
26.0,10.0,0.0,10.0,0.0,107.19,0.0,75.3,208.0,126.08,811.0,36.429718,32.0
11.0,45.0,0.0,10.0,0.0,103.27,1.0,68.5,102.0,105.37,693.0,56.511787,59.0
21.0,19.0,6.0,7.0,1.0,94.99,1.0,113.0,135.0,112.51,1618.0,87.14915,83.0
24.0,57.0,4.0,11.0,1.0,121.09,0.0,72.2,206.0,129.13,846.0,59.968018,73.0
7.0,36.0,0.0,6.0,0.0,79.19,0.0,107.1,11.0,92.15,795.0,46.732132,48.0
24.0,7.0,5.0,2.0,0.0,11.64,0.0,57.8,400.0,10.12,487.0,31.2041,32.0
13.0,49.0,0.0,11.0,1.0,99.97,1.0,67.8,108.0,86.18,1703.0,74.04612,81.0
27.0,94.0,5.0,4.0,0.0,29.61,0.0,67.6,478.0,26.89,266.0,35.902393,36.0
6.0,58.0,5.0,5.0,0.0,111.92,1.0,69.7,352.0,141.43,125.0,72.10823,83.0
2.0,42.0,4.0,3.0,0.0,84.94,1.0,54.9,165.0,103.48,1121.0,62.940384,74.0
24.0,89.0,2.0,8.0,0.0,51.58,0.0,105.0,186.0,62.66,1030.0,37.25206,37.0
23.0,52.0,4.0,9.0,0.0,134.58,1.0,77.1,81.0,127.5,1757.0,52.61983,49.0
1.0,68.0,1.0,1.0,0.0,12.1,0.0,43.8,94.0,11.19,1907.0,29.733425,31.0
28.0,70.0,2.0,2.0,0.0,134.49,0.0,60.6,317.0,140.94,1475.0,35.302834,32.0
7.0,12.0,3.0,2.0,0.0,107.05,0.0,59.0,231.0,129.19,1441.0,46.737095,55.0
12.0,26.0,6.0,2.0,0.0,135.67,0.0,49.2,148.0,149.48,1886.0,50.965786,58.0
15.0,64.0,6.0,3.0,0.0,140.53,1.0,70.0,304.0,124.16,1175.0,45.693542,45.0
18.0,15.0,5.0,2.0,0.0,110.81,0.0,40.2,250.0,119.74,1076.0,38.818775,43.0
28.0,6.0,6.0,1.0,0.0,81.86,1.0,46.0,71.0,74.55,363.0,45.65407,50.0
28.0,97.0,2.0,5.0,0.0,105.74,0.0,87.7,223.0,93.14,1694.0,31.333204,32.0
23.0,30.0,3.0,2.0,0.0,28.13,0.0,41.6,487.0,35.54,1938.0,41.727623,43.0
29.0,18.0,3.0,3.0,0.0,33.48,1.0,58.3,421.0,35.95,1134.0,63.538197,75.0
28.0,91.0,3.0,11.0,0.0,69.51,1.0,71.4,357.0,61.28,1039.0,49.678047,52.0
13.0,12.0,5.0,10.0,0.0,61.16,1.0,74.7,166.0,54.02,68.0,47.541344,51.0
25.0,71.0,0.0,11.0,1.0,136.47,1.0,56.4,460.0,165.19,1596.0,79.06908,101.0
15.0,60.0,6.0,5.0,0.0,18.22,0.0,86.1,50.0,21.37,1843.0,37.49082,35.0
14.0,100.0,3.0,9.0,0.0,30.1,0.0,90.9,201.0,34.34,1402.0,38.166733,42.0
16.0,72.0,4.0,10.0,0.0,111.64,0.0,81.5,236.0,113.5,1638.0,33.41193,29.0
24.0,95.0,4.0,4.0,0.0,83.36,1.0,58.5,237.0,66.86,1894.0,49.297676,43.0
3.0,69.0,6.0,12.0,0.0,124.28,0.0,48.0,434.0,153.71,1453.0,55.238335,64.0
22.0,50.0,3.0,1.0,0.0,115.27,1.0,51.2,415.0,129.28,898.0,67.31481,53.0
9.0,100.0,5.0,1.0,0.0,121.28,0.0,52.7,55.0,109.64,824.0,27.795935,27.0
30.0,23.0,4.0,1.0,0.0,120.09,1.0,38.7,455.0,152.84,1743.0,66.583534,82.0
24.0,86.0,2.0,2.0,0.0,101.98,0.0,51.9,275.0,132.13,1940.0,47.292664,46.0
17.0,94.0,3.0,1.0,0.0,64.31,0.0,33.3,155.0,72.25,782.0,38.58201,39.0
16.0,45.0,4.0,2.0,0.0,60.36,0.0,54.6,112.0,72.53,206.0,33.72915,29.0
27.0,69.0,5.0,1.0,0.0,88.11,1.0,53.3,319.0,91.38,1621.0,61.335846,58.0
7.0,25.0,5.0,12.0,0.0,72.43,0.0,39.5,176.0,63.06,1245.0,35.4218,34.0
22.0,54.0,6.0,11.0,0.0,121.47,0.0,49.3,48.0,103.99,1272.0,32.583893,37.0
13.0,90.0,0.0,4.0,0.0,136.52,1.0,72.2,105.0,159.54,1305.0,63.21293,66.0
25.0,50.0,5.0,3.0,0.0,39.4,0.0,56.8,221.0,36.38,875.0,26.234085,24.0
3.0,82.0,1.0,1.0,0.0,30.87,0.0,47.3,285.0,29.97,1977.0,45.086067,45.0
25.0,83.0,6.0,10.0,0.0,128.13,0.0,75.8,166.0,138.79,1950.0,38.756615,33.0
1.0,74.0,2.0,4.0,0.0,29.84,0.0,76.1,392.0,36.71,1130.0,29.378183,26.0
30.0,8.0,3.0,1.0,0.0,122.1,1.0,43.6,163.0,157.33,1125.0,67.204285,65.0
25.0,7.0,3.0,10.0,0.0,13.77,1.0,66.9,150.0,13.87,349.0,50.243984,41.0
3.0,38.0,4.0,1.0,0.0,25.5,1.0,40.2,103.0,30.14,581.0,58.156456,65.0
14.0,69.0,0.0,1.0,0.0,33.07,1.0,49.1,340.0,26.84,699.0,54.838654,43.0
24.0,66.0,2.0,4.0,0.0,60.39,1.0,67.1,492.0,66.75,685.0,60.955242,60.0
8.0,82.0,2.0,2.0,0.0,67.14,0.0,38.9,347.0,86.57,1237.0,47.267624,53.0
3.0,85.0,6.0,3.0,0.0,84.89,0.0,51.7,190.0,95.85,1395.0,46.137157,46.0
23.0,10.0,5.0,6.0,0.0,61.96,1.0,91.5,110.0,80.18,799.0,61.960567,74.0
16.0,95.0,6.0,5.0,0.0,85.79,1.0,73.8,98.0,95.46,857.0,48.596294,52.0
23.0,93.0,6.0,5.0,0.0,101.18,1.0,79.2,237.0,91.46,120.0,51.530136,36.0
3.0,96.0,4.0,2.0,0.0,129.87,0.0,42.6,158.0,132.59,1698.0,44.842148,40.0
1.0,96.0,5.0,1.0,0.0,43.71,0.0,46.4,104.0,53.23,892.0,31.543463,34.0
21.0,77.0,3.0,2.0,0.0,47.01,0.0,50.9,375.0,45.82,1619.0,35.300575,32.0
27.0,37.0,4.0,8.0,0.0,130.6,1.0,91.6,154.0,143.09,933.0,54.382324,60.0
14.0,33.0,6.0,6.0,0.0,132.16,0.0,87.6,441.0,139.01,1207.0,40.757187,37.0
10.0,75.0,2.0,6.0,0.0,81.27,0.0,87.4,280.0,96.4,336.0,45.12129,47.0
27.0,51.0,0.0,1.0,0.0,83.59,0.0,40.5,69.0,92.94,1809.0,44.098473,44.0
29.0,78.0,2.0,3.0,0.0,13.25,1.0,58.5,70.0,13.58,1437.0,59.589325,53.0
8.0,29.0,0.0,12.0,0.0,103.83,1.0,50.7,119.0,101.42,1785.0,61.139015,65.0
27.0,1.0,4.0,8.0,0.0,92.84,0.0,92.1,140.0,100.95,736.0,38.024975,45.0
24.0,30.0,0.0,11.0,0.0,63.19,1.0,58.5,400.0,77.6,941.0,58.168785,51.0
6.0,41.0,1.0,1.0,0.0,75.26,1.0,54.7,140.0,71.06,952.0,61.608376,61.0
6.0,93.0,6.0,4.0,0.0,61.91,1.0,62.6,26.0,65.59,1983.0,73.67529,66.0
2.0,13.0,4.0,3.0,0.0,45.96,1.0,48.2,274.0,46.26,799.0,55.764866,49.0
26.0,90.0,1.0,2.0,0.0,28.51,0.0,49.4,106.0,35.07,233.0,27.469364,35.0
11.0,2.0,6.0,4.0,0.0,129.36,1.0,75.0,212.0,157.64,1921.0,67.93313,69.0
16.0,51.0,0.0,1.0,0.0,100.49,0.0,28.7,145.0,92.08,889.0,21.96386,22.0
8.0,100.0,1.0,2.0,0.0,19.83,0.0,51.5,392.0,22.72,931.0,43.28811,40.0
4.0,6.0,1.0,3.0,0.0,123.28,0.0,32.4,120.0,133.39,664.0,39.089706,38.0
13.0,46.0,1.0,6.0,0.0,123.25,0.0,95.1,346.0,116.4,1009.0,30.63726,29.0
3.0,77.0,3.0,4.0,0.0,53.36,0.0,65.1,144.0,49.93,78.0,39.637623,36.0
29.0,74.0,5.0,7.0,0.0,57.56,0.0,93.2,69.0,54.82,1920.0,38.13554,40.0
29.0,67.0,6.0,4.0,0.0,91.41,0.0,69.5,389.0,114.31,1379.0,49.10124,49.0
13.0,92.0,6.0,12.0,0.0,15.49,0.0,42.8,60.0,14.88,511.0,35.216064,25.0
2.0,72.0,1.0,1.0,0.0,107.86,1.0,56.2,243.0,118.54,1174.0,64.59239,67.0
15.0,28.0,2.0,3.0,0.0,121.47,1.0,62.9,408.0,139.75,1523.0,61.166428,62.0
9.0,12.0,3.0,11.0,0.0,71.66,0.0,63.4,145.0,89.05,1294.0,46.774086,39.0
8.0,35.0,4.0,4.0,0.0,89.61,0.0,69.4,215.0,97.11,362.0,41.796432,47.0
20.0,52.0,0.0,11.0,1.0,27.16,0.0,52.1,243.0,27.62,962.0,57.247364,61.0
22.0,78.0,0.0,10.0,0.0,98.25,0.0,71.6,172.0,93.07,1374.0,40.6765,43.0
18.0,3.0,4.0,12.0,0.0,7.88,1.0,43.6,217.0,8.63,795.0,54.18424,56.0
6.0,58.0,6.0,1.0,0.0,40.42,1.0,56.3,65.0,51.96,128.0,72.940865,77.0
25.0,61.0,5.0,5.0,0.0,146.58,1.0,96.4,36.0,117.64,1448.0,42.12324,49.0
27.0,94.0,4.0,1.0,0.0,96.1,0.0,60.2,148.0,116.88,1147.0,45.99851,50.0
25.0,87.0,6.0,6.0,0.0,42.81,1.0,101.1,154.0,55.06,877.0,54.622513,69.0
13.0,76.0,3.0,8.0,0.0,24.63,1.0,103.0,149.0,30.15,1204.0,55.843952,51.0
21.0,1.0,5.0,6.0,0.0,7.85,0.0,86.9,414.0,9.98,1961.0,35.26662,36.0
12.0,48.0,2.0,6.0,0.0,61.51,1.0,100.9,233.0,51.07,1762.0,57.687042,53.0
3.0,90.0,2.0,5.0,0.0,148.1,1.0,67.8,120.0,147.73,1262.0,60.555542,63.0
13.0,14.0,0.0,2.0,0.0,14.95,0.0,46.3,420.0,16.49,1739.0,34.967396,36.0
27.0,67.0,0.0,12.0,0.0,5.59,0.0,53.9,70.0,5.76,1998.0,40.469658,41.0
2.0,4.0,4.0,1.0,0.0,35.58,1.0,38.7,53.0,28.77,1706.0,55.260395,58.0
5.0,31.0,4.0,1.0,0.0,18.53,0.0,45.6,246.0,19.01,779.0,38.39379,37.0
24.0,56.0,2.0,4.0,0.0,148.03,1.0,77.7,175.0,137.47,1015.0,44.424007,46.0
8.0,33.0,0.0,6.0,0.0,90.94,1.0,97.0,374.0,109.76,673.0,60.556305,76.0
22.0,73.0,0.0,1.0,0.0,130.01,1.0,50.6,384.0,151.24,1317.0,67.24412,66.0
11.0,46.0,3.0,12.0,0.0,11.43,0.0,55.6,412.0,14.09,1419.0,33.42182,32.0
7.0,21.0,2.0,3.0,0.0,37.95,0.0,52.5,405.0,42.62,1559.0,41.853546,34.0
29.0,32.0,3.0,10.0,0.0,96.78,1.0,64.9,475.0,114.35,986.0,68.51261,70.0
24.0,23.0,1.0,2.0,0.0,139.71,1.0,55.2,258.0,136.86,156.0,47.990463,49.0
17.0,99.0,6.0,1.0,0.0,11.69,1.0,61.2,212.0,13.96,1019.0,51.886936,58.0
13.0,4.0,0.0,3.0,0.0,82.11,1.0,48.5,303.0,76.76,1868.0,56.334557,61.0
18.0,82.0,6.0,2.0,0.0,80.16,0.0,62.5,477.0,92.99,462.0,42.007668,46.0
18.0,76.0,6.0,9.0,0.0,145.91,0.0,82.4,131.0,148.09,919.0,37.775833,35.0
6.0,90.0,3.0,2.0,0.0,76.45,1.0,49.9,344.0,89.5,845.0,68.52153,72.0
14.0,99.0,6.0,7.0,0.0,50.42,1.0,93.9,49.0,45.03,1345.0,50.554363,45.0
16.0,15.0,1.0,1.0,0.0,110.01,1.0,52.7,243.0,106.35,91.0,43.87033,29.0
2.0,84.0,6.0,10.0,0.0,74.63,1.0,65.6,159.0,96.06,1943.0,67.88736,76.0
17.0,92.0,5.0,11.0,0.0,71.4,1.0,66.9,67.0,65.02,681.0,53.77213,39.0
13.0,82.0,1.0,1.0,0.0,21.97,0.0,41.6,180.0,25.16,1871.0,39.18899,44.0
6.0,98.0,6.0,3.0,0.0,86.1,0.0,55.2,67.0,85.9,411.0,42.414642,51.0
23.0,78.0,4.0,3.0,0.0,115.71,1.0,64.2,299.0,143.03,1845.0,73.86134,60.0
13.0,30.0,1.0,10.0,0.0,111.63,1.0,64.3,94.0,120.12,1381.0,62.265972,56.0
6.0,96.0,0.0,12.0,0.0,111.36,1.0,39.1,387.0,136.34,1913.0,79.12763,77.0
12.0,47.0,6.0,10.0,0.0,9.32,1.0,58.3,37.0,8.95,380.0,63.434376,69.0
18.0,28.0,5.0,5.0,0.0,61.55,0.0,84.1,257.0,51.36,700.0,32.071945,37.0
7.0,97.0,3.0,7.0,1.0,52.42,0.0,87.0,154.0,48.98,973.0,68.830986,61.0
25.0,62.0,0.0,6.0,0.0,112.26,0.0,94.0,151.0,111.88,813.0,27.198462,27.0
3.0,61.0,1.0,4.0,0.0,54.89,0.0,81.3,390.0,53.64,1324.0,46.1847,43.0
14.0,51.0,0.0,7.0,0.0,114.45,1.0,95.5,401.0,120.78,622.0,55.977592,64.0
18.0,31.0,1.0,1.0,0.0,19.23,0.0,42.6,325.0,22.81,1856.0,43.516228,51.0
7.0,22.0,4.0,11.0,1.0,13.32,1.0,43.6,453.0,13.38,443.0,83.4395,78.0
2.0,42.0,6.0,5.0,0.0,70.7,0.0,84.8,478.0,65.29,166.0,29.974453,28.0
25.0,98.0,0.0,3.0,0.0,92.95,1.0,46.3,26.0,112.59,207.0,56.798443,67.0
1.0,77.0,4.0,1.0,0.0,93.49,0.0,31.2,407.0,90.67,579.0,28.501501,31.0
27.0,67.0,2.0,8.0,0.0,140.83,1.0,100.6,35.0,156.69,1717.0,62.215195,65.0
11.0,81.0,2.0,8.0,0.0,22.39,1.0,91.6,376.0,26.58,1483.0,55.923645,56.0
25.0,60.0,6.0,2.0,0.0,44.2,0.0,43.2,454.0,39.58,1026.0,24.511896,21.0
6.0,1.0,2.0,2.0,0.0,72.94,1.0,57.5,411.0,91.13,909.0,68.06639,69.0
15.0,6.0,6.0,12.0,0.0,50.62,0.0,48.3,476.0,50.66,1932.0,40.18834,41.0
8.0,11.0,3.0,1.0,0.0,40.52,0.0,43.0,443.0,37.81,975.0,35.34921,32.0
20.0,18.0,2.0,3.0,0.0,50.67,0.0,63.4,87.0,58.05,486.0,29.23091,27.0
11.0,92.0,0.0,8.0,0.0,97.0,0.0,88.1,470.0,105.07,1892.0,38.366577,37.0
10.0,51.0,6.0,2.0,0.0,95.67,1.0,29.9,11.0,102.57,1508.0,61.29395,74.0
13.0,75.0,4.0,6.0,0.0,87.55,1.0,91.1,205.0,94.05,1485.0,59.97994,76.0
9.0,19.0,4.0,3.0,0.0,87.23,1.0,47.8,268.0,71.06,1607.0,48.443913,32.0
24.0,96.0,2.0,4.0,0.0,89.61,1.0,70.4,98.0,90.07,489.0,51.760853,61.0
9.0,41.0,3.0,4.0,0.0,75.41,1.0,77.2,299.0,90.39,1426.0,61.055573,53.0
2.0,9.0,1.0,7.0,0.0,105.04,0.0,89.2,38.0,134.18,1778.0,51.878876,56.0
27.0,21.0,3.0,4.0,0.0,15.63,1.0,67.1,379.0,19.31,424.0,52.006294,40.0
26.0,33.0,6.0,5.0,0.0,12.16,1.0,82.9,119.0,10.8,617.0,45.69927,39.0
11.0,16.0,1.0,11.0,0.0,42.21,1.0,58.7,426.0,41.45,1732.0,57.059032,64.0
17.0,45.0,3.0,4.0,0.0,59.06,1.0,76.7,332.0,55.53,1253.0,56.670166,59.0
24.0,80.0,5.0,11.0,0.0,70.99,0.0,49.1,453.0,84.91,1353.0,38.622223,49.0
20.0,62.0,4.0,8.0,0.0,103.55,0.0,98.0,43.0,88.6,1899.0,23.487595,18.0
4.0,68.0,3.0,3.0,0.0,28.18,0.0,57.4,390.0,31.75,87.0,32.999916,30.0
2.0,8.0,0.0,8.0,0.0,10.45,1.0,89.2,92.0,10.66,212.0,55.741646,54.0
19.0,61.0,1.0,10.0,0.0,55.87,1.0,65.3,277.0,58.33,693.0,59.04832,68.0
8.0,96.0,5.0,12.0,0.0,16.61,1.0,54.1,191.0,17.48,1246.0,59.91192,65.0
29.0,95.0,5.0,1.0,0.0,135.79,1.0,33.3,287.0,119.51,437.0,47.942635,46.0
16.0,52.0,6.0,4.0,0.0,135.96,0.0,64.5,13.0,159.51,1703.0,42.48094,37.0
21.0,43.0,0.0,4.0,0.0,83.65,1.0,71.0,247.0,87.89,1072.0,52.17263,52.0
20.0,99.0,1.0,3.0,0.0,40.86,0.0,61.2,202.0,36.73,1974.0,26.930622,21.0
16.0,35.0,4.0,2.0,0.0,68.06,0.0,47.0,118.0,72.24,893.0,28.001469,27.0
7.0,87.0,5.0,8.0,0.0,33.44,0.0,86.8,203.0,41.13,878.0,41.6233,45.0
11.0,13.0,5.0,3.0,0.0,83.95,1.0,56.3,453.0,83.99,1622.0,53.453835,52.0
17.0,85.0,1.0,2.0,0.0,42.18,0.0,66.2,73.0,47.57,603.0,34.067905,35.0
28.0,86.0,4.0,7.0,0.0,143.04,0.0,110.4,37.0,119.52,415.0,22.343483,16.0
17.0,99.0,3.0,12.0,0.0,80.51,1.0,48.7,401.0,86.15,593.0,55.96714,47.0
14.0,77.0,0.0,4.0,0.0,134.04,0.0,84.3,72.0,159.04,127.0,43.547432,48.0
14.0,45.0,6.0,4.0,0.0,145.8,1.0,74.3,426.0,122.72,692.0,38.07929,40.0
1.0,56.0,0.0,1.0,0.0,91.9,0.0,41.9,216.0,119.06,426.0,40.152798,33.0
30.0,40.0,5.0,2.0,0.0,81.9,1.0,70.0,312.0,103.91,151.0,59.70359,62.0
19.0,97.0,1.0,1.0,0.0,83.72,0.0,52.5,348.0,107.85,500.0,45.90136,55.0
29.0,50.0,3.0,1.0,0.0,99.05,1.0,40.8,289.0,85.57,1149.0,53.48028,52.0
16.0,64.0,5.0,7.0,0.0,142.09,0.0,101.1,464.0,166.34,829.0,39.487827,35.0
22.0,16.0,3.0,11.0,0.0,144.92,1.0,53.7,18.0,154.43,387.0,62.068195,62.0
22.0,67.0,4.0,12.0,0.0,56.63,0.0,46.4,246.0,70.61,1264.0,47.720604,49.0
29.0,80.0,4.0,11.0,0.0,149.25,1.0,66.8,19.0,125.64,539.0,49.88508,45.0
16.0,13.0,6.0,3.0,0.0,39.91,1.0,55.7,373.0,37.26,820.0,39.84294,30.0
17.0,68.0,1.0,12.0,0.0,9.05,0.0,56.0,130.0,11.39,1199.0,37.533928,37.0
27.0,32.0,5.0,2.0,0.0,43.25,1.0,47.7,449.0,37.76,1421.0,55.041763,58.0
10.0,100.0,5.0,2.0,0.0,117.6,1.0,57.9,438.0,122.26,878.0,57.808395,60.0
15.0,27.0,1.0,1.0,0.0,117.55,1.0,35.9,46.0,130.73,124.0,58.076725,57.0
26.0,92.0,5.0,7.0,0.0,38.13,0.0,105.0,102.0,49.19,306.0,28.29752,22.0
19.0,71.0,4.0,3.0,0.0,68.17,1.0,59.0,335.0,87.48,165.0,60.329617,65.0
16.0,83.0,4.0,11.0,1.0,31.86,1.0,44.4,82.0,28.53,481.0,72.91737,67.0
16.0,64.0,6.0,4.0,0.0,137.75,1.0,64.1,248.0,155.23,483.0,53.530106,60.0
19.0,22.0,5.0,1.0,0.0,23.67,0.0,49.4,418.0,23.09,1298.0,34.852577,32.0
3.0,27.0,1.0,9.0,0.0,39.22,0.0,76.1,243.0,34.19,524.0,38.03676,39.0
16.0,33.0,2.0,9.0,0.0,110.63,1.0,68.9,234.0,107.63,1200.0,45.94935,42.0
22.0,95.0,1.0,4.0,0.0,140.24,0.0,68.0,317.0,175.5,305.0,50.63997,49.0
15.0,81.0,5.0,4.0,0.0,53.71,0.0,63.6,441.0,47.82,1341.0,36.151268,39.0
21.0,40.0,1.0,10.0,0.0,61.24,0.0,70.1,468.0,55.88,1438.0,33.56194,32.0
16.0,13.0,3.0,7.0,1.0,30.62,0.0,102.9,298.0,35.33,1702.0,56.24386,43.0
11.0,31.0,0.0,9.0,0.0,26.12,0.0,88.6,98.0,31.77,946.0,38.065647,40.0
14.0,25.0,3.0,3.0,0.0,82.66,0.0,46.6,498.0,67.32,1175.0,29.26965,30.0
21.0,5.0,2.0,8.0,0.0,62.64,0.0,100.7,466.0,79.98,563.0,40.453487,43.0
15.0,44.0,3.0,9.0,0.0,118.4,1.0,77.0,201.0,144.84,398.0,59.232044,50.0
7.0,6.0,6.0,4.0,0.0,32.24,0.0,73.2,68.0,38.57,1613.0,41.554325,41.0
3.0,20.0,2.0,9.0,0.0,35.39,0.0,71.9,262.0,31.12,663.0,39.784508,40.0
19.0,17.0,6.0,2.0,0.0,83.11,0.0,38.4,259.0,91.23,109.0,35.416134,33.0
27.0,9.0,3.0,4.0,0.0,11.56,1.0,53.0,104.0,9.76,1525.0,59.706932,56.0
21.0,97.0,2.0,4.0,0.0,92.12,0.0,71.8,301.0,79.38,690.0,30.66788,25.0
14.0,41.0,0.0,4.0,0.0,55.37,0.0,72.5,449.0,48.55,60.0,28.563322,28.0
4.0,82.0,5.0,1.0,0.0,63.11,0.0,60.5,72.0,53.0,1171.0,31.253448,29.0
11.0,34.0,1.0,7.0,0.0,24.61,0.0,104.7,211.0,24.79,1394.0,34.63178,33.0
28.0,60.0,1.0,7.0,0.0,21.26,1.0,95.0,479.0,21.8,1762.0,53.645023,64.0
30.0,12.0,5.0,3.0,0.0,65.78,0.0,39.9,413.0,78.96,1505.0,37.845196,34.0
13.0,92.0,5.0,12.0,0.0,118.38,0.0,55.1,439.0,139.11,1429.0,48.942333,46.0
16.0,95.0,2.0,8.0,0.0,144.33,1.0,90.3,359.0,142.6,1456.0,50.913742,42.0
7.0,9.0,6.0,10.0,0.0,60.03,1.0,66.1,161.0,58.64,540.0,59.399807,56.0
19.0,46.0,5.0,1.0,0.0,98.96,1.0,52.4,448.0,94.05,1852.0,49.61605,47.0
8.0,69.0,3.0,3.0,0.0,125.63,0.0,56.7,68.0,161.81,883.0,55.401413,65.0
6.0,69.0,0.0,6.0,0.0,108.64,1.0,104.4,128.0,101.11,162.0,50.627834,62.0
23.0,58.0,1.0,5.0,0.0,68.57,0.0,90.0,214.0,66.4,1524.0,40.48388,47.0
3.0,47.0,2.0,1.0,0.0,84.82,0.0,60.8,18.0,94.67,985.0,47.72518,49.0
30.0,95.0,5.0,5.0,0.0,68.34,1.0,73.2,287.0,66.53,1718.0,47.980946,43.0
19.0,90.0,0.0,3.0,0.0,119.03,1.0,68.5,322.0,121.52,349.0,53.30853,52.0
12.0,9.0,4.0,3.0,0.0,93.63,1.0,53.8,155.0,78.79,495.0,50.726364,51.0
13.0,3.0,5.0,12.0,0.0,43.17,0.0,46.5,196.0,42.39,520.0,32.426346,28.0
9.0,26.0,6.0,5.0,0.0,133.7,1.0,69.6,148.0,163.98,248.0,70.67628,72.0
17.0,13.0,2.0,2.0,0.0,46.94,0.0,54.4,38.0,53.66,390.0,34.77587,33.0
22.0,21.0,0.0,9.0,0.0,67.18,1.0,68.8,439.0,60.48,987.0,56.07248,48.0
28.0,85.0,0.0,10.0,0.0,87.2,0.0,59.0,315.0,108.17,1167.0,40.321156,41.0
8.0,28.0,6.0,4.0,0.0,101.36,0.0,65.5,175.0,95.24,1866.0,39.457874,37.0
4.0,1.0,2.0,10.0,0.0,93.3,1.0,60.6,480.0,86.97,1018.0,50.565067,57.0
20.0,28.0,3.0,1.0,0.0,107.41,0.0,49.2,299.0,100.93,1743.0,28.175884,27.0
13.0,90.0,0.0,2.0,0.0,114.35,1.0,34.8,224.0,112.04,188.0,48.451027,44.0
30.0,14.0,2.0,1.0,0.0,130.37,0.0,43.8,299.0,107.79,823.0,23.882933,14.0
14.0,43.0,5.0,4.0,0.0,100.49,1.0,70.0,272.0,119.15,399.0,55.45292,52.0
17.0,21.0,6.0,8.0,0.0,119.96,0.0,91.2,495.0,119.96,467.0,31.281237,30.0
7.0,84.0,1.0,1.0,0.0,129.94,0.0,38.9,274.0,126.7,1841.0,39.038727,40.0
19.0,86.0,4.0,9.0,0.0,44.89,0.0,91.9,146.0,43.66,1248.0,33.96392,35.0
14.0,52.0,1.0,3.0,0.0,28.78,1.0,46.9,326.0,33.24,959.0,53.066147,57.0
24.0,8.0,3.0,4.0,0.0,96.58,1.0,76.3,246.0,77.6,1137.0,45.66918,60.0
6.0,36.0,5.0,7.0,1.0,46.74,1.0,92.1,142.0,56.47,1272.0,91.60422,100.0
24.0,61.0,1.0,2.0,0.0,84.94,0.0,60.4,400.0,98.17,1659.0,42.95915,47.0
28.0,50.0,0.0,5.0,0.0,39.52,1.0,92.2,447.0,46.84,1457.0,54.736797,45.0
5.0,27.0,1.0,12.0,0.0,133.55,1.0,42.7,424.0,116.27,182.0,46.25121,50.0
8.0,55.0,4.0,9.0,0.0,143.46,0.0,69.1,148.0,145.32,1092.0,39.674194,34.0
6.0,86.0,1.0,8.0,0.0,29.16,0.0,81.7,112.0,27.59,725.0,42.66783,43.0
27.0,55.0,3.0,4.0,0.0,35.16,0.0,75.3,330.0,41.64,1665.0,40.068893,40.0
17.0,19.0,2.0,11.0,0.0,96.49,0.0,66.6,14.0,117.87,769.0,42.85856,43.0
21.0,98.0,1.0,2.0,0.0,36.35,1.0,52.5,72.0,41.89,1519.0,56.163784,70.0
8.0,73.0,1.0,3.0,0.0,25.98,0.0,60.4,463.0,29.97,1862.0,41.961414,43.0
13.0,98.0,3.0,8.0,0.0,49.57,1.0,93.8,187.0,49.24,1229.0,59.010086,52.0
30.0,23.0,4.0,5.0,0.0,130.66,1.0,84.4,379.0,129.43,1684.0,50.315624,61.0
12.0,89.0,4.0,2.0,0.0,69.04,0.0,41.5,37.0,60.25,969.0,36.11839,35.0
27.0,48.0,5.0,5.0,0.0,66.92,1.0,81.2,50.0,55.3,549.0,50.65376,47.0
29.0,13.0,6.0,10.0,0.0,107.74,0.0,72.8,429.0,100.08,341.0,31.206667,30.0
29.0,51.0,0.0,3.0,0.0,97.57,1.0,56.8,202.0,100.67,374.0,64.160065,72.0
2.0,13.0,0.0,1.0,0.0,77.54,0.0,44.7,186.0,76.15,1923.0,35.888744,36.0
12.0,88.0,1.0,6.0,0.0,113.59,1.0,87.5,451.0,147.17,222.0,69.50971,91.0
19.0,8.0,1.0,8.0,0.0,127.51,1.0,100.6,341.0,120.3,141.0,50.548668,58.0
15.0,2.0,3.0,3.0,0.0,95.0,1.0,57.2,60.0,94.57,1878.0,56.49946,44.0
3.0,47.0,4.0,4.0,0.0,82.19,0.0,66.3,338.0,86.4,625.0,41.781048,45.0
21.0,7.0,4.0,2.0,0.0,77.86,1.0,54.1,34.0,73.44,1932.0,55.29118,62.0
11.0,96.0,1.0,10.0,0.0,124.05,0.0,62.9,402.0,133.5,1668.0,39.532608,35.0
5.0,23.0,3.0,3.0,0.0,114.19,0.0,66.5,161.0,126.94,1257.0,41.869953,42.0
9.0,33.0,2.0,4.0,0.0,94.77,1.0,64.2,423.0,94.94,770.0,50.389618,51.0
26.0,65.0,5.0,6.0,0.0,46.01,0.0,97.8,196.0,48.79,1348.0,27.716278,21.0
2.0,84.0,3.0,11.0,0.0,6.92,1.0,58.3,132.0,8.3,969.0,55.548378,59.0
19.0,93.0,1.0,4.0,0.0,76.6,1.0,68.7,444.0,63.31,1846.0,50.90722,55.0
18.0,60.0,1.0,1.0,0.0,144.47,0.0,42.9,169.0,162.12,79.0,41.02485,44.0
19.0,21.0,0.0,3.0,0.0,107.39,0.0,42.8,484.0,135.16,151.0,42.12387,42.0
27.0,93.0,6.0,4.0,0.0,80.8,1.0,76.5,477.0,73.18,365.0,52.4289,61.0
15.0,27.0,5.0,6.0,0.0,91.11,0.0,95.3,343.0,81.23,967.0,31.93895,29.0
6.0,14.0,3.0,9.0,0.0,72.56,0.0,91.2,68.0,63.93,81.0,38.22553,42.0
26.0,30.0,5.0,3.0,0.0,137.32,1.0,54.6,153.0,160.93,941.0,57.94722,48.0
3.0,60.0,0.0,6.0,0.0,133.1,1.0,83.0,188.0,139.37,1613.0,65.81624,55.0
1.0,41.0,2.0,10.0,0.0,119.75,0.0,74.7,273.0,127.2,1096.0,33.00303,35.0
7.0,25.0,6.0,5.0,0.0,145.21,1.0,82.0,137.0,126.44,648.0,47.973675,54.0
4.0,61.0,1.0,2.0,0.0,142.85,0.0,47.1,466.0,147.7,95.0,38.576225,38.0
18.0,38.0,3.0,5.0,0.0,19.3,1.0,77.9,88.0,20.85,1618.0,62.883953,65.0
21.0,83.0,4.0,5.0,0.0,37.34,0.0,85.1,122.0,36.83,1970.0,32.425037,32.0
18.0,75.0,5.0,4.0,0.0,24.66,0.0,78.8,36.0,24.71,999.0,41.149105,41.0
19.0,62.0,5.0,9.0,0.0,13.85,0.0,70.6,205.0,11.16,204.0,33.04953,34.0
18.0,57.0,6.0,4.0,0.0,100.55,0.0,71.3,396.0,121.85,1761.0,48.74588,52.0
24.0,88.0,4.0,9.0,0.0,98.6,1.0,93.6,253.0,82.56,1306.0,45.591972,53.0
9.0,67.0,4.0,2.0,0.0,39.26,1.0,42.5,211.0,39.73,303.0,50.060593,43.0
2.0,36.0,4.0,2.0,0.0,114.77,1.0,57.6,237.0,136.95,139.0,64.05509,76.0
11.0,79.0,5.0,1.0,0.0,92.13,1.0,59.5,432.0,119.7,604.0,65.43721,74.0
12.0,19.0,5.0,12.0,0.0,130.28,0.0,53.7,94.0,159.72,1447.0,50.566475,50.0
28.0,45.0,3.0,2.0,0.0,17.97,1.0,35.1,43.0,20.64,1952.0,53.41719,60.0
7.0,9.0,0.0,6.0,0.0,122.17,1.0,99.1,290.0,111.21,875.0,54.490974,45.0
7.0,80.0,4.0,2.0,0.0,102.04,0.0,44.3,380.0,106.28,1424.0,42.482235,43.0
6.0,41.0,2.0,9.0,0.0,18.05,0.0,81.2,353.0,17.08,1237.0,49.183308,38.0
10.0,86.0,0.0,2.0,0.0,137.38,1.0,60.9,59.0,113.8,1309.0,45.806217,53.0
8.0,31.0,2.0,12.0,0.0,41.32,0.0,52.9,366.0,37.01,1177.0,38.490677,42.0
2.0,66.0,5.0,2.0,0.0,90.27,0.0,56.9,114.0,86.13,1958.0,36.79157,42.0
9.0,78.0,3.0,3.0,0.0,39.49,0.0,55.7,431.0,37.27,454.0,29.332804,28.0
22.0,56.0,1.0,3.0,0.0,136.47,0.0,69.6,366.0,154.67,1647.0,47.349552,51.0
17.0,20.0,3.0,7.0,0.0,19.41,0.0,101.3,198.0,21.92,1104.0,33.025555,38.0
14.0,36.0,2.0,11.0,0.0,13.23,0.0,55.0,322.0,13.76,801.0,36.528095,28.0
8.0,64.0,2.0,1.0,0.0,78.83,1.0,46.9,128.0,66.02,1830.0,57.64634,60.0
28.0,33.0,5.0,7.0,0.0,106.58,0.0,102.9,263.0,97.66,626.0,27.462448,25.0
7.0,27.0,0.0,1.0,0.0,38.67,0.0,66.0,74.0,48.56,1265.0,43.93978,45.0
26.0,14.0,1.0,10.0,0.0,40.68,1.0,69.9,394.0,33.64,982.0,44.37794,40.0
29.0,9.0,0.0,10.0,0.0,147.54,1.0,74.9,148.0,139.31,1984.0,56.111782,56.0
3.0,30.0,1.0,10.0,0.0,108.58,1.0,76.4,296.0,99.66,1818.0,56.32463,48.0
6.0,57.0,5.0,11.0,0.0,39.17,1.0,59.4,34.0,39.03,674.0,67.49585,62.0
27.0,85.0,4.0,3.0,0.0,43.19,1.0,60.4,187.0,40.81,1688.0,57.451546,55.0
17.0,53.0,5.0,4.0,0.0,73.96,0.0,60.0,76.0,69.42,930.0,32.01182,38.0
26.0,57.0,4.0,4.0,0.0,73.64,1.0,65.2,360.0,66.72,1147.0,43.92537,53.0
15.0,49.0,0.0,10.0,0.0,27.32,0.0,71.1,36.0,31.17,1858.0,43.43815,43.0
3.0,100.0,2.0,2.0,0.0,58.57,1.0,44.1,377.0,58.92,1094.0,61.692738,62.0
17.0,61.0,4.0,3.0,0.0,13.89,0.0,51.4,80.0,15.65,417.0,36.912872,31.0
26.0,99.0,5.0,2.0,0.0,101.99,0.0,49.1,420.0,112.83,1325.0,32.50454,27.0
3.0,7.0,6.0,12.0,0.0,63.72,1.0,38.2,145.0,67.76,1607.0,64.237366,59.0
19.0,74.0,3.0,4.0,0.0,71.97,0.0,72.4,200.0,77.68,1233.0,37.628254,35.0
28.0,38.0,4.0,3.0,0.0,132.91,0.0,63.1,81.0,137.5,1535.0,36.93184,32.0
15.0,49.0,2.0,11.0,0.0,116.32,1.0,53.6,414.0,127.46,1302.0,62.295807,49.0
22.0,17.0,6.0,12.0,0.0,118.68,0.0,59.9,350.0,153.35,1813.0,56.078983,53.0
18.0,13.0,2.0,4.0,0.0,67.78,0.0,67.6,252.0,73.41,1769.0,41.033558,42.0
24.0,80.0,6.0,1.0,0.0,103.45,0.0,42.9,258.0,98.96,342.0,30.023008,33.0
15.0,96.0,0.0,10.0,0.0,28.19,1.0,74.8,228.0,32.9,1660.0,58.24919,63.0
14.0,83.0,3.0,5.0,0.0,5.36,0.0,74.5,287.0,6.07,534.0,31.643524,33.0
15.0,22.0,4.0,3.0,0.0,74.25,1.0,50.0,53.0,68.49,875.0,53.45063,53.0
29.0,21.0,4.0,4.0,0.0,96.93,0.0,53.9,332.0,119.68,1056.0,46.235638,50.0
25.0,97.0,6.0,4.0,0.0,71.58,1.0,68.2,238.0,66.29,706.0,46.0845,51.0
20.0,5.0,0.0,12.0,0.0,54.04,1.0,38.5,261.0,51.98,1821.0,49.17812,38.0
2.0,37.0,0.0,1.0,0.0,42.95,1.0,54.4,229.0,35.17,1990.0,59.982285,60.0
15.0,61.0,6.0,3.0,0.0,118.69,1.0,58.4,241.0,110.02,54.0,44.159416,63.0
29.0,15.0,0.0,5.0,0.0,81.58,0.0,92.2,199.0,73.47,1371.0,38.667397,42.0
9.0,72.0,5.0,2.0,0.0,50.21,0.0,38.5,396.0,61.58,973.0,39.21808,41.0
15.0,19.0,0.0,4.0,0.0,21.43,0.0,82.6,111.0,26.17,1302.0,35.333336,33.0
17.0,43.0,4.0,4.0,0.0,73.18,0.0,72.2,459.0,68.1,556.0,28.992416,28.0
5.0,57.0,0.0,5.0,0.0,94.68,0.0,80.1,251.0,80.52,800.0,28.184027,32.0
22.0,12.0,2.0,6.0,0.0,82.78,0.0,88.0,421.0,104.3,752.0,51.20958,54.0
8.0,81.0,2.0,11.0,0.0,44.19,0.0,59.3,153.0,47.58,349.0,39.025852,40.0
13.0,40.0,1.0,8.0,0.0,63.21,1.0,93.4,213.0,65.14,1709.0,57.40568,51.0
23.0,57.0,6.0,2.0,0.0,38.07,0.0,65.2,432.0,40.32,1540.0,40.05377,39.0
23.0,89.0,0.0,10.0,0.0,91.14,0.0,62.0,403.0,104.32,821.0,42.725166,40.0
14.0,51.0,2.0,3.0,0.0,148.62,1.0,61.1,383.0,141.06,1769.0,53.274586,52.0
22.0,41.0,3.0,3.0,0.0,38.98,0.0,65.9,34.0,31.7,678.0,38.31623,37.0
13.0,89.0,5.0,1.0,0.0,30.04,0.0,38.7,32.0,37.76,80.0,35.32794,36.0
23.0,88.0,0.0,12.0,0.0,35.42,1.0,44.5,99.0,35.61,1930.0,61.689972,59.0
13.0,13.0,0.0,2.0,0.0,93.31,0.0,46.2,408.0,98.85,789.0,32.91578,37.0
2.0,5.0,0.0,2.0,0.0,25.78,0.0,44.7,371.0,21.95,1904.0,39.721943,37.0
5.0,85.0,2.0,5.0,0.0,92.69,0.0,75.7,230.0,114.36,832.0,44.063503,43.0
6.0,93.0,2.0,6.0,0.0,97.52,1.0,91.0,85.0,117.9,1593.0,77.89883,84.0
15.0,49.0,0.0,2.0,0.0,91.7,1.0,47.0,458.0,106.78,1635.0,62.759857,70.0
26.0,68.0,5.0,4.0,0.0,139.81,0.0,71.3,366.0,145.47,431.0,27.797426,25.0
1.0,11.0,1.0,5.0,0.0,29.23,1.0,73.3,467.0,30.46,1953.0,49.328472,41.0
26.0,60.0,6.0,11.0,1.0,66.16,1.0,66.3,133.0,71.25,1295.0,74.609276,78.0
2.0,3.0,0.0,8.0,0.0,114.22,1.0,81.2,95.0,99.36,440.0,45.843037,45.0
12.0,55.0,1.0,8.0,0.0,143.79,1.0,99.1,490.0,167.5,1793.0,70.04,64.0
22.0,3.0,1.0,4.0,0.0,81.25,1.0,76.1,377.0,94.13,176.0,65.70938,58.0
14.0,4.0,2.0,1.0,0.0,31.36,1.0,40.1,17.0,25.18,1742.0,53.662605,47.0
3.0,81.0,5.0,2.0,0.0,43.46,1.0,54.6,462.0,47.26,1954.0,67.949,73.0
24.0,73.0,6.0,3.0,0.0,141.77,0.0,50.4,52.0,131.38,620.0,28.407446,30.0
25.0,81.0,0.0,1.0,0.0,115.82,1.0,39.6,157.0,127.25,411.0,53.0553,57.0
24.0,43.0,0.0,8.0,0.0,33.43,1.0,84.4,271.0,32.62,891.0,49.77779,50.0
5.0,86.0,1.0,7.0,1.0,93.65,1.0,93.7,338.0,80.59,1719.0,77.99262,68.0
13.0,88.0,2.0,5.0,0.0,77.55,0.0,90.1,466.0,94.16,1875.0,45.833298,46.0
8.0,21.0,0.0,7.0,1.0,91.08,0.0,93.5,240.0,95.52,1917.0,63.47408,57.0
10.0,40.0,0.0,4.0,0.0,141.42,0.0,83.2,391.0,136.62,1015.0,37.657913,37.0
21.0,51.0,5.0,4.0,0.0,70.66,1.0,79.5,289.0,58.2,506.0,45.662457,49.0
8.0,2.0,3.0,9.0,0.0,131.77,1.0,83.4,74.0,142.5,618.0,61.479584,56.0
18.0,48.0,5.0,1.0,0.0,80.88,1.0,61.1,306.0,91.63,787.0,65.39891,76.0
25.0,7.0,3.0,11.0,0.0,140.35,0.0,63.1,428.0,144.61,584.0,34.127563,31.0
10.0,60.0,6.0,11.0,0.0,99.56,1.0,59.2,329.0,95.56,744.0,58.180733,49.0
13.0,43.0,0.0,8.0,0.0,137.88,1.0,95.4,57.0,122.53,1044.0,42.413734,48.0
29.0,33.0,6.0,3.0,0.0,75.02,1.0,60.7,355.0,73.04,719.0,55.895824,66.0
12.0,23.0,3.0,2.0,0.0,31.8,0.0,53.5,186.0,32.74,693.0,40.021156,40.0
4.0,75.0,6.0,7.0,0.0,116.65,1.0,90.1,197.0,132.11,1240.0,62.016266,56.0
10.0,36.0,2.0,5.0,0.0,9.31,1.0,94.2,481.0,9.59,1349.0,58.732857,60.0
14.0,27.0,4.0,5.0,0.0,50.24,1.0,87.1,469.0,57.0,1054.0,55.330658,52.0
9.0,58.0,3.0,2.0,0.0,23.19,1.0,49.6,206.0,21.61,1255.0,55.246017,67.0
17.0,50.0,3.0,7.0,0.0,40.03,1.0,103.9,131.0,49.62,1690.0,59.784626,63.0
18.0,58.0,6.0,7.0,0.0,68.59,0.0,100.9,339.0,75.71,1732.0,47.544086,48.0
7.0,9.0,3.0,12.0,0.0,105.86,1.0,53.3,149.0,87.4,1257.0,50.853523,45.0
6.0,83.0,3.0,4.0,0.0,129.43,0.0,84.7,125.0,123.09,315.0,37.85009,33.0
16.0,86.0,6.0,10.0,0.0,11.33,0.0,72.9,45.0,11.52,1587.0,25.659014,22.0
7.0,66.0,1.0,2.0,0.0,133.16,0.0,58.4,180.0,125.43,462.0,33.988663,32.0
10.0,55.0,0.0,7.0,1.0,77.66,1.0,102.7,222.0,84.13,1031.0,89.36183,104.0
8.0,69.0,4.0,5.0,0.0,65.61,1.0,75.7,136.0,66.01,1538.0,60.899147,57.0
2.0,59.0,6.0,9.0,0.0,102.83,0.0,78.3,406.0,128.89,888.0,48.461807,55.0
19.0,73.0,6.0,2.0,0.0,93.12,1.0,39.1,364.0,93.72,1142.0,56.61576,48.0
3.0,35.0,2.0,2.0,0.0,122.01,1.0,49.7,112.0,147.46,222.0,62.7434,62.0
3.0,24.0,5.0,3.0,0.0,68.44,1.0,60.7,168.0,81.52,249.0,62.314064,52.0
19.0,6.0,0.0,3.0,0.0,73.19,1.0,60.3,421.0,79.39,398.0,58.322422,49.0
29.0,71.0,4.0,9.0,0.0,95.78,0.0,76.2,245.0,103.32,153.0,37.844368,46.0
18.0,65.0,4.0,5.0,0.0,26.23,1.0,90.7,376.0,27.64,1513.0,61.911175,55.0
3.0,23.0,0.0,2.0,0.0,112.31,0.0,59.5,107.0,92.51,906.0,30.494997,29.0
27.0,24.0,5.0,2.0,0.0,37.34,1.0,62.4,156.0,39.84,1668.0,55.325504,63.0
13.0,91.0,0.0,9.0,0.0,121.94,0.0,78.8,403.0,102.02,1073.0,24.308214,25.0
28.0,69.0,3.0,6.0,0.0,146.4,0.0,87.9,440.0,121.23,1817.0,24.681278,24.0
17.0,67.0,0.0,9.0,0.0,56.08,1.0,92.7,442.0,65.85,590.0,57.871704,61.0
4.0,53.0,2.0,10.0,0.0,30.03,1.0,55.4,383.0,24.06,567.0,51.660973,54.0
3.0,32.0,0.0,2.0,0.0,126.16,0.0,46.1,109.0,152.73,923.0,53.084095,53.0
3.0,10.0,2.0,3.0,0.0,127.32,0.0,61.4,480.0,113.94,467.0,33.439735,40.0
1.0,75.0,2.0,11.0,0.0,75.7,0.0,55.5,189.0,75.46,1194.0,35.33926,26.0
24.0,99.0,4.0,3.0,0.0,111.92,0.0,40.5,219.0,133.1,474.0,40.414394,42.0
29.0,75.0,2.0,7.0,1.0,124.34,0.0,107.9,482.0,106.23,90.0,52.51481,60.0
10.0,25.0,6.0,2.0,0.0,5.39,1.0,53.0,201.0,5.91,1208.0,59.323715,53.0
23.0,33.0,0.0,2.0,0.0,60.78,0.0,43.4,348.0,71.97,1981.0,39.73649,42.0
7.0,19.0,3.0,5.0,0.0,94.24,1.0,73.8,133.0,105.64,188.0,58.38406,57.0
9.0,69.0,3.0,4.0,0.0,135.59,1.0,59.4,281.0,150.59,219.0,54.74653,64.0
6.0,84.0,3.0,9.0,0.0,38.51,1.0,80.1,86.0,39.94,1715.0,69.01643,57.0
25.0,34.0,6.0,11.0,1.0,58.79,0.0,59.8,251.0,74.42,971.0,60.776314,56.0
23.0,56.0,6.0,4.0,0.0,39.15,1.0,78.2,420.0,33.51,170.0,52.280205,49.0
9.0,80.0,2.0,5.0,0.0,20.04,0.0,86.0,396.0,21.9,536.0,34.863457,38.0
27.0,27.0,3.0,12.0,1.0,111.92,0.0,56.4,247.0,133.23,1066.0,69.88487,87.0
16.0,80.0,4.0,2.0,0.0,37.84,0.0,44.5,418.0,47.36,1966.0,33.44149,37.0
15.0,90.0,3.0,5.0,0.0,58.84,1.0,94.9,320.0,73.03,298.0,63.171516,60.0
9.0,21.0,6.0,4.0,0.0,54.88,1.0,74.1,323.0,57.55,1429.0,50.402634,58.0
22.0,34.0,2.0,2.0,0.0,61.73,0.0,65.0,79.0,71.3,966.0,42.643692,42.0
30.0,62.0,0.0,2.0,0.0,122.97,1.0,52.3,374.0,128.99,1812.0,58.943985,51.0
22.0,92.0,2.0,3.0,0.0,67.58,1.0,62.5,261.0,79.09,157.0,62.769463,60.0
29.0,80.0,1.0,4.0,0.0,116.12,1.0,71.9,125.0,105.97,57.0,50.04198,58.0
27.0,91.0,1.0,1.0,0.0,148.2,0.0,50.8,246.0,189.08,958.0,55.64469,56.0
3.0,12.0,4.0,8.0,0.0,122.72,1.0,85.4,222.0,137.64,77.0,64.228546,55.0
15.0,5.0,3.0,6.0,0.0,63.05,0.0,77.3,382.0,57.1,1992.0,34.16119,41.0
19.0,98.0,2.0,11.0,0.0,55.92,1.0,55.5,390.0,70.24,609.0,69.72064,63.0
16.0,38.0,0.0,7.0,0.0,9.73,0.0,78.2,157.0,9.08,1925.0,27.760082,29.0
16.0,74.0,3.0,12.0,1.0,43.12,0.0,36.9,31.0,46.25,1636.0,49.735893,52.0
15.0,81.0,5.0,6.0,0.0,148.03,0.0,99.3,443.0,177.99,1403.0,54.185463,55.0
5.0,75.0,4.0,3.0,0.0,76.17,0.0,64.3,483.0,66.62,1746.0,32.897842,31.0
25.0,21.0,3.0,3.0,0.0,65.93,0.0,69.4,21.0,55.0,857.0,24.315931,17.0
24.0,77.0,5.0,8.0,0.0,54.16,1.0,90.7,397.0,58.79,1166.0,57.04123,55.0
24.0,90.0,6.0,4.0,0.0,28.43,1.0,59.0,37.0,36.1,259.0,53.89691,53.0
19.0,4.0,3.0,3.0,0.0,114.31,1.0,49.6,275.0,107.62,1884.0,52.8787,69.0
6.0,70.0,2.0,3.0,0.0,123.06,1.0,70.1,62.0,142.31,739.0,67.71694,64.0
28.0,40.0,6.0,3.0,0.0,115.19,1.0,53.8,405.0,108.08,806.0,48.09172,42.0
19.0,39.0,5.0,1.0,0.0,23.56,0.0,39.5,441.0,21.34,1826.0,38.020798,41.0
9.0,97.0,4.0,2.0,0.0,15.51,0.0,58.3,146.0,16.48,411.0,33.443066,33.0
29.0,58.0,3.0,6.0,0.0,10.9,1.0,89.0,164.0,11.22,197.0,63.29304,63.0
13.0,5.0,4.0,1.0,0.0,123.86,1.0,40.1,332.0,112.78,239.0,50.385296,34.0
2.0,95.0,3.0,7.0,0.0,37.71,1.0,98.0,126.0,42.8,1387.0,59.344776,58.0
11.0,66.0,4.0,1.0,0.0,66.66,1.0,49.1,362.0,69.6,1930.0,57.671715,63.0
28.0,38.0,6.0,2.0,0.0,64.85,0.0,55.3,94.0,72.51,1384.0,38.545876,37.0
29.0,67.0,6.0,11.0,0.0,132.29,0.0,50.0,396.0,123.43,813.0,37.81572,36.0
1.0,90.0,4.0,4.0,0.0,71.2,0.0,58.1,439.0,65.2,388.0,26.215197,22.0
25.0,51.0,5.0,7.0,1.0,94.15,1.0,94.1,173.0,114.07,1292.0,80.97859,103.0
12.0,52.0,1.0,8.0,0.0,51.58,0.0,100.7,256.0,65.42,638.0,43.544094,42.0
3.0,88.0,4.0,12.0,1.0,8.3,0.0,58.6,196.0,6.81,346.0,64.42479,66.0
17.0,80.0,6.0,7.0,0.0,24.83,0.0,104.1,130.0,26.46,1576.0,37.15904,41.0
24.0,28.0,5.0,9.0,0.0,31.37,0.0,72.0,469.0,40.17,109.0,31.955359,35.0
10.0,21.0,4.0,3.0,0.0,79.25,0.0,57.5,283.0,86.34,615.0,35.508175,37.0
23.0,93.0,3.0,2.0,0.0,113.87,1.0,69.3,149.0,108.72,1626.0,57.293076,54.0
1.0,52.0,6.0,4.0,0.0,48.44,1.0,75.4,254.0,50.5,941.0,48.978832,45.0
22.0,79.0,5.0,4.0,0.0,110.61,0.0,72.5,215.0,124.31,235.0,41.19941,40.0
10.0,53.0,6.0,2.0,0.0,17.37,1.0,54.0,359.0,19.74,1578.0,63.850666,67.0
19.0,22.0,6.0,2.0,0.0,70.31,1.0,49.3,304.0,73.76,93.0,54.71999,44.0
17.0,89.0,6.0,4.0,0.0,25.96,0.0,70.8,101.0,25.69,646.0,34.880066,36.0
10.0,33.0,3.0,9.0,0.0,129.01,1.0,87.7,324.0,160.41,710.0,75.00405,72.0
27.0,60.0,2.0,1.0,0.0,44.58,1.0,55.2,320.0,47.47,574.0,54.750023,54.0
29.0,67.0,6.0,1.0,0.0,43.36,1.0,53.7,362.0,47.29,1873.0,64.97841,56.0
13.0,93.0,5.0,3.0,0.0,146.89,1.0,61.1,444.0,156.28,1748.0,62.20809,66.0
15.0,18.0,6.0,8.0,0.0,52.53,1.0,73.2,219.0,55.66,1533.0,56.357025,54.0
4.0,69.0,0.0,4.0,0.0,88.82,1.0,75.5,226.0,86.16,728.0,50.277058,61.0
24.0,8.0,1.0,6.0,0.0,80.37,1.0,93.1,281.0,76.25,1383.0,53.639587,60.0
16.0,30.0,2.0,10.0,0.0,126.02,0.0,73.2,129.0,113.62,1888.0,25.72323,10.0
15.0,91.0,1.0,11.0,0.0,73.94,0.0,40.0,49.0,67.13,1855.0,36.325363,31.0
20.0,85.0,0.0,1.0,0.0,35.38,1.0,31.4,470.0,29.61,1126.0,47.109364,35.0
22.0,52.0,0.0,3.0,0.0,75.32,0.0,59.3,78.0,79.85,1484.0,45.355354,45.0
14.0,100.0,4.0,3.0,0.0,140.67,1.0,60.2,45.0,129.08,1632.0,54.312393,54.0
11.0,75.0,5.0,6.0,0.0,99.56,0.0,80.1,145.0,124.41,1710.0,50.25665,52.0
22.0,18.0,6.0,11.0,1.0,130.51,0.0,72.7,388.0,104.72,1515.0,48.14269,54.0
25.0,88.0,5.0,10.0,0.0,60.78,1.0,57.3,485.0,65.73,474.0,55.756176,55.0
19.0,40.0,4.0,2.0,0.0,78.96,1.0,44.1,142.0,98.92,1830.0,69.26235,70.0
25.0,64.0,4.0,3.0,0.0,80.26,0.0,61.7,200.0,90.07,693.0,34.52496,39.0
22.0,66.0,3.0,8.0,0.0,74.4,0.0,101.4,100.0,60.72,746.0,37.542847,39.0
9.0,68.0,3.0,10.0,0.0,123.67,1.0,60.3,384.0,116.18,564.0,49.835373,57.0
24.0,56.0,4.0,11.0,1.0,39.96,1.0,53.6,23.0,42.34,1570.0,77.568756,90.0
23.0,66.0,2.0,5.0,0.0,37.4,0.0,78.0,41.0,45.91,519.0,40.18088,42.0
1.0,52.0,6.0,12.0,1.0,135.11,1.0,48.0,354.0,125.0,1538.0,71.24745,77.0
21.0,8.0,2.0,11.0,0.0,129.94,1.0,48.0,82.0,108.5,1879.0,47.71608,41.0
20.0,54.0,6.0,7.0,0.0,89.85,0.0,98.0,248.0,91.42,1728.0,30.73543,27.0
22.0,1.0,3.0,11.0,0.0,140.0,0.0,65.3,374.0,169.4,1675.0,56.393723,58.0
17.0,85.0,2.0,9.0,0.0,27.95,1.0,66.3,84.0,27.33,1190.0,51.699757,52.0
11.0,59.0,3.0,8.0,0.0,25.51,1.0,86.9,136.0,24.52,1468.0,53.807922,62.0
12.0,4.0,5.0,4.0,0.0,9.97,0.0,73.6,407.0,11.16,410.0,38.432526,38.0
28.0,44.0,2.0,5.0,0.0,23.35,1.0,75.6,479.0,25.67,1653.0,49.21924,54.0
2.0,73.0,4.0,4.0,0.0,122.29,1.0,66.6,182.0,124.46,1732.0,60.40548,67.0
6.0,72.0,4.0,2.0,0.0,78.83,1.0,45.1,236.0,80.86,1015.0,63.224174,58.0
17.0,17.0,4.0,1.0,0.0,91.41,0.0,44.3,48.0,110.62,1283.0,40.99568,40.0
25.0,77.0,0.0,12.0,0.0,146.56,1.0,55.2,282.0,132.43,1567.0,50.744522,47.0
25.0,62.0,6.0,7.0,1.0,83.47,1.0,100.8,318.0,103.78,1253.0,84.800705,86.0
29.0,50.0,1.0,12.0,1.0,105.42,1.0,47.3,248.0,88.19,1896.0,80.75748,79.0
5.0,58.0,5.0,2.0,0.0,52.63,0.0,38.3,69.0,47.48,1313.0,37.66137,42.0
13.0,73.0,3.0,7.0,1.0,118.91,0.0,88.0,378.0,101.99,1683.0,59.16053,49.0
8.0,71.0,2.0,2.0,0.0,13.47,1.0,59.4,461.0,12.53,434.0,59.560287,46.0
18.0,81.0,4.0,2.0,0.0,138.04,0.0,57.2,69.0,157.25,554.0,45.525166,48.0
7.0,70.0,4.0,4.0,0.0,22.84,1.0,70.8,400.0,27.06,726.0,56.586166,41.0
27.0,6.0,6.0,2.0,0.0,14.87,0.0,43.2,226.0,17.12,1927.0,39.24709,38.0
26.0,98.0,0.0,5.0,0.0,79.86,0.0,78.7,11.0,70.65,1336.0,26.64371,27.0
6.0,59.0,1.0,1.0,0.0,63.15,1.0,43.3,419.0,51.09,555.0,59.949467,62.0
26.0,82.0,6.0,1.0,0.0,118.22,0.0,48.9,253.0,111.28,359.0,23.248953,28.0
20.0,93.0,3.0,4.0,0.0,92.96,1.0,61.2,422.0,103.25,1667.0,52.95861,54.0
26.0,95.0,0.0,5.0,0.0,44.16,0.0,79.4,205.0,40.01,1251.0,22.597542,22.0
26.0,84.0,2.0,3.0,0.0,64.27,0.0,51.2,233.0,68.1,1941.0,29.50029,27.0
4.0,52.0,2.0,4.0,0.0,34.36,0.0,69.2,253.0,40.0,690.0,34.110428,30.0
18.0,47.0,4.0,4.0,0.0,10.61,0.0,74.7,497.0,12.7,329.0,36.92623,40.0
28.0,91.0,6.0,7.0,1.0,136.73,0.0,97.4,491.0,170.15,382.0,67.40442,67.0
23.0,94.0,5.0,4.0,0.0,71.92,1.0,79.8,447.0,82.1,1175.0,62.121017,69.0
13.0,9.0,2.0,1.0,0.0,68.42,0.0,47.2,154.0,66.85,1877.0,35.45233,33.0
12.0,37.0,5.0,4.0,0.0,5.77,0.0,68.7,79.0,4.76,1324.0,41.991234,40.0
9.0,62.0,5.0,11.0,0.0,131.96,1.0,49.0,46.0,118.94,479.0,45.920742,43.0
22.0,77.0,5.0,12.0,1.0,109.12,0.0,44.7,318.0,89.89,729.0,55.09879,70.0
25.0,4.0,1.0,10.0,0.0,62.35,0.0,60.6,156.0,55.84,1337.0,27.016876,31.0
4.0,81.0,1.0,5.0,0.0,35.75,0.0,95.4,321.0,46.04,1175.0,39.428146,37.0
10.0,44.0,0.0,2.0,0.0,94.09,1.0,50.5,140.0,75.54,210.0,43.987236,45.0
15.0,99.0,0.0,2.0,0.0,53.24,1.0,52.0,309.0,56.45,1941.0,53.98124,56.0
21.0,9.0,4.0,4.0,0.0,139.05,0.0,74.0,498.0,139.7,1261.0,34.610645,35.0
8.0,87.0,0.0,4.0,0.0,19.16,1.0,67.9,265.0,21.28,1230.0,61.242622,67.0
24.0,64.0,5.0,8.0,0.0,44.75,0.0,89.3,309.0,37.05,1674.0,32.623848,30.0
12.0,44.0,5.0,8.0,0.0,46.16,0.0,78.9,154.0,41.24,1736.0,38.76743,36.0
7.0,27.0,6.0,1.0,0.0,38.67,1.0,43.3,417.0,36.89,540.0,54.39014,56.0
29.0,96.0,3.0,3.0,0.0,32.3,0.0,60.1,10.0,38.82,1019.0,41.644295,48.0
17.0,47.0,3.0,4.0,0.0,103.18,0.0,65.8,42.0,126.5,1229.0,49.953342,45.0
11.0,36.0,6.0,7.0,1.0,57.19,1.0,107.9,144.0,57.43,147.0,85.326096,62.0
15.0,14.0,0.0,10.0,0.0,95.08,1.0,69.6,363.0,102.31,1995.0,55.450638,66.0
28.0,74.0,5.0,11.0,0.0,12.9,0.0,59.5,102.0,12.43,1089.0,30.045452,26.0
28.0,82.0,5.0,3.0,0.0,68.28,1.0,72.1,185.0,84.61,722.0,58.322933,63.0
18.0,20.0,1.0,5.0,0.0,102.59,1.0,79.2,480.0,109.76,1606.0,59.614105,66.0
29.0,89.0,6.0,10.0,0.0,58.11,1.0,69.4,360.0,47.61,1516.0,58.22243,50.0
24.0,64.0,3.0,5.0,0.0,19.88,1.0,82.1,161.0,22.2,1166.0,54.60761,66.0
15.0,9.0,4.0,2.0,0.0,25.23,1.0,51.9,251.0,29.69,1160.0,56.8631,56.0
23.0,47.0,6.0,5.0,0.0,92.96,1.0,90.2,268.0,102.47,1911.0,61.9347,74.0
21.0,22.0,4.0,4.0,0.0,103.27,1.0,69.7,143.0,86.09,1194.0,49.739918,39.0
27.0,3.0,2.0,8.0,0.0,140.53,0.0,82.0,235.0,180.61,1350.0,53.99916,49.0
26.0,20.0,6.0,3.0,0.0,149.4,1.0,66.5,338.0,143.0,715.0,42.68984,28.0
20.0,53.0,6.0,1.0,0.0,124.69,1.0,46.7,124.0,159.13,489.0,70.07486,74.0
28.0,30.0,5.0,1.0,0.0,103.94,0.0,50.2,194.0,83.79,1290.0,24.288292,17.0
18.0,6.0,1.0,7.0,1.0,75.02,1.0,92.6,298.0,84.55,1581.0,84.27551,100.0
29.0,17.0,2.0,2.0,0.0,59.56,1.0,29.1,499.0,53.86,1396.0,55.398167,57.0
16.0,31.0,6.0,11.0,0.0,98.14,1.0,53.1,248.0,89.55,1225.0,43.88663,44.0
19.0,7.0,6.0,1.0,0.0,149.95,1.0,31.9,98.0,140.32,1926.0,57.46264,52.0
2.0,62.0,3.0,10.0,0.0,10.12,0.0,67.8,343.0,12.39,1342.0,39.130543,38.0
5.0,43.0,4.0,3.0,0.0,138.29,1.0,68.3,290.0,123.93,188.0,42.433125,32.0
15.0,95.0,0.0,9.0,0.0,5.42,0.0,90.5,348.0,5.32,1726.0,35.96958,34.0
26.0,39.0,5.0,11.0,0.0,71.19,1.0,60.7,138.0,81.47,1164.0,55.128155,53.0
20.0,99.0,5.0,7.0,0.0,12.48,1.0,100.4,453.0,13.47,1410.0,52.341793,51.0
19.0,71.0,3.0,2.0,0.0,10.95,0.0,32.4,331.0,13.3,528.0,35.96027,37.0
6.0,91.0,4.0,3.0,0.0,90.63,1.0,72.6,390.0,104.59,866.0,66.15217,73.0
23.0,3.0,4.0,5.0,0.0,128.87,1.0,72.2,76.0,107.14,1981.0,45.601986,38.0
22.0,76.0,4.0,3.0,0.0,107.0,0.0,60.6,189.0,88.88,927.0,30.861094,35.0
1.0,17.0,3.0,1.0,0.0,44.59,1.0,47.6,105.0,52.21,197.0,44.20018,44.0
14.0,33.0,4.0,10.0,0.0,72.05,0.0,68.4,491.0,62.99,1042.0,29.07534,27.0
12.0,8.0,3.0,1.0,0.0,87.35,0.0,53.9,28.0,99.91,1105.0,47.10992,50.0
12.0,13.0,3.0,4.0,0.0,53.73,0.0,74.5,192.0,67.72,891.0,41.091125,47.0
15.0,39.0,0.0,7.0,1.0,73.14,1.0,90.9,122.0,69.28,535.0,79.950035,84.0
13.0,43.0,2.0,7.0,0.0,13.12,1.0,86.3,330.0,17.04,1178.0,54.83524,58.0
25.0,6.0,5.0,12.0,1.0,116.88,1.0,49.0,175.0,104.14,1182.0,74.21204,66.0
4.0,18.0,1.0,5.0,0.0,43.57,1.0,83.2,263.0,35.32,397.0,48.43463,51.0
4.0,33.0,5.0,12.0,0.0,103.55,0.0,46.5,206.0,92.71,1956.0,32.185333,29.0
27.0,62.0,4.0,6.0,0.0,84.66,0.0,92.4,273.0,93.5,1814.0,42.509342,36.0
27.0,41.0,1.0,7.0,0.0,119.78,0.0,90.5,31.0,142.82,1989.0,42.471855,48.0
29.0,44.0,1.0,4.0,0.0,79.19,1.0,64.0,352.0,80.3,1825.0,56.803185,63.0
29.0,51.0,1.0,8.0,0.0,6.54,1.0,92.0,40.0,6.97,1192.0,62.426426,72.0
16.0,99.0,1.0,4.0,0.0,75.82,0.0,56.8,199.0,84.46,746.0,28.828726,23.0
2.0,19.0,1.0,3.0,0.0,8.68,1.0,67.4,337.0,11.15,80.0,51.07287,55.0
28.0,15.0,1.0,12.0,1.0,95.9,1.0,32.4,354.0,91.91,1517.0,77.485504,80.0
1.0,18.0,3.0,3.0,0.0,24.41,1.0,56.3,246.0,25.46,684.0,49.732414,45.0
15.0,17.0,2.0,12.0,0.0,19.21,1.0,63.9,193.0,16.51,1112.0,55.045727,51.0
9.0,93.0,4.0,4.0,0.0,57.15,0.0,77.1,260.0,73.08,1486.0,45.693398,49.0
19.0,62.0,5.0,11.0,0.0,85.17,1.0,63.0,48.0,97.89,540.0,59.21736,64.0
2.0,37.0,1.0,8.0,0.0,36.74,1.0,89.3,317.0,29.76,1208.0,58.953583,63.0
1.0,75.0,3.0,3.0,0.0,64.43,0.0,51.4,453.0,69.05,1177.0,31.718624,30.0
1.0,26.0,6.0,3.0,0.0,48.35,1.0,50.8,325.0,46.71,1920.0,54.022415,57.0
17.0,10.0,4.0,6.0,0.0,134.57,0.0,97.0,496.0,136.98,1143.0,35.14562,37.0
4.0,68.0,1.0,8.0,0.0,137.41,0.0,87.3,437.0,128.88,325.0,25.43669,30.0
29.0,16.0,6.0,4.0,0.0,32.69,1.0,69.9,158.0,30.64,856.0,56.708122,55.0
18.0,53.0,4.0,3.0,0.0,49.23,1.0,51.5,462.0,49.51,1951.0,60.886173,56.0
11.0,47.0,3.0,1.0,0.0,149.57,0.0,43.1,122.0,155.33,1264.0,39.348293,34.0
24.0,37.0,3.0,5.0,0.0,141.32,0.0,82.2,258.0,154.96,1436.0,43.630917,43.0
20.0,67.0,5.0,1.0,0.0,31.46,1.0,35.6,46.0,25.17,557.0,46.753178,45.0
14.0,76.0,3.0,1.0,0.0,92.19,1.0,47.8,136.0,94.98,1056.0,56.044685,49.0
10.0,10.0,2.0,10.0,0.0,97.97,1.0,77.8,388.0,85.51,137.0,49.77064,45.0
19.0,81.0,6.0,5.0,0.0,81.21,0.0,78.7,250.0,71.61,1282.0,32.038742,36.0
4.0,55.0,1.0,8.0,0.0,131.63,0.0,96.1,130.0,105.65,459.0,21.546127,12.0
13.0,13.0,3.0,12.0,1.0,137.27,1.0,52.5,66.0,177.34,913.0,99.2751,85.0
4.0,36.0,5.0,5.0,0.0,30.59,1.0,79.5,56.0,27.96,664.0,49.65233,44.0
27.0,82.0,5.0,11.0,0.0,92.1,1.0,46.5,408.0,116.47,692.0,67.57413,73.0
26.0,8.0,6.0,3.0,0.0,71.96,1.0,42.8,383.0,86.06,1787.0,56.26995,58.0
24.0,57.0,2.0,3.0,0.0,8.44,1.0,56.9,117.0,7.52,1807.0,59.131317,46.0
18.0,16.0,0.0,1.0,0.0,133.53,0.0,24.9,354.0,146.41,206.0,38.667233,45.0
19.0,91.0,4.0,6.0,0.0,23.08,1.0,93.0,158.0,18.96,732.0,53.071156,63.0
11.0,61.0,3.0,3.0,0.0,55.56,0.0,65.4,36.0,45.88,612.0,31.938534,37.0
14.0,27.0,6.0,3.0,0.0,104.19,1.0,42.2,459.0,92.24,246.0,47.238747,57.0
4.0,89.0,4.0,11.0,0.0,15.9,0.0,71.7,402.0,15.49,1505.0,35.534073,43.0
30.0,54.0,3.0,11.0,0.0,79.94,0.0,59.4,276.0,69.65,728.0,30.225693,19.0
6.0,89.0,5.0,11.0,0.0,70.6,1.0,61.2,199.0,82.2,924.0,71.02659,68.0
23.0,76.0,0.0,7.0,0.0,37.13,1.0,73.5,484.0,39.53,1533.0,58.960514,52.0
26.0,21.0,3.0,7.0,1.0,15.09,1.0,89.4,10.0,13.37,1153.0,73.99633,55.0
27.0,73.0,4.0,2.0,0.0,83.0,1.0,40.3,452.0,78.15,807.0,51.966362,57.0
29.0,51.0,6.0,4.0,0.0,110.85,1.0,69.9,137.0,109.89,1568.0,64.46257,55.0
26.0,74.0,4.0,2.0,0.0,118.58,1.0,51.2,23.0,131.28,1714.0,55.581394,63.0
26.0,57.0,1.0,9.0,0.0,99.25,0.0,103.6,280.0,85.73,1713.0,21.270905,22.0
7.0,34.0,3.0,2.0,0.0,6.44,0.0,41.7,481.0,6.9,1829.0,42.4375,40.0
28.0,81.0,5.0,5.0,0.0,90.8,0.0,83.1,122.0,80.8,633.0,26.852121,26.0
2.0,68.0,2.0,10.0,0.0,134.7,0.0,65.3,445.0,167.75,1766.0,56.008778,53.0
10.0,56.0,4.0,3.0,0.0,61.71,0.0,59.3,155.0,64.98,72.0,36.00835,30.0
10.0,64.0,6.0,8.0,0.0,46.45,0.0,88.7,346.0,38.35,67.0,34.400482,29.0
6.0,72.0,1.0,4.0,0.0,75.86,1.0,72.1,220.0,75.52,1270.0,63.956764,64.0
4.0,56.0,1.0,1.0,0.0,13.4,1.0,35.9,134.0,13.87,1589.0,49.906403,44.0
10.0,12.0,6.0,8.0,0.0,122.15,1.0,94.5,20.0,130.93,969.0,56.5195,60.0
30.0,40.0,0.0,4.0,0.0,53.0,1.0,69.5,198.0,47.08,1598.0,52.92119,57.0
19.0,99.0,2.0,4.0,0.0,138.61,1.0,70.9,370.0,151.27,1718.0,60.307396,55.0
19.0,52.0,6.0,3.0,0.0,142.18,0.0,69.5,28.0,124.87,1897.0,27.757978,27.0
7.0,75.0,3.0,2.0,0.0,108.42,1.0,50.0,81.0,124.79,514.0,66.87817,55.0
5.0,64.0,6.0,2.0,0.0,59.79,1.0,53.0,386.0,75.79,292.0,63.545578,57.0
19.0,92.0,0.0,3.0,0.0,98.94,1.0,67.5,143.0,114.51,925.0,58.784805,43.0
15.0,96.0,0.0,5.0,0.0,76.53,1.0,80.6,147.0,63.17,821.0,46.517265,48.0
29.0,99.0,0.0,4.0,0.0,51.6,0.0,77.0,259.0,66.54,461.0,47.346687,45.0
16.0,100.0,3.0,7.0,1.0,67.31,1.0,106.3,118.0,67.84,1350.0,77.25525,66.0
21.0,34.0,2.0,3.0,0.0,50.02,1.0,67.9,171.0,61.8,1877.0,58.614708,48.0
25.0,86.0,6.0,9.0,0.0,101.66,1.0,80.5,377.0,127.04,1775.0,57.718384,52.0
27.0,100.0,4.0,1.0,0.0,27.65,1.0,33.7,66.0,27.71,1875.0,61.52046,67.0
20.0,71.0,6.0,5.0,0.0,103.94,0.0,78.7,287.0,119.35,578.0,37.120224,36.0
7.0,66.0,4.0,1.0,0.0,98.07,0.0,52.3,111.0,99.45,866.0,37.558823,32.0
10.0,69.0,5.0,1.0,0.0,80.83,1.0,39.7,406.0,77.81,1291.0,54.287178,61.0
18.0,86.0,5.0,1.0,0.0,107.78,0.0,52.1,422.0,136.76,94.0,43.50956,48.0
9.0,89.0,4.0,5.0,0.0,91.13,1.0,80.2,19.0,106.24,1277.0,57.83852,64.0
21.0,80.0,6.0,4.0,0.0,47.28,1.0,75.8,90.0,46.91,812.0,56.168774,52.0
23.0,33.0,2.0,2.0,0.0,77.87,0.0,58.0,449.0,91.18,339.0,39.889698,39.0
15.0,33.0,5.0,7.0,0.0,18.68,0.0,98.1,161.0,18.18,1446.0,36.732235,34.0
6.0,59.0,1.0,7.0,0.0,120.33,0.0,94.7,42.0,104.78,1130.0,38.570976,42.0
26.0,43.0,3.0,4.0,0.0,32.05,1.0,62.2,10.0,36.4,512.0,42.084274,42.0
22.0,25.0,1.0,3.0,0.0,58.93,0.0,47.3,381.0,47.6,445.0,33.530018,40.0
23.0,36.0,2.0,5.0,0.0,111.74,1.0,79.3,275.0,120.04,1033.0,60.48416,68.0
29.0,84.0,1.0,3.0,0.0,139.55,1.0,49.5,110.0,178.23,1865.0,75.98903,80.0
15.0,63.0,6.0,4.0,0.0,132.26,1.0,71.8,47.0,113.25,1786.0,43.667343,44.0
28.0,94.0,5.0,10.0,0.0,70.88,1.0,63.5,34.0,62.75,1782.0,50.100616,43.0
16.0,88.0,1.0,1.0,0.0,140.11,1.0,57.7,136.0,166.89,1303.0,62.477768,65.0
8.0,87.0,3.0,3.0,0.0,142.23,1.0,40.7,403.0,160.31,1665.0,67.29241,82.0
7.0,37.0,1.0,1.0,0.0,73.24,0.0,47.1,269.0,66.79,466.0,36.75489,41.0
18.0,99.0,0.0,9.0,0.0,123.79,0.0,84.1,83.0,138.34,1234.0,42.4872,38.0
10.0,37.0,4.0,4.0,0.0,140.0,1.0,66.4,452.0,125.6,1436.0,52.703175,58.0
11.0,32.0,5.0,4.0,0.0,50.81,1.0,61.9,20.0,57.6,674.0,59.814934,50.0
1.0,84.0,1.0,4.0,0.0,75.39,1.0,64.1,347.0,61.12,1483.0,43.46764,51.0
5.0,75.0,5.0,8.0,0.0,148.9,0.0,81.8,260.0,152.98,1182.0,36.301907,40.0
21.0,67.0,5.0,5.0,0.0,5.16,1.0,75.6,127.0,6.09,1094.0,52.03987,44.0
29.0,39.0,6.0,3.0,0.0,139.28,1.0,49.6,157.0,179.0,1351.0,69.19263,84.0
18.0,37.0,0.0,5.0,0.0,126.07,1.0,83.0,270.0,158.86,403.0,69.81502,84.0
8.0,60.0,1.0,3.0,0.0,89.73,0.0,65.1,396.0,84.52,1150.0,38.547646,32.0
8.0,23.0,3.0,9.0,0.0,22.21,0.0,77.8,35.0,23.01,124.0,35.871582,35.0
23.0,72.0,5.0,6.0,0.0,135.46,1.0,102.8,410.0,108.86,677.0,46.82313,53.0
10.0,51.0,2.0,5.0,0.0,120.55,1.0,72.9,248.0,147.96,1206.0,72.17651,78.0
11.0,95.0,5.0,12.0,0.0,40.27,1.0,50.1,74.0,40.56,1201.0,56.09504,52.0
17.0,74.0,2.0,10.0,0.0,66.12,0.0,75.0,71.0,66.85,893.0,31.395025,30.0
12.0,61.0,5.0,11.0,0.0,125.87,0.0,65.1,346.0,108.69,1384.0,31.840996,33.0
20.0,67.0,6.0,4.0,0.0,126.48,0.0,60.1,399.0,163.23,258.0,43.65244,44.0
21.0,100.0,4.0,2.0,0.0,20.78,1.0,33.1,125.0,17.51,341.0,52.007046,58.0
2.0,10.0,3.0,3.0,0.0,13.28,0.0,38.9,111.0,15.69,497.0,37.99987,39.0
8.0,28.0,6.0,9.0,0.0,75.25,1.0,76.0,344.0,68.55,1398.0,56.215145,47.0
13.0,71.0,3.0,3.0,0.0,148.48,0.0,58.8,74.0,174.4,1696.0,49.705956,44.0
8.0,62.0,2.0,6.0,0.0,71.49,1.0,103.6,304.0,76.11,1425.0,62.49327,50.0
14.0,25.0,1.0,10.0,0.0,55.04,0.0,80.2,480.0,50.45,762.0,31.727522,32.0
3.0,61.0,5.0,10.0,0.0,37.96,0.0,69.1,97.0,47.79,372.0,46.707047,54.0
7.0,17.0,0.0,4.0,0.0,81.87,1.0,67.0,221.0,81.27,1777.0,57.623928,62.0
11.0,17.0,3.0,10.0,0.0,145.49,1.0,67.5,194.0,122.98,1541.0,40.58782,45.0
30.0,81.0,2.0,3.0,0.0,72.44,0.0,59.0,107.0,59.22,107.0,28.874807,24.0
27.0,53.0,2.0,4.0,0.0,50.85,1.0,65.1,447.0,53.74,646.0,53.585987,50.0
6.0,37.0,3.0,1.0,0.0,97.5,0.0,25.5,485.0,93.76,1266.0,45.110294,50.0
2.0,20.0,5.0,4.0,0.0,51.75,1.0,65.4,182.0,52.07,113.0,53.03723,65.0
28.0,20.0,4.0,1.0,0.0,50.55,1.0,45.4,427.0,59.04,544.0,52.447765,50.0
16.0,85.0,6.0,1.0,0.0,84.59,0.0,47.8,68.0,83.76,1455.0,27.31731,22.0
8.0,88.0,2.0,5.0,0.0,134.06,1.0,76.8,414.0,145.38,901.0,61.380806,72.0
25.0,95.0,5.0,9.0,0.0,115.79,1.0,89.5,127.0,106.29,995.0,44.990154,46.0
3.0,47.0,1.0,6.0,0.0,33.81,0.0,95.3,304.0,37.55,508.0,41.604027,49.0
18.0,20.0,5.0,4.0,0.0,124.27,0.0,81.9,398.0,132.9,1060.0,40.65538,37.0
4.0,18.0,2.0,7.0,0.0,81.85,1.0,102.2,454.0,94.68,1772.0,59.4297,71.0
11.0,79.0,3.0,4.0,0.0,58.28,1.0,80.0,396.0,56.78,1968.0,55.66427,43.0
29.0,96.0,6.0,4.0,0.0,25.92,1.0,76.5,77.0,27.89,288.0,57.78867,64.0
21.0,22.0,6.0,5.0,0.0,113.84,1.0,82.3,138.0,110.65,240.0,48.657604,43.0
15.0,7.0,3.0,12.0,0.0,120.42,0.0,44.3,109.0,97.26,1820.0,32.843483,20.0
13.0,88.0,6.0,4.0,0.0,23.2,0.0,70.6,423.0,28.21,854.0,37.772026,40.0
5.0,57.0,2.0,7.0,0.0,29.53,1.0,89.9,13.0,26.68,848.0,56.090744,59.0
24.0,49.0,1.0,7.0,0.0,37.97,0.0,87.6,151.0,34.88,1470.0,36.11695,39.0
15.0,38.0,4.0,9.0,0.0,75.79,1.0,83.9,12.0,90.37,1676.0,64.92779,60.0
8.0,17.0,4.0,10.0,0.0,40.89,1.0,73.5,195.0,50.8,472.0,58.42614,59.0
23.0,52.0,5.0,3.0,0.0,49.66,1.0,47.9,318.0,50.48,1667.0,59.418575,54.0
25.0,6.0,0.0,4.0,0.0,133.56,1.0,63.7,91.0,142.08,152.0,50.366547,45.0
29.0,76.0,2.0,5.0,0.0,99.98,1.0,73.9,342.0,98.73,1133.0,60.103195,68.0
29.0,62.0,2.0,1.0,0.0,89.1,1.0,42.7,297.0,81.86,483.0,54.73719,53.0
4.0,56.0,1.0,1.0,0.0,51.8,0.0,47.2,147.0,60.88,298.0,33.457382,28.0
20.0,49.0,0.0,9.0,0.0,60.08,0.0,64.7,212.0,76.44,1274.0,37.48401,43.0
8.0,7.0,6.0,9.0,0.0,26.85,0.0,77.3,86.0,24.88,759.0,36.778824,36.0
28.0,6.0,1.0,1.0,0.0,56.8,1.0,58.0,125.0,64.87,487.0,56.021355,50.0
3.0,70.0,4.0,7.0,0.0,106.82,1.0,98.4,146.0,113.33,1946.0,65.22779,47.0
4.0,51.0,6.0,9.0,0.0,135.51,0.0,72.5,323.0,175.88,1874.0,53.671783,52.0
27.0,57.0,4.0,10.0,0.0,50.71,0.0,56.0,43.0,64.05,475.0,41.041092,45.0
9.0,27.0,4.0,2.0,0.0,11.94,0.0,65.8,339.0,13.04,974.0,33.519657,36.0
29.0,38.0,1.0,11.0,1.0,132.31,1.0,61.6,350.0,142.47,422.0,81.2262,105.0
13.0,42.0,0.0,3.0,0.0,64.83,0.0,53.6,122.0,54.29,896.0,28.196274,24.0
10.0,56.0,1.0,9.0,0.0,87.67,1.0,81.2,427.0,86.22,628.0,52.496662,57.0
28.0,88.0,3.0,4.0,0.0,126.05,0.0,72.5,124.0,105.86,1294.0,26.11979,26.0
16.0,10.0,0.0,1.0,0.0,27.47,0.0,52.6,343.0,30.9,887.0,26.663784,26.0
17.0,62.0,3.0,11.0,0.0,122.13,0.0,53.5,90.0,134.83,1884.0,44.142788,43.0
13.0,51.0,3.0,1.0,0.0,47.75,1.0,48.6,56.0,49.34,880.0,54.902237,46.0
9.0,10.0,4.0,6.0,0.0,80.52,0.0,83.0,25.0,79.25,1585.0,35.832035,26.0
19.0,67.0,0.0,6.0,0.0,131.85,1.0,88.3,150.0,146.4,670.0,57.597275,62.0
19.0,60.0,3.0,3.0,0.0,43.99,0.0,59.2,283.0,37.49,1914.0,38.77919,33.0
12.0,56.0,6.0,8.0,0.0,134.8,0.0,105.2,266.0,155.65,53.0,44.49202,46.0
3.0,12.0,3.0,4.0,0.0,41.48,0.0,67.1,144.0,35.55,707.0,36.119343,40.0
23.0,33.0,6.0,6.0,0.0,44.9,0.0,90.9,477.0,42.51,590.0,34.469208,32.0
8.0,88.0,0.0,1.0,0.0,73.26,1.0,49.9,220.0,75.22,1327.0,63.588673,60.0
1.0,59.0,1.0,9.0,0.0,87.67,1.0,84.1,223.0,81.81,397.0,43.026093,53.0
8.0,11.0,5.0,2.0,0.0,39.85,0.0,68.7,144.0,41.56,1383.0,38.102585,39.0
23.0,67.0,1.0,3.0,0.0,6.87,0.0,59.8,310.0,8.07,1378.0,39.712353,38.0
13.0,88.0,3.0,8.0,0.0,43.99,0.0,96.8,460.0,50.23,592.0,37.541443,37.0
25.0,55.0,1.0,2.0,0.0,61.06,0.0,32.6,304.0,79.17,1868.0,37.39006,36.0
22.0,74.0,1.0,2.0,0.0,38.51,0.0,45.0,238.0,45.15,407.0,40.370434,39.0
25.0,16.0,4.0,2.0,0.0,90.8,1.0,24.7,220.0,94.02,890.0,47.741707,51.0
7.0,51.0,5.0,3.0,0.0,129.05,0.0,47.4,90.0,120.23,362.0,33.10712,25.0
21.0,13.0,4.0,12.0,0.0,18.71,1.0,50.0,248.0,20.14,1955.0,57.768845,53.0
9.0,55.0,4.0,1.0,0.0,76.6,1.0,47.7,448.0,80.52,1290.0,51.10613,57.0
17.0,30.0,0.0,8.0,0.0,27.34,0.0,98.9,213.0,31.38,1846.0,38.823757,36.0
11.0,69.0,4.0,2.0,0.0,17.11,1.0,54.1,147.0,20.97,1516.0,56.085003,65.0
24.0,58.0,1.0,8.0,0.0,27.96,1.0,83.7,78.0,32.9,156.0,54.202637,63.0
12.0,65.0,3.0,1.0,0.0,97.38,0.0,37.4,307.0,99.78,955.0,36.096962,37.0
11.0,90.0,5.0,11.0,0.0,14.83,1.0,65.0,250.0,16.88,1377.0,58.27738,52.0
18.0,24.0,2.0,2.0,0.0,96.64,1.0,44.6,287.0,86.59,126.0,44.58513,42.0
27.0,79.0,6.0,12.0,0.0,140.75,1.0,45.5,52.0,181.62,392.0,73.662964,67.0
20.0,96.0,3.0,4.0,0.0,23.67,0.0,75.8,27.0,29.47,1579.0,29.116169,35.0
20.0,43.0,3.0,2.0,0.0,111.64,0.0,38.6,394.0,130.59,1121.0,35.206974,35.0
12.0,18.0,1.0,6.0,0.0,54.96,1.0,71.4,382.0,69.75,938.0,68.1432,68.0
22.0,42.0,1.0,7.0,0.0,100.92,0.0,98.1,93.0,98.93,1121.0,39.07412,41.0
14.0,12.0,4.0,4.0,0.0,115.53,0.0,48.4,174.0,100.57,866.0,25.664614,25.0
9.0,8.0,1.0,6.0,0.0,20.95,0.0,95.4,351.0,22.24,806.0,36.65559,38.0
30.0,99.0,3.0,6.0,0.0,61.13,0.0,101.0,67.0,52.12,363.0,30.36818,21.0
13.0,54.0,6.0,10.0,0.0,138.28,0.0,62.1,181.0,161.33,747.0,43.705612,41.0
26.0,44.0,1.0,1.0,0.0,29.16,1.0,40.7,78.0,25.37,1353.0,42.47537,42.0
17.0,91.0,6.0,7.0,1.0,89.85,1.0,94.1,157.0,99.95,773.0,78.77705,98.0
3.0,17.0,3.0,3.0,0.0,94.15,0.0,57.5,120.0,90.34,697.0,35.79845,38.0
20.0,99.0,3.0,4.0,0.0,67.53,0.0,72.6,276.0,84.78,1598.0,37.80174,37.0
9.0,92.0,3.0,8.0,0.0,145.03,0.0,98.3,168.0,187.77,1979.0,55.412807,45.0
24.0,30.0,5.0,2.0,0.0,135.73,1.0,34.6,116.0,137.52,1830.0,56.708332,62.0
13.0,23.0,5.0,2.0,0.0,66.71,1.0,48.2,415.0,74.96,937.0,58.64926,67.0
7.0,18.0,6.0,10.0,0.0,58.38,0.0,56.4,109.0,49.67,846.0,34.611862,35.0
19.0,15.0,2.0,7.0,0.0,87.05,1.0,93.1,430.0,77.64,1203.0,49.135468,51.0
12.0,54.0,2.0,12.0,1.0,58.67,1.0,31.6,393.0,51.17,1797.0,87.37132,70.0
18.0,27.0,1.0,5.0,0.0,19.0,1.0,76.7,410.0,23.03,902.0,59.193604,48.0
4.0,36.0,4.0,4.0,0.0,127.5,0.0,73.7,288.0,132.71,782.0,33.622902,32.0
15.0,33.0,5.0,12.0,0.0,69.88,1.0,51.7,492.0,77.2,97.0,59.071526,52.0
10.0,89.0,1.0,6.0,0.0,86.78,1.0,108.3,441.0,81.31,1387.0,57.22115,59.0
15.0,66.0,1.0,5.0,0.0,22.6,0.0,93.2,281.0,28.39,684.0,36.153076,40.0
2.0,28.0,0.0,7.0,0.0,96.76,1.0,90.9,433.0,105.8,1446.0,64.75447,61.0
26.0,97.0,5.0,2.0,0.0,67.8,0.0,48.8,291.0,59.72,209.0,24.351437,23.0
12.0,99.0,6.0,9.0,0.0,32.22,1.0,101.8,184.0,36.0,574.0,60.924995,47.0
5.0,19.0,3.0,3.0,0.0,39.27,0.0,61.9,399.0,33.71,677.0,30.432384,31.0
19.0,94.0,4.0,3.0,0.0,78.57,1.0,48.9,461.0,79.3,1161.0,56.525574,53.0
25.0,18.0,5.0,1.0,0.0,15.69,0.0,33.7,248.0,16.22,841.0,28.646233,29.0
22.0,10.0,3.0,6.0,0.0,97.36,0.0,77.3,381.0,110.1,1593.0,48.109673,53.0
16.0,26.0,6.0,10.0,0.0,98.67,1.0,59.6,277.0,127.51,231.0,61.1596,67.0
7.0,26.0,2.0,2.0,0.0,50.12,0.0,57.7,108.0,55.96,852.0,47.10955,58.0
11.0,74.0,4.0,6.0,0.0,31.06,0.0,86.1,225.0,28.19,889.0,26.733698,27.0
12.0,32.0,0.0,1.0,0.0,78.35,0.0,53.1,372.0,87.06,1770.0,43.897396,45.0
7.0,89.0,4.0,7.0,0.0,79.44,0.0,101.5,28.0,73.73,244.0,33.50246,35.0
5.0,71.0,3.0,2.0,0.0,139.0,1.0,53.5,141.0,137.61,1896.0,59.72183,57.0
11.0,28.0,0.0,2.0,0.0,38.48,1.0,44.8,19.0,38.97,1726.0,58.458122,46.0
5.0,95.0,5.0,9.0,0.0,12.05,0.0,81.9,133.0,11.01,395.0,31.831947,30.0
21.0,25.0,3.0,2.0,0.0,94.36,1.0,46.0,178.0,86.43,309.0,48.537136,50.0
30.0,83.0,3.0,3.0,0.0,91.1,0.0,57.2,161.0,112.85,1829.0,41.537376,41.0
20.0,99.0,6.0,7.0,0.0,35.95,1.0,107.0,174.0,39.07,1958.0,55.66344,47.0
15.0,94.0,0.0,2.0,0.0,78.83,1.0,49.1,124.0,88.79,1427.0,61.739113,68.0
3.0,83.0,2.0,1.0,0.0,13.71,0.0,43.5,467.0,13.33,382.0,35.939854,36.0
29.0,86.0,4.0,4.0,0.0,58.78,1.0,57.9,368.0,49.62,1742.0,56.704227,50.0
18.0,92.0,0.0,8.0,0.0,42.41,0.0,77.9,82.0,47.47,386.0,36.2581,39.0
28.0,74.0,6.0,1.0,0.0,84.76,0.0,35.6,454.0,88.97,1433.0,35.169365,33.0
5.0,15.0,2.0,2.0,0.0,134.46,1.0,37.3,253.0,167.45,1010.0,65.53492,79.0
18.0,36.0,3.0,3.0,0.0,7.03,1.0,55.7,121.0,7.58,1457.0,62.889572,65.0
22.0,10.0,1.0,7.0,1.0,137.68,1.0,92.0,416.0,154.54,393.0,89.42767,106.0
20.0,90.0,3.0,3.0,0.0,96.92,1.0,72.3,311.0,120.44,1331.0,58.549767,48.0
26.0,87.0,0.0,12.0,1.0,38.24,0.0,48.6,59.0,38.14,1487.0,62.94349,53.0
8.0,53.0,5.0,8.0,0.0,61.81,0.0,104.7,121.0,66.18,278.0,38.99848,44.0
2.0,91.0,1.0,4.0,0.0,49.43,0.0,67.3,337.0,54.79,705.0,41.550365,44.0
9.0,52.0,6.0,4.0,0.0,25.07,0.0,76.5,77.0,27.27,861.0,31.939716,34.0
25.0,3.0,5.0,5.0,0.0,77.79,0.0,91.5,278.0,99.21,1685.0,37.70859,36.0
26.0,93.0,0.0,1.0,0.0,104.03,0.0,50.8,347.0,90.5,734.0,20.307665,25.0
20.0,87.0,5.0,4.0,0.0,63.49,0.0,69.7,19.0,62.32,1690.0,30.505884,30.0
11.0,90.0,6.0,6.0,0.0,88.26,1.0,88.1,231.0,90.32,1451.0,55.47542,50.0
23.0,42.0,2.0,3.0,0.0,122.0,1.0,65.1,160.0,117.41,229.0,48.164635,52.0
14.0,26.0,0.0,1.0,0.0,148.73,0.0,57.0,187.0,182.09,63.0,49.06996,55.0
5.0,11.0,3.0,7.0,0.0,15.51,1.0,87.8,363.0,14.87,1706.0,57.703354,68.0
13.0,25.0,5.0,3.0,0.0,85.38,1.0,64.6,449.0,74.54,1437.0,53.86775,39.0
28.0,81.0,1.0,10.0,0.0,114.36,0.0,68.8,146.0,98.96,1849.0,27.732607,28.0
24.0,73.0,1.0,4.0,0.0,65.42,0.0,69.0,116.0,81.92,1344.0,39.65842,43.0
16.0,48.0,6.0,5.0,0.0,143.16,1.0,75.6,380.0,159.06,354.0,58.198013,63.0
27.0,52.0,2.0,12.0,0.0,119.47,0.0,49.2,59.0,121.36,1739.0,39.756393,39.0
7.0,87.0,5.0,9.0,0.0,143.19,1.0,75.7,422.0,144.82,1862.0,61.428722,60.0
7.0,26.0,4.0,11.0,0.0,112.51,0.0,53.9,309.0,132.89,966.0,50.142017,53.0
5.0,38.0,0.0,1.0,0.0,48.22,1.0,46.6,93.0,55.54,1647.0,59.12463,63.0
22.0,92.0,4.0,9.0,0.0,123.28,0.0,83.5,10.0,142.45,1291.0,46.159473,44.0
8.0,36.0,2.0,4.0,0.0,77.21,0.0,57.6,373.0,99.49,610.0,48.424503,50.0
23.0,69.0,4.0,11.0,0.0,55.43,0.0,59.9,26.0,66.71,1075.0,43.08812,42.0
2.0,58.0,6.0,11.0,1.0,27.65,0.0,67.6,77.0,35.69,943.0,65.063614,80.0
9.0,41.0,6.0,5.0,0.0,107.23,0.0,79.8,69.0,122.51,1362.0,41.0131,41.0
29.0,98.0,2.0,12.0,1.0,30.82,1.0,47.7,82.0,32.22,268.0,88.17134,96.0
21.0,63.0,5.0,4.0,0.0,115.79,0.0,67.2,311.0,93.4,1635.0,29.007023,29.0
5.0,6.0,3.0,3.0,0.0,44.17,0.0,70.7,167.0,45.79,1107.0,36.434578,42.0
20.0,46.0,0.0,4.0,0.0,23.68,1.0,69.9,29.0,23.32,1042.0,49.883667,34.0
8.0,16.0,2.0,2.0,0.0,41.35,1.0,51.2,361.0,52.3,841.0,61.842995,57.0
29.0,55.0,4.0,12.0,0.0,49.53,0.0,53.6,105.0,63.35,1400.0,46.351547,50.0
4.0,83.0,5.0,2.0,0.0,75.26,0.0,39.3,98.0,88.17,1428.0,41.33717,29.0
17.0,39.0,0.0,7.0,1.0,74.29,0.0,102.0,387.0,88.01,812.0,69.13736,68.0
2.0,3.0,6.0,7.0,0.0,75.89,1.0,106.9,273.0,65.79,58.0,54.485683,54.0
4.0,11.0,5.0,4.0,0.0,110.2,1.0,75.5,181.0,109.14,163.0,42.61131,40.0
1.0,49.0,0.0,3.0,0.0,95.5,0.0,62.4,103.0,115.01,1845.0,42.118595,44.0
1.0,33.0,1.0,9.0,0.0,85.64,1.0,81.6,39.0,100.95,918.0,52.1797,50.0
11.0,12.0,3.0,6.0,0.0,24.87,0.0,91.1,101.0,29.29,106.0,30.775108,31.0
22.0,100.0,4.0,6.0,0.0,84.35,1.0,96.1,419.0,101.4,676.0,67.34802,82.0
1.0,73.0,0.0,7.0,1.0,67.88,1.0,98.5,301.0,59.03,318.0,68.15086,66.0
8.0,70.0,1.0,8.0,0.0,8.3,0.0,99.9,280.0,10.77,73.0,34.95009,29.0
23.0,31.0,5.0,3.0,0.0,82.05,0.0,51.4,43.0,68.43,1869.0,36.980946,35.0
4.0,74.0,0.0,9.0,0.0,14.02,0.0,80.7,329.0,15.78,1064.0,31.33837,29.0
26.0,71.0,2.0,12.0,0.0,12.76,1.0,42.6,169.0,12.52,1686.0,49.026394,39.0
7.0,23.0,0.0,4.0,0.0,136.74,1.0,53.9,210.0,157.07,1041.0,62.879036,76.0
30.0,71.0,4.0,12.0,0.0,81.9,0.0,51.1,190.0,75.2,690.0,32.884285,26.0
11.0,28.0,2.0,2.0,0.0,127.02,0.0,53.6,249.0,149.19,430.0,42.569237,46.0
20.0,17.0,2.0,8.0,0.0,31.05,0.0,81.9,229.0,31.88,764.0,24.251062,23.0
6.0,86.0,5.0,3.0,0.0,74.76,0.0,68.1,375.0,88.47,1282.0,52.085217,54.0
6.0,22.0,0.0,12.0,0.0,84.02,0.0,52.8,75.0,96.29,1163.0,47.391792,50.0
9.0,70.0,3.0,2.0,0.0,31.95,1.0,39.0,355.0,25.58,1470.0,47.469944,36.0
2.0,91.0,1.0,10.0,0.0,53.25,1.0,63.2,406.0,57.91,1391.0,60.438416,70.0
6.0,12.0,2.0,7.0,0.0,135.32,1.0,97.3,340.0,145.33,975.0,68.679344,64.0
14.0,63.0,1.0,3.0,0.0,87.23,0.0,39.7,183.0,77.03,1470.0,32.970207,36.0
9.0,88.0,3.0,11.0,0.0,129.35,0.0,50.9,334.0,151.28,1071.0,45.89948,50.0
20.0,34.0,2.0,11.0,0.0,129.83,0.0,53.2,428.0,164.22,268.0,43.894886,39.0
16.0,11.0,0.0,7.0,0.0,8.08,0.0,96.0,55.0,8.74,1465.0,26.575718,24.0
19.0,43.0,6.0,10.0,0.0,136.96,1.0,63.4,284.0,114.36,495.0,41.890675,48.0
8.0,94.0,4.0,1.0,0.0,22.05,1.0,37.5,388.0,25.65,1385.0,60.872143,68.0
17.0,20.0,0.0,2.0,0.0,58.75,0.0,45.0,447.0,47.01,1002.0,29.414001,29.0
28.0,69.0,5.0,5.0,0.0,29.61,1.0,80.2,104.0,30.93,1857.0,58.638664,59.0
23.0,87.0,6.0,3.0,0.0,149.56,0.0,63.9,422.0,120.54,845.0,22.516853,21.0
5.0,65.0,1.0,4.0,0.0,51.24,0.0,74.4,76.0,60.01,444.0,38.11402,39.0
2.0,63.0,5.0,7.0,1.0,113.9,0.0,85.0,91.0,103.36,1110.0,59.953224,68.0
5.0,21.0,3.0,1.0,0.0,31.04,1.0,48.1,405.0,28.2,1549.0,52.880646,57.0
11.0,55.0,3.0,1.0,0.0,104.57,1.0,52.2,224.0,97.38,533.0,51.935898,47.0
10.0,43.0,2.0,11.0,0.0,39.38,0.0,45.2,283.0,45.31,1117.0,39.693493,42.0
28.0,8.0,4.0,11.0,0.0,106.42,0.0,51.8,44.0,88.29,556.0,26.206823,25.0
14.0,67.0,1.0,2.0,0.0,61.45,0.0,41.1,122.0,65.44,1543.0,35.675945,38.0
10.0,56.0,5.0,9.0,0.0,101.96,1.0,74.2,395.0,87.24,620.0,47.940716,44.0
16.0,12.0,3.0,1.0,0.0,58.32,0.0,38.9,498.0,71.48,1397.0,34.520004,30.0
12.0,48.0,2.0,1.0,0.0,59.15,0.0,54.2,169.0,73.6,93.0,44.802486,44.0
15.0,48.0,5.0,4.0,0.0,141.34,1.0,73.3,412.0,151.93,663.0,62.49337,62.0
3.0,22.0,3.0,12.0,0.0,84.48,0.0,44.8,164.0,95.59,768.0,44.663155,48.0
27.0,97.0,2.0,8.0,0.0,67.89,0.0,95.2,59.0,63.46,1279.0,36.41392,41.0
14.0,87.0,0.0,10.0,0.0,97.62,0.0,69.6,314.0,78.3,1375.0,27.967577,32.0
14.0,51.0,3.0,5.0,0.0,16.94,0.0,77.4,433.0,15.23,1747.0,35.348152,30.0
13.0,3.0,3.0,8.0,0.0,146.86,0.0,79.9,188.0,162.11,1923.0,45.038933,39.0
25.0,37.0,0.0,7.0,0.0,117.88,1.0,90.7,366.0,104.08,805.0,44.35517,38.0
26.0,87.0,3.0,8.0,0.0,11.55,0.0,91.4,176.0,12.48,968.0,27.43,25.0
19.0,93.0,6.0,11.0,0.0,97.59,1.0,67.3,231.0,107.52,789.0,63.673622,69.0
3.0,57.0,4.0,12.0,0.0,57.61,0.0,51.6,176.0,51.88,525.0,42.921986,37.0
25.0,83.0,4.0,5.0,0.0,22.51,0.0,74.7,441.0,25.06,1709.0,31.454,25.0
22.0,92.0,0.0,5.0,0.0,55.62,0.0,93.7,164.0,54.35,161.0,36.61996,34.0
29.0,81.0,5.0,9.0,0.0,91.09,0.0,80.1,116.0,89.7,420.0,37.32125,42.0
21.0,58.0,0.0,7.0,0.0,139.87,0.0,94.1,370.0,167.07,1966.0,53.31296,59.0
27.0,36.0,2.0,4.0,0.0,129.81,1.0,54.3,388.0,118.65,862.0,49.67654,46.0
11.0,53.0,0.0,3.0,0.0,74.57,1.0,56.8,282.0,67.77,1162.0,51.877125,60.0
1.0,80.0,6.0,6.0,0.0,28.18,1.0,105.3,319.0,32.4,526.0,47.67818,43.0
2.0,22.0,6.0,11.0,0.0,42.01,1.0,57.4,425.0,48.08,213.0,55.1208,62.0
20.0,2.0,2.0,2.0,0.0,30.55,1.0,55.0,458.0,25.24,1513.0,44.418877,32.0
7.0,85.0,5.0,8.0,0.0,142.95,0.0,98.0,116.0,120.42,280.0,25.275745,26.0
2.0,12.0,3.0,12.0,0.0,27.93,1.0,40.9,61.0,35.52,261.0,58.696785,56.0
15.0,72.0,4.0,8.0,0.0,145.27,1.0,95.6,174.0,182.51,87.0,66.73842,69.0
21.0,95.0,2.0,9.0,0.0,79.46,0.0,76.7,495.0,82.38,112.0,31.527447,23.0
20.0,39.0,6.0,2.0,0.0,49.01,0.0,57.6,121.0,62.97,558.0,32.440777,30.0
12.0,27.0,6.0,7.0,0.0,65.4,0.0,99.4,289.0,62.44,1860.0,44.912647,43.0
25.0,7.0,6.0,8.0,0.0,29.05,0.0,84.8,256.0,25.68,517.0,27.34157,32.0
22.0,74.0,5.0,10.0,0.0,76.9,1.0,69.1,269.0,78.37,1789.0,63.20811,66.0
3.0,57.0,5.0,2.0,0.0,25.04,1.0,53.8,347.0,23.78,654.0,62.019012,53.0
26.0,55.0,2.0,2.0,0.0,47.28,1.0,34.8,345.0,58.81,1541.0,52.210842,60.0
16.0,47.0,3.0,11.0,0.0,85.72,0.0,59.9,444.0,85.48,1651.0,32.052128,29.0
26.0,44.0,6.0,7.0,1.0,70.29,1.0,103.7,224.0,68.99,888.0,77.00389,59.0
17.0,65.0,3.0,2.0,0.0,14.53,0.0,62.3,397.0,14.21,1551.0,35.9711,36.0
28.0,21.0,6.0,5.0,0.0,10.45,0.0,85.1,106.0,12.68,447.0,29.433226,26.0
24.0,92.0,3.0,11.0,0.0,75.59,1.0,53.7,172.0,86.52,1006.0,60.375122,54.0
2.0,65.0,1.0,9.0,0.0,54.36,0.0,87.4,222.0,70.58,1480.0,47.32737,52.0
13.0,21.0,6.0,9.0,0.0,12.88,0.0,75.5,388.0,12.99,603.0,30.199219,30.0
2.0,92.0,5.0,4.0,0.0,148.27,1.0,65.3,360.0,183.62,122.0,72.01361,74.0
16.0,50.0,0.0,1.0,0.0,124.78,1.0,34.5,365.0,142.59,1674.0,59.516052,63.0
30.0,11.0,0.0,5.0,0.0,122.53,1.0,83.1,83.0,134.42,1848.0,61.068855,49.0
1.0,66.0,6.0,10.0,0.0,31.41,1.0,63.5,435.0,39.03,1948.0,55.52546,69.0
26.0,34.0,0.0,4.0,0.0,97.87,0.0,70.4,188.0,109.24,239.0,28.266443,27.0
19.0,73.0,2.0,5.0,0.0,26.84,1.0,86.4,263.0,27.24,1534.0,56.56962,44.0
18.0,96.0,1.0,1.0,0.0,60.07,0.0,36.4,484.0,59.39,1149.0,38.49713,35.0
2.0,65.0,3.0,1.0,0.0,73.18,1.0,49.3,194.0,58.84,1546.0,51.418884,44.0
14.0,1.0,3.0,6.0,0.0,87.81,1.0,96.0,74.0,85.7,1769.0,53.191803,50.0
10.0,55.0,6.0,5.0,0.0,48.01,1.0,71.5,332.0,54.68,1415.0,64.14286,57.0
1.0,66.0,6.0,4.0,0.0,43.53,0.0,56.7,266.0,43.58,215.0,26.288174,27.0
11.0,47.0,0.0,3.0,0.0,14.08,1.0,61.1,75.0,15.2,244.0,53.0122,66.0
7.0,63.0,2.0,8.0,0.0,29.5,1.0,106.7,494.0,33.36,136.0,57.858692,67.0
18.0,75.0,2.0,2.0,0.0,26.2,0.0,51.1,332.0,22.47,549.0,37.611538,36.0
23.0,91.0,3.0,4.0,0.0,33.54,0.0,71.4,304.0,31.36,525.0,35.736237,33.0
21.0,29.0,5.0,9.0,0.0,53.32,1.0,91.4,222.0,58.63,385.0,56.061802,60.0
21.0,89.0,2.0,2.0,0.0,123.13,0.0,27.5,431.0,131.43,363.0,38.216652,31.0
4.0,6.0,1.0,3.0,0.0,53.72,0.0,44.0,415.0,54.1,1299.0,34.91052,34.0
11.0,91.0,1.0,5.0,0.0,16.99,1.0,90.8,398.0,21.55,1536.0,54.508656,66.0
7.0,44.0,0.0,1.0,0.0,129.68,0.0,42.1,104.0,122.58,1186.0,35.544594,31.0
11.0,31.0,4.0,12.0,0.0,27.98,1.0,51.8,240.0,23.92,827.0,48.951447,60.0
4.0,78.0,2.0,11.0,0.0,57.32,1.0,62.4,458.0,49.6,1479.0,53.636116,51.0
12.0,99.0,6.0,5.0,0.0,100.08,0.0,81.9,404.0,127.45,427.0,46.593414,49.0
9.0,76.0,4.0,2.0,0.0,111.83,0.0,56.1,59.0,123.23,986.0,37.510513,39.0
7.0,27.0,6.0,2.0,0.0,139.13,1.0,51.7,262.0,157.75,120.0,64.01079,60.0
28.0,13.0,2.0,4.0,0.0,28.73,0.0,78.8,252.0,25.29,1871.0,28.79296,21.0
6.0,18.0,1.0,8.0,0.0,132.65,0.0,96.7,357.0,160.95,237.0,54.49001,63.0
21.0,62.0,5.0,7.0,0.0,37.41,1.0,96.7,383.0,47.44,1493.0,57.975468,64.0
8.0,81.0,3.0,1.0,0.0,16.68,1.0,43.8,166.0,16.32,914.0,57.270195,57.0
4.0,61.0,1.0,4.0,0.0,61.67,1.0,66.9,86.0,64.0,1097.0,56.10666,51.0
6.0,72.0,4.0,7.0,1.0,39.62,0.0,113.3,290.0,51.0,123.0,63.57473,83.0
21.0,85.0,6.0,9.0,0.0,93.41,1.0,84.3,459.0,104.81,1584.0,57.45875,51.0
15.0,71.0,2.0,1.0,0.0,144.28,1.0,49.3,326.0,137.33,664.0,48.738873,64.0
6.0,99.0,6.0,11.0,1.0,70.37,0.0,76.2,244.0,86.11,434.0,66.89752,85.0
12.0,55.0,6.0,4.0,0.0,114.97,0.0,70.4,230.0,138.98,852.0,49.198437,53.0
26.0,88.0,5.0,2.0,0.0,27.82,1.0,43.7,476.0,31.01,906.0,45.915646,41.0
27.0,20.0,2.0,2.0,0.0,68.17,0.0,37.3,429.0,87.73,1817.0,43.82758,46.0
16.0,40.0,4.0,1.0,0.0,127.33,1.0,33.2,161.0,114.95,1977.0,44.760155,41.0
25.0,77.0,2.0,5.0,0.0,117.33,1.0,66.8,46.0,96.96,311.0,38.249996,41.0
5.0,56.0,3.0,5.0,0.0,93.7,1.0,92.1,223.0,120.75,877.0,62.573326,59.0
15.0,35.0,4.0,11.0,0.0,20.05,1.0,54.9,25.0,21.72,439.0,55.631603,68.0
28.0,47.0,3.0,2.0,0.0,11.0,0.0,42.4,364.0,12.56,639.0,34.895042,34.0
4.0,21.0,3.0,12.0,1.0,24.9,1.0,48.1,482.0,30.76,855.0,78.17842,73.0
4.0,3.0,2.0,3.0,0.0,13.94,0.0,62.2,229.0,16.06,992.0,29.717966,35.0
4.0,39.0,3.0,4.0,0.0,111.63,1.0,62.0,138.0,89.76,109.0,38.138313,44.0
4.0,68.0,5.0,3.0,0.0,59.97,1.0,48.3,194.0,54.99,422.0,49.921593,41.0
29.0,80.0,6.0,8.0,0.0,111.07,0.0,69.4,232.0,114.83,1938.0,45.841156,56.0
7.0,46.0,1.0,4.0,0.0,37.02,1.0,76.5,107.0,39.83,1819.0,57.717285,69.0
22.0,77.0,1.0,6.0,0.0,124.71,1.0,98.3,118.0,155.44,351.0,70.09867,67.0
30.0,3.0,4.0,7.0,1.0,75.52,1.0,91.0,323.0,70.1,79.0,74.22814,50.0
24.0,73.0,6.0,12.0,1.0,78.34,1.0,36.2,365.0,65.64,538.0,66.92885,74.0
10.0,83.0,1.0,3.0,0.0,127.06,0.0,76.3,405.0,119.16,1891.0,38.389328,28.0
15.0,61.0,0.0,4.0,0.0,117.46,0.0,66.8,466.0,111.8,503.0,32.13924,29.0
25.0,43.0,5.0,1.0,0.0,54.51,0.0,66.5,175.0,53.81,246.0,23.59868,19.0
24.0,66.0,3.0,5.0,0.0,61.52,1.0,75.4,116.0,66.47,371.0,53.842674,65.0
29.0,63.0,3.0,5.0,0.0,71.1,1.0,79.4,205.0,58.72,1983.0,57.798344,62.0
20.0,68.0,2.0,8.0,0.0,107.27,1.0,108.3,421.0,135.11,366.0,60.843647,63.0
8.0,32.0,5.0,4.0,0.0,62.63,0.0,71.0,108.0,77.29,878.0,44.899853,42.0
3.0,54.0,6.0,1.0,0.0,61.92,0.0,52.0,327.0,61.04,1448.0,39.633793,39.0
5.0,93.0,2.0,1.0,0.0,11.03,0.0,33.8,416.0,10.69,1485.0,40.946224,41.0
28.0,63.0,4.0,6.0,0.0,119.05,1.0,94.4,432.0,113.26,915.0,52.441044,65.0
27.0,17.0,3.0,8.0,0.0,128.21,1.0,88.4,90.0,148.38,668.0,62.76158,63.0
28.0,21.0,3.0,3.0,0.0,41.26,0.0,51.2,437.0,47.82,211.0,29.491007,20.0
25.0,6.0,4.0,4.0,0.0,36.21,1.0,60.2,312.0,38.36,420.0,47.777046,43.0
6.0,35.0,3.0,12.0,1.0,35.09,0.0,48.6,328.0,40.01,82.0,62.717823,72.0
1.0,71.0,1.0,3.0,0.0,7.29,1.0,54.0,128.0,9.15,881.0,50.69524,48.0
4.0,56.0,5.0,3.0,0.0,17.72,1.0,72.9,91.0,21.35,234.0,46.31039,46.0
9.0,28.0,2.0,2.0,0.0,140.34,0.0,46.1,37.0,142.08,482.0,37.16243,26.0
6.0,80.0,2.0,6.0,0.0,144.21,1.0,85.4,353.0,151.02,1882.0,65.81086,76.0
27.0,90.0,4.0,1.0,0.0,48.9,1.0,53.6,339.0,41.42,863.0,53.574337,52.0
7.0,25.0,3.0,5.0,0.0,124.02,0.0,78.8,150.0,141.49,233.0,39.523796,46.0
1.0,9.0,4.0,1.0,0.0,132.37,1.0,45.8,284.0,142.47,229.0,52.209484,41.0
1.0,41.0,3.0,1.0,0.0,61.02,0.0,47.0,38.0,58.91,965.0,26.83774,23.0
26.0,61.0,6.0,7.0,0.0,78.55,1.0,103.7,498.0,75.29,70.0,42.397274,42.0
18.0,9.0,6.0,4.0,0.0,34.09,0.0,57.2,222.0,30.93,1605.0,39.341633,36.0
9.0,4.0,3.0,2.0,0.0,21.23,0.0,59.3,171.0,17.05,1577.0,34.252274,36.0
12.0,17.0,4.0,1.0,0.0,30.95,0.0,39.6,262.0,39.51,1180.0,39.343864,41.0
26.0,61.0,4.0,9.0,0.0,17.28,0.0,83.3,142.0,19.17,1634.0,31.387072,28.0
1.0,36.0,3.0,10.0,0.0,121.98,0.0,65.5,137.0,129.56,1784.0,33.72598,35.0
6.0,26.0,2.0,8.0,0.0,90.93,1.0,87.1,443.0,73.92,1308.0,56.64475,58.0
4.0,80.0,6.0,1.0,0.0,84.8,1.0,38.6,415.0,85.59,1632.0,51.654278,56.0
12.0,45.0,0.0,5.0,0.0,117.15,0.0,79.1,193.0,107.32,822.0,32.392567,32.0
15.0,38.0,5.0,5.0,0.0,71.65,0.0,74.0,452.0,78.39,544.0,36.76367,36.0
19.0,44.0,3.0,2.0,0.0,91.54,1.0,50.5,231.0,96.63,137.0,56.637833,51.0
22.0,45.0,0.0,5.0,0.0,79.74,0.0,94.4,373.0,87.72,946.0,43.940605,50.0
21.0,96.0,4.0,4.0,0.0,27.41,0.0,80.5,65.0,27.14,897.0,30.86843,35.0
13.0,67.0,1.0,1.0,0.0,79.71,0.0,60.9,413.0,93.99,886.0,41.45529,36.0
15.0,25.0,4.0,3.0,0.0,54.98,0.0,45.7,150.0,46.0,1145.0,31.932316,35.0
19.0,89.0,2.0,10.0,0.0,83.67,0.0,57.8,149.0,108.1,582.0,47.520607,49.0
30.0,87.0,6.0,4.0,0.0,74.64,0.0,71.0,115.0,85.86,624.0,36.24137,39.0
22.0,48.0,0.0,5.0,0.0,69.1,1.0,80.6,106.0,70.09,260.0,62.209553,50.0
21.0,11.0,1.0,4.0,0.0,73.94,1.0,70.1,278.0,65.49,1826.0,52.086174,58.0
14.0,53.0,3.0,3.0,0.0,86.81,0.0,55.8,36.0,105.9,1961.0,46.9981,49.0
9.0,66.0,5.0,11.0,1.0,77.28,1.0,53.5,405.0,74.82,1457.0,83.486626,73.0
14.0,87.0,4.0,9.0,0.0,80.59,1.0,85.1,33.0,94.88,1429.0,63.199955,69.0
5.0,92.0,5.0,2.0,0.0,143.5,1.0,42.1,145.0,120.81,1514.0,46.241703,31.0
26.0,15.0,2.0,11.0,0.0,133.24,0.0,54.1,245.0,170.64,1968.0,51.840458,50.0
22.0,94.0,1.0,8.0,0.0,90.74,1.0,100.6,416.0,91.17,1444.0,64.599304,65.0
29.0,35.0,2.0,3.0,0.0,60.05,0.0,60.2,176.0,70.43,1295.0,45.838745,50.0
5.0,43.0,5.0,1.0,0.0,86.36,0.0,48.7,388.0,96.47,1452.0,41.19726,32.0
30.0,63.0,2.0,5.0,0.0,46.5,0.0,85.3,50.0,39.59,857.0,32.256496,30.0
4.0,100.0,4.0,3.0,0.0,36.77,1.0,56.8,200.0,41.13,1997.0,58.999302,59.0
26.0,100.0,2.0,7.0,1.0,46.68,1.0,87.5,163.0,57.02,1761.0,88.38473,73.0
5.0,100.0,0.0,8.0,0.0,9.84,1.0,104.5,424.0,12.27,1113.0,58.647106,52.0
21.0,86.0,3.0,12.0,1.0,146.01,0.0,37.0,379.0,139.79,815.0,54.532776,57.0
14.0,86.0,6.0,4.0,0.0,71.34,0.0,65.0,204.0,74.46,1689.0,36.85165,31.0
19.0,60.0,4.0,5.0,0.0,28.55,1.0,85.9,377.0,36.26,772.0,57.681683,53.0
7.0,72.0,0.0,11.0,0.0,31.78,0.0,67.2,293.0,35.74,1580.0,42.008812,46.0
8.0,76.0,0.0,5.0,0.0,92.49,1.0,82.7,476.0,75.44,1784.0,57.012104,45.0
7.0,1.0,6.0,2.0,0.0,49.08,0.0,44.1,91.0,52.35,458.0,38.065056,41.0
19.0,89.0,1.0,3.0,0.0,31.46,1.0,58.9,425.0,36.94,844.0,54.857956,71.0
19.0,30.0,4.0,7.0,0.0,103.77,0.0,103.8,311.0,116.97,847.0,42.06431,43.0
5.0,45.0,6.0,10.0,0.0,7.74,1.0,71.3,472.0,6.79,807.0,61.309105,63.0
21.0,35.0,5.0,4.0,0.0,87.83,1.0,84.5,186.0,91.66,704.0,54.72509,45.0
19.0,29.0,6.0,9.0,0.0,42.95,1.0,89.1,352.0,34.76,894.0,58.138065,46.0
21.0,38.0,3.0,11.0,1.0,49.2,0.0,56.7,372.0,51.12,1564.0,58.50456,62.0
12.0,57.0,3.0,1.0,0.0,34.58,0.0,33.0,406.0,41.66,1940.0,47.202187,51.0
5.0,77.0,4.0,11.0,0.0,104.95,0.0,55.3,67.0,88.59,312.0,26.395674,27.0
5.0,22.0,0.0,1.0,0.0,95.95,0.0,37.0,204.0,115.15,617.0,44.479057,38.0
5.0,32.0,6.0,8.0,0.0,65.37,0.0,111.8,21.0,55.7,546.0,31.055899,29.0
28.0,22.0,0.0,3.0,0.0,19.29,1.0,54.7,377.0,19.65,271.0,48.952354,49.0
30.0,45.0,1.0,1.0,0.0,148.94,1.0,40.8,432.0,124.91,1500.0,46.63607,48.0
8.0,35.0,3.0,1.0,0.0,29.47,1.0,40.6,250.0,28.4,1014.0,59.895588,62.0
29.0,6.0,0.0,2.0,0.0,115.6,1.0,31.7,430.0,102.07,1502.0,47.12332,58.0
5.0,47.0,3.0,11.0,1.0,15.34,1.0,40.6,88.0,18.96,470.0,82.12488,92.0
21.0,1.0,4.0,9.0,0.0,23.76,0.0,80.3,97.0,27.41,853.0,32.061398,35.0
15.0,40.0,4.0,3.0,0.0,138.7,0.0,55.5,233.0,159.36,1940.0,46.7488,48.0
27.0,77.0,4.0,1.0,0.0,122.65,0.0,47.3,99.0,124.76,1635.0,38.713833,44.0
27.0,89.0,0.0,12.0,0.0,53.54,1.0,34.0,141.0,62.55,1963.0,61.663647,61.0
5.0,26.0,2.0,4.0,0.0,27.44,1.0,60.1,332.0,32.94,1944.0,67.440384,80.0
10.0,30.0,5.0,8.0,0.0,23.45,0.0,88.1,180.0,27.42,1177.0,37.73829,40.0
1.0,5.0,0.0,9.0,0.0,27.32,0.0,90.6,194.0,27.29,91.0,28.851461,26.0
2.0,44.0,6.0,12.0,0.0,74.52,0.0,66.3,107.0,75.67,489.0,40.213135,36.0
26.0,17.0,4.0,4.0,0.0,52.52,1.0,76.2,19.0,46.82,722.0,40.554184,40.0
25.0,21.0,4.0,9.0,0.0,39.51,0.0,101.1,270.0,43.96,76.0,26.39542,27.0
30.0,83.0,6.0,9.0,0.0,149.7,0.0,84.2,294.0,154.74,334.0,33.844696,31.0
1.0,35.0,3.0,1.0,0.0,51.4,1.0,42.3,499.0,54.79,900.0,47.968704,57.0
11.0,81.0,1.0,2.0,0.0,133.84,1.0,40.1,152.0,113.18,258.0,45.015842,34.0
23.0,72.0,4.0,12.0,1.0,119.57,0.0,51.8,172.0,99.81,494.0,52.35637,67.0
2.0,73.0,0.0,3.0,0.0,101.25,1.0,61.0,172.0,130.93,1607.0,76.633125,66.0
5.0,12.0,2.0,4.0,0.0,110.34,0.0,71.4,328.0,126.24,763.0,41.496796,41.0
23.0,1.0,0.0,5.0,0.0,27.68,0.0,83.3,378.0,29.49,1423.0,37.903114,39.0
15.0,81.0,4.0,10.0,0.0,49.47,1.0,84.5,376.0,39.85,393.0,51.418037,44.0
2.0,28.0,2.0,8.0,0.0,35.38,1.0,86.9,410.0,30.56,1986.0,60.41291,57.0
21.0,44.0,3.0,5.0,0.0,113.85,0.0,79.9,359.0,128.73,668.0,36.812714,36.0
11.0,91.0,0.0,11.0,0.0,19.96,0.0,66.3,407.0,19.24,1779.0,33.446938,34.0
9.0,26.0,4.0,11.0,0.0,27.67,1.0,50.8,243.0,25.27,729.0,53.4695,57.0
14.0,80.0,6.0,8.0,0.0,35.44,1.0,91.7,451.0,30.35,1262.0,55.046295,48.0
28.0,75.0,4.0,11.0,0.0,104.83,0.0,58.4,173.0,121.29,1077.0,41.89418,37.0
27.0,1.0,0.0,7.0,1.0,45.95,1.0,91.7,42.0,45.87,1973.0,88.240654,76.0
15.0,7.0,1.0,11.0,1.0,135.99,0.0,57.5,18.0,166.14,1746.0,75.68206,75.0
20.0,24.0,6.0,4.0,0.0,141.97,0.0,77.0,186.0,172.13,720.0,40.76947,32.0
11.0,2.0,0.0,6.0,0.0,51.43,0.0,83.3,249.0,45.66,114.0,24.974192,19.0
22.0,87.0,6.0,6.0,0.0,141.03,0.0,86.8,455.0,129.65,1548.0,38.560246,41.0
3.0,70.0,5.0,5.0,0.0,86.06,1.0,90.5,243.0,104.21,113.0,58.254482,61.0
1.0,94.0,2.0,7.0,1.0,101.03,1.0,97.5,170.0,96.15,1336.0,72.879326,80.0
15.0,70.0,2.0,8.0,0.0,33.82,1.0,95.2,154.0,32.94,1316.0,52.672855,45.0
28.0,17.0,3.0,2.0,0.0,6.81,0.0,40.6,317.0,7.21,493.0,29.194437,27.0
4.0,11.0,4.0,4.0,0.0,72.3,1.0,64.4,207.0,78.4,700.0,52.78581,53.0
4.0,59.0,2.0,11.0,0.0,58.82,0.0,67.9,243.0,71.54,849.0,41.37427,36.0
4.0,78.0,2.0,11.0,0.0,63.48,1.0,57.9,351.0,68.62,192.0,52.209656,45.0
10.0,99.0,0.0,10.0,0.0,74.64,0.0,86.0,246.0,62.71,1426.0,34.195267,32.0
19.0,2.0,1.0,3.0,0.0,58.05,1.0,64.2,112.0,74.67,742.0,58.471867,60.0
5.0,51.0,5.0,9.0,0.0,40.4,1.0,87.4,346.0,47.81,620.0,57.41525,65.0
28.0,56.0,1.0,1.0,0.0,58.21,1.0,30.7,237.0,48.72,1185.0,49.485558,50.0
6.0,56.0,5.0,1.0,0.0,49.78,1.0,40.9,313.0,50.59,191.0,64.03885,62.0
24.0,39.0,1.0,1.0,0.0,19.54,1.0,55.7,300.0,18.5,521.0,50.0643,44.0
14.0,90.0,6.0,4.0,0.0,91.6,0.0,78.2,42.0,92.96,232.0,32.328667,30.0
20.0,1.0,0.0,3.0,0.0,140.46,1.0,58.5,133.0,138.74,695.0,45.631187,40.0
27.0,9.0,6.0,10.0,0.0,72.97,1.0,73.3,389.0,69.71,1889.0,58.090885,63.0
18.0,59.0,3.0,5.0,0.0,137.28,0.0,82.6,180.0,159.58,358.0,45.904213,51.0
29.0,52.0,6.0,5.0,0.0,114.6,1.0,85.5,262.0,124.25,1482.0,65.77336,77.0
4.0,10.0,5.0,4.0,0.0,111.59,1.0,62.8,370.0,126.26,1285.0,62.85511,64.0
19.0,86.0,6.0,4.0,0.0,64.27,1.0,56.6,172.0,71.47,1611.0,61.01088,50.0
21.0,97.0,4.0,11.0,0.0,50.11,0.0,51.7,253.0,50.86,977.0,36.167892,36.0
2.0,32.0,3.0,11.0,0.0,67.54,0.0,60.7,156.0,83.64,284.0,45.788754,42.0
11.0,77.0,4.0,3.0,0.0,130.61,0.0,77.5,442.0,111.17,1248.0,25.6716,28.0
17.0,86.0,5.0,3.0,0.0,107.48,0.0,59.1,305.0,88.09,611.0,23.167847,19.0
7.0,96.0,1.0,2.0,0.0,110.0,1.0,52.2,248.0,124.03,1209.0,66.809654,74.0
11.0,8.0,3.0,2.0,0.0,7.53,0.0,36.4,116.0,8.03,1896.0,38.039658,39.0
5.0,77.0,5.0,3.0,0.0,82.13,1.0,54.5,33.0,98.52,792.0,65.83495,60.0
8.0,92.0,2.0,9.0,0.0,85.96,1.0,95.6,155.0,77.22,1338.0,55.140762,51.0
27.0,35.0,6.0,2.0,0.0,23.06,1.0,38.8,415.0,26.81,423.0,53.695404,57.0
8.0,68.0,0.0,11.0,0.0,66.88,1.0,52.7,431.0,66.4,786.0,54.52708,59.0
3.0,63.0,1.0,6.0,0.0,134.58,0.0,98.1,447.0,114.8,1865.0,36.078438,44.0
2.0,71.0,6.0,10.0,0.0,84.86,1.0,71.7,315.0,96.63,809.0,61.227795,57.0
25.0,28.0,5.0,2.0,0.0,14.93,0.0,43.6,217.0,13.6,253.0,25.590754,26.0
3.0,68.0,0.0,10.0,0.0,86.2,1.0,78.3,169.0,74.06,625.0,55.86893,44.0
12.0,77.0,2.0,2.0,0.0,140.17,1.0,51.3,141.0,113.07,1777.0,46.961216,54.0
8.0,85.0,2.0,2.0,0.0,118.75,1.0,42.9,36.0,101.13,1281.0,50.24688,58.0
26.0,48.0,5.0,7.0,0.0,129.85,1.0,105.0,485.0,157.45,737.0,60.676193,50.0
1.0,50.0,2.0,5.0,0.0,97.44,1.0,84.7,21.0,84.38,1305.0,43.24033,37.0
29.0,59.0,3.0,2.0,0.0,78.51,0.0,44.9,313.0,72.49,1677.0,40.889996,40.0
10.0,24.0,2.0,12.0,0.0,25.4,0.0,45.7,422.0,32.44,1630.0,37.156387,40.0
27.0,71.0,3.0,4.0,0.0,88.09,1.0,67.8,277.0,111.99,1683.0,68.10287,64.0
24.0,7.0,3.0,3.0,0.0,119.04,0.0,50.9,472.0,144.96,1610.0,47.17242,48.0
30.0,19.0,5.0,3.0,0.0,114.86,1.0,67.9,24.0,97.63,1122.0,42.54839,45.0
1.0,23.0,2.0,10.0,0.0,41.75,0.0,86.0,479.0,35.66,1111.0,26.116604,26.0
12.0,87.0,6.0,6.0,0.0,109.46,0.0,98.4,229.0,97.21,905.0,30.879772,37.0
4.0,44.0,3.0,9.0,0.0,138.91,0.0,90.2,332.0,142.93,1294.0,34.387817,34.0
14.0,100.0,6.0,2.0,0.0,67.16,1.0,35.8,66.0,84.73,1672.0,65.56404,50.0
4.0,77.0,4.0,6.0,0.0,36.26,0.0,84.2,67.0,45.19,1109.0,38.768982,43.0
8.0,80.0,1.0,12.0,0.0,107.05,0.0,51.8,341.0,89.29,98.0,26.115189,29.0
15.0,21.0,3.0,5.0,0.0,21.47,0.0,76.4,34.0,21.51,1729.0,35.8082,32.0
16.0,73.0,6.0,1.0,0.0,78.75,0.0,68.0,458.0,63.19,1671.0,21.657991,18.0
30.0,98.0,0.0,7.0,1.0,18.79,0.0,89.1,155.0,22.05,1419.0,60.0624,64.0
24.0,43.0,1.0,2.0,0.0,108.09,1.0,53.5,229.0,115.41,490.0,55.880344,44.0
22.0,19.0,5.0,12.0,0.0,9.15,1.0,56.5,124.0,8.12,535.0,58.755974,63.0
13.0,6.0,1.0,4.0,0.0,15.03,1.0,79.6,329.0,14.53,1317.0,53.986538,50.0
8.0,2.0,6.0,10.0,0.0,41.15,1.0,74.9,235.0,41.01,1292.0,56.77541,56.0
14.0,33.0,4.0,3.0,0.0,29.17,1.0,58.9,296.0,23.48,1334.0,51.15766,57.0
22.0,24.0,4.0,1.0,0.0,63.45,1.0,51.3,363.0,61.56,265.0,56.99182,47.0
11.0,81.0,4.0,3.0,0.0,120.17,1.0,61.1,377.0,151.42,1616.0,68.178665,78.0
5.0,56.0,0.0,1.0,0.0,133.93,1.0,46.3,299.0,167.58,1738.0,72.281204,76.0
1.0,18.0,1.0,1.0,0.0,19.92,1.0,38.1,95.0,22.87,1406.0,46.548958,43.0
8.0,74.0,3.0,4.0,0.0,12.44,1.0,85.5,494.0,11.71,407.0,53.53902,48.0
25.0,68.0,3.0,8.0,0.0,15.64,0.0,96.2,423.0,13.56,840.0,27.890028,27.0
13.0,38.0,4.0,7.0,0.0,148.73,1.0,93.4,429.0,182.11,1325.0,68.622025,56.0
13.0,96.0,6.0,1.0,0.0,118.07,0.0,39.4,308.0,119.19,666.0,34.057926,32.0
14.0,23.0,3.0,10.0,0.0,95.88,0.0,74.0,430.0,116.07,896.0,45.349033,44.0
8.0,66.0,5.0,3.0,0.0,115.85,0.0,60.5,274.0,134.48,51.0,43.84308,41.0
13.0,94.0,6.0,10.0,0.0,51.73,0.0,73.1,188.0,64.1,861.0,41.339928,43.0
19.0,10.0,3.0,5.0,0.0,91.37,1.0,95.6,391.0,89.02,1942.0,57.840603,54.0
13.0,51.0,3.0,4.0,0.0,23.67,0.0,59.2,453.0,23.6,1077.0,33.62305,34.0
30.0,11.0,3.0,2.0,0.0,29.6,0.0,55.7,74.0,33.15,627.0,31.84591,31.0
29.0,3.0,6.0,6.0,0.0,69.23,0.0,84.5,424.0,74.01,1809.0,44.783466,47.0
3.0,30.0,1.0,8.0,0.0,92.14,1.0,101.5,20.0,85.5,1143.0,57.414745,56.0
3.0,72.0,4.0,11.0,0.0,26.8,1.0,51.1,328.0,22.78,1433.0,63.18931,63.0
8.0,80.0,2.0,5.0,0.0,64.23,0.0,77.8,340.0,55.93,1938.0,39.942467,40.0
15.0,74.0,2.0,4.0,0.0,19.45,1.0,71.4,169.0,15.8,927.0,50.50339,50.0
20.0,45.0,2.0,2.0,0.0,18.95,0.0,45.4,348.0,21.6,833.0,31.080494,31.0
7.0,18.0,2.0,4.0,0.0,89.17,0.0,73.8,163.0,94.06,914.0,39.26016,42.0
10.0,33.0,3.0,10.0,0.0,41.27,1.0,74.7,26.0,41.37,1539.0,59.59317,54.0
30.0,93.0,0.0,9.0,0.0,109.85,0.0,68.1,226.0,95.08,333.0,25.801647,23.0
17.0,26.0,3.0,8.0,0.0,62.33,1.0,93.2,430.0,66.03,64.0,56.59922,62.0
7.0,48.0,0.0,4.0,0.0,104.18,0.0,51.8,131.0,114.41,612.0,42.877357,42.0
12.0,53.0,2.0,3.0,0.0,36.94,0.0,55.3,220.0,30.65,1231.0,40.014595,43.0
6.0,91.0,2.0,3.0,0.0,57.48,1.0,55.5,157.0,69.39,1772.0,78.10942,61.0
28.0,29.0,3.0,5.0,0.0,58.93,1.0,67.7,63.0,54.49,1797.0,58.99532,56.0
27.0,27.0,6.0,3.0,0.0,36.9,1.0,59.3,414.0,45.74,965.0,58.497993,57.0
26.0,29.0,5.0,3.0,0.0,81.57,0.0,55.4,22.0,105.7,755.0,43.76766,41.0
19.0,89.0,1.0,2.0,0.0,18.56,1.0,44.0,389.0,15.15,1789.0,56.07666,59.0
15.0,33.0,1.0,3.0,0.0,128.34,1.0,51.5,204.0,108.82,1294.0,41.756767,41.0
14.0,90.0,4.0,2.0,0.0,87.08,0.0,57.7,354.0,72.66,324.0,26.546957,24.0
7.0,57.0,3.0,6.0,0.0,93.08,1.0,90.8,127.0,108.73,1593.0,69.18353,71.0
20.0,17.0,2.0,10.0,0.0,15.02,1.0,79.0,52.0,18.9,331.0,41.63745,42.0
16.0,32.0,3.0,3.0,0.0,42.93,0.0,65.5,237.0,40.45,327.0,20.424685,22.0
24.0,54.0,2.0,8.0,0.0,19.98,0.0,80.6,79.0,20.24,634.0,30.367172,33.0
8.0,78.0,3.0,4.0,0.0,143.3,1.0,72.0,265.0,133.19,1629.0,55.79528,50.0
30.0,52.0,4.0,3.0,0.0,53.28,1.0,60.8,55.0,54.48,1309.0,50.072018,46.0
9.0,23.0,2.0,5.0,0.0,12.98,0.0,80.4,202.0,15.4,671.0,32.693626,34.0
2.0,71.0,4.0,2.0,0.0,50.29,1.0,53.0,486.0,54.39,933.0,57.141,60.0
1.0,98.0,4.0,3.0,0.0,87.52,1.0,57.3,326.0,77.86,1782.0,41.47168,50.0
25.0,30.0,0.0,3.0,0.0,50.82,0.0,44.7,195.0,62.72,1818.0,36.139023,41.0
25.0,58.0,5.0,1.0,0.0,55.09,0.0,27.5,45.0,48.33,1370.0,36.418518,36.0
17.0,53.0,4.0,3.0,0.0,34.99,1.0,63.8,167.0,42.17,1001.0,59.406517,65.0
10.0,18.0,3.0,5.0,0.0,21.04,1.0,85.0,415.0,22.64,1597.0,60.143253,72.0
19.0,81.0,2.0,3.0,0.0,102.09,0.0,60.3,381.0,97.82,1745.0,35.902905,33.0
5.0,5.0,5.0,2.0,0.0,13.92,0.0,34.6,209.0,15.57,1596.0,38.57865,39.0
18.0,54.0,4.0,12.0,1.0,69.57,0.0,59.9,38.0,57.26,1979.0,62.89875,67.0
9.0,59.0,0.0,6.0,0.0,17.12,0.0,97.0,433.0,15.16,1299.0,35.603893,33.0
4.0,4.0,1.0,2.0,0.0,97.58,1.0,49.2,101.0,94.01,1692.0,57.79015,47.0
17.0,37.0,2.0,8.0,0.0,56.26,0.0,90.4,253.0,46.33,87.0,28.915648,26.0
22.0,6.0,5.0,12.0,0.0,20.48,1.0,48.8,442.0,22.25,1379.0,61.33451,64.0
17.0,2.0,0.0,1.0,0.0,79.83,0.0,47.6,460.0,83.08,91.0,31.600739,32.0
27.0,1.0,2.0,5.0,0.0,50.81,0.0,75.7,448.0,43.12,673.0,28.876965,30.0
4.0,77.0,6.0,7.0,0.0,124.48,0.0,99.2,371.0,136.16,848.0,42.131813,38.0
1.0,58.0,3.0,3.0,0.0,42.84,0.0,62.6,415.0,43.61,762.0,34.633186,34.0
19.0,91.0,6.0,12.0,0.0,133.1,1.0,57.0,233.0,154.12,1916.0,68.2837,75.0
19.0,92.0,2.0,4.0,0.0,76.57,0.0,70.8,206.0,91.25,977.0,39.32192,38.0
18.0,69.0,0.0,12.0,0.0,120.44,1.0,45.8,385.0,116.2,1101.0,49.92912,55.0
13.0,92.0,4.0,3.0,0.0,113.27,1.0,66.0,181.0,126.17,1905.0,61.429386,57.0
12.0,36.0,4.0,10.0,0.0,21.86,0.0,65.9,337.0,21.81,374.0,39.65108,32.0
11.0,42.0,3.0,5.0,0.0,13.25,1.0,78.0,64.0,13.6,1440.0,53.270233,45.0
12.0,77.0,3.0,9.0,0.0,27.67,0.0,75.2,313.0,26.76,862.0,40.6591,43.0
21.0,86.0,2.0,3.0,0.0,126.63,0.0,55.1,472.0,144.05,870.0,38.280228,40.0
20.0,83.0,3.0,6.0,0.0,44.41,1.0,85.9,99.0,38.58,1127.0,42.68998,36.0
15.0,18.0,0.0,7.0,0.0,31.63,0.0,92.7,15.0,40.41,1045.0,36.09243,35.0
18.0,16.0,5.0,8.0,0.0,91.57,0.0,100.8,58.0,77.26,1539.0,30.49704,33.0
11.0,98.0,4.0,4.0,0.0,129.3,0.0,74.0,114.0,164.64,1876.0,51.643513,59.0
2.0,86.0,3.0,2.0,0.0,63.96,1.0,43.3,250.0,78.21,1329.0,60.60895,60.0
1.0,78.0,2.0,4.0,0.0,134.98,0.0,77.8,331.0,121.84,349.0,19.42607,13.0
26.0,51.0,2.0,5.0,0.0,64.62,0.0,76.5,318.0,55.25,940.0,22.549873,23.0
15.0,82.0,6.0,10.0,0.0,145.42,0.0,76.0,344.0,185.46,207.0,54.296837,53.0
17.0,74.0,1.0,4.0,0.0,28.34,1.0,68.4,117.0,25.44,800.0,49.138344,39.0
28.0,62.0,3.0,4.0,0.0,110.55,1.0,76.0,258.0,97.13,554.0,45.164337,32.0
10.0,9.0,2.0,2.0,0.0,37.33,0.0,46.2,38.0,43.2,134.0,39.347187,34.0
20.0,52.0,5.0,9.0,0.0,17.13,0.0,81.4,229.0,17.81,1467.0,28.273664,30.0
24.0,52.0,4.0,3.0,0.0,27.71,1.0,64.1,152.0,32.95,128.0,47.665737,55.0
21.0,51.0,0.0,7.0,1.0,140.14,0.0,95.9,166.0,144.42,265.0,52.47908,62.0
21.0,81.0,6.0,9.0,0.0,20.5,0.0,84.7,144.0,17.46,1599.0,34.638332,31.0
1.0,89.0,0.0,1.0,0.0,137.09,0.0,43.6,419.0,126.84,604.0,23.422028,20.0
25.0,13.0,4.0,1.0,0.0,141.55,0.0,36.7,207.0,152.41,1307.0,34.642426,33.0
9.0,48.0,4.0,1.0,0.0,146.07,0.0,52.1,199.0,121.09,485.0,26.170864,18.0
5.0,50.0,4.0,3.0,0.0,140.25,1.0,67.7,229.0,125.82,1030.0,43.401066,42.0
9.0,89.0,2.0,10.0,0.0,142.2,0.0,72.1,293.0,125.84,1142.0,29.284113,27.0
28.0,69.0,0.0,1.0,0.0,13.33,1.0,51.0,223.0,14.1,515.0,51.76961,46.0
22.0,5.0,6.0,1.0,0.0,125.05,0.0,40.5,22.0,157.04,868.0,53.205936,56.0
1.0,2.0,4.0,3.0,0.0,35.64,1.0,56.6,452.0,44.93,1202.0,53.750336,56.0
16.0,1.0,5.0,2.0,0.0,35.46,0.0,53.5,436.0,32.89,1083.0,25.191856,16.0
7.0,48.0,5.0,1.0,0.0,81.52,1.0,40.6,396.0,68.81,1539.0,55.367363,56.0
17.0,39.0,4.0,6.0,0.0,72.38,1.0,82.0,389.0,82.32,289.0,55.50762,69.0
11.0,26.0,1.0,6.0,0.0,98.56,0.0,94.8,466.0,101.03,1964.0,42.275726,44.0
10.0,33.0,6.0,9.0,0.0,70.37,0.0,79.5,49.0,81.73,994.0,42.863556,47.0
5.0,48.0,3.0,12.0,0.0,72.33,0.0,58.0,293.0,84.64,1045.0,42.79217,44.0
8.0,54.0,6.0,4.0,0.0,40.33,1.0,68.1,240.0,34.9,429.0,56.873703,44.0
28.0,49.0,1.0,2.0,0.0,16.9,1.0,57.8,242.0,16.1,1570.0,54.69507,66.0
25.0,65.0,0.0,4.0,0.0,135.82,0.0,63.3,241.0,132.61,1975.0,31.450064,28.0
11.0,3.0,5.0,1.0,0.0,103.35,1.0,43.2,212.0,94.82,741.0,48.912262,51.0
24.0,1.0,1.0,2.0,0.0,51.49,1.0,49.1,210.0,42.05,773.0,48.260086,50.0
22.0,36.0,2.0,3.0,0.0,146.56,0.0,68.2,140.0,167.14,1552.0,49.745728,55.0
8.0,24.0,2.0,1.0,0.0,80.55,1.0,52.6,391.0,81.9,1898.0,57.376354,60.0
3.0,86.0,4.0,8.0,0.0,120.47,0.0,97.9,127.0,116.97,1936.0,41.275482,45.0
11.0,49.0,3.0,5.0,0.0,147.07,0.0,84.4,52.0,161.89,1545.0,46.04852,46.0
30.0,46.0,6.0,3.0,0.0,137.8,1.0,55.5,68.0,139.42,1751.0,55.54198,48.0
21.0,27.0,3.0,1.0,0.0,130.56,1.0,46.2,211.0,158.76,1136.0,71.03735,70.0
5.0,88.0,0.0,10.0,0.0,6.77,1.0,74.1,172.0,7.33,1263.0,56.158607,69.0
8.0,37.0,6.0,11.0,0.0,38.04,1.0,70.0,121.0,45.17,445.0,63.2645,74.0
16.0,87.0,4.0,3.0,0.0,70.45,0.0,56.9,221.0,71.55,222.0,24.736332,22.0
29.0,8.0,4.0,12.0,1.0,12.28,0.0,47.9,94.0,11.55,993.0,58.24756,73.0
2.0,87.0,3.0,1.0,0.0,118.04,0.0,52.3,414.0,146.75,1105.0,52.00066,55.0
24.0,45.0,3.0,2.0,0.0,66.67,1.0,50.9,234.0,80.15,249.0,60.49974,68.0
1.0,58.0,5.0,4.0,0.0,88.07,1.0,76.6,282.0,78.46,1390.0,45.975285,47.0
9.0,32.0,3.0,4.0,0.0,19.4,1.0,62.3,261.0,18.3,1001.0,48.83991,55.0
23.0,43.0,5.0,3.0,0.0,100.27,0.0,55.6,456.0,111.7,1464.0,41.82479,41.0
6.0,64.0,5.0,1.0,0.0,114.07,0.0,43.7,426.0,93.43,100.0,32.57257,36.0
23.0,80.0,4.0,3.0,0.0,72.39,1.0,46.8,152.0,72.46,984.0,57.38454,53.0
23.0,39.0,5.0,3.0,0.0,51.86,0.0,46.5,26.0,43.86,1517.0,35.176296,35.0
26.0,46.0,5.0,1.0,0.0,76.74,1.0,44.0,280.0,99.05,1242.0,50.847725,61.0
20.0,99.0,3.0,3.0,0.0,82.08,0.0,51.6,40.0,69.23,187.0,17.616743,15.0
20.0,94.0,2.0,6.0,0.0,82.63,1.0,87.8,312.0,67.82,1147.0,44.092453,39.0
3.0,31.0,5.0,12.0,0.0,145.74,0.0,45.0,17.0,153.39,139.0,44.22169,44.0
23.0,39.0,6.0,3.0,0.0,66.49,0.0,49.7,10.0,63.04,1558.0,36.97323,39.0
20.0,71.0,0.0,10.0,0.0,53.93,0.0,76.8,143.0,67.9,1646.0,34.280262,28.0
11.0,68.0,5.0,4.0,0.0,76.41,0.0,84.5,108.0,71.9,834.0,27.548468,32.0
16.0,58.0,0.0,9.0,0.0,29.3,1.0,80.9,225.0,30.3,1937.0,52.10389,48.0
14.0,63.0,2.0,2.0,0.0,52.54,0.0,56.0,237.0,53.02,1674.0,39.481224,42.0
6.0,71.0,0.0,3.0,0.0,141.06,0.0,60.2,208.0,116.61,1003.0,30.428968,31.0
8.0,9.0,3.0,11.0,0.0,141.72,1.0,49.9,29.0,133.62,817.0,58.97494,46.0
1.0,39.0,3.0,9.0,0.0,93.28,1.0,88.2,34.0,88.5,932.0,48.51205,54.0
7.0,14.0,0.0,9.0,0.0,66.32,0.0,76.6,28.0,56.32,184.0,31.936846,35.0
18.0,23.0,6.0,1.0,0.0,47.43,0.0,53.2,170.0,48.18,1822.0,42.214073,44.0
26.0,23.0,2.0,6.0,0.0,42.94,0.0,89.7,442.0,46.3,507.0,28.054598,32.0
7.0,51.0,4.0,3.0,0.0,23.32,0.0,60.2,58.0,20.39,229.0,35.788483,37.0
23.0,52.0,0.0,8.0,0.0,43.44,1.0,89.9,213.0,39.09,243.0,53.116173,61.0
7.0,86.0,0.0,6.0,0.0,94.81,0.0,97.8,176.0,108.44,750.0,46.211014,43.0
6.0,2.0,3.0,4.0,0.0,14.14,1.0,69.4,132.0,15.21,860.0,57.24742,62.0
16.0,91.0,1.0,8.0,0.0,111.46,1.0,95.4,383.0,118.84,1877.0,50.731144,55.0
22.0,40.0,4.0,11.0,1.0,132.91,1.0,43.1,139.0,117.91,172.0,72.396255,74.0
11.0,44.0,3.0,5.0,0.0,21.06,1.0,73.9,60.0,26.41,1036.0,52.430977,60.0
20.0,26.0,2.0,4.0,0.0,117.84,0.0,88.0,314.0,122.66,992.0,35.68959,36.0
25.0,44.0,0.0,10.0,0.0,28.72,1.0,62.0,109.0,30.92,1762.0,50.52214,53.0
15.0,57.0,3.0,9.0,0.0,62.82,0.0,79.8,210.0,80.79,1496.0,47.39502,47.0
14.0,29.0,0.0,12.0,0.0,31.11,1.0,40.2,56.0,33.89,1020.0,58.26755,60.0
12.0,5.0,1.0,11.0,1.0,53.94,1.0,51.5,259.0,67.91,906.0,87.67961,108.0
11.0,24.0,2.0,1.0,0.0,110.08,0.0,33.0,469.0,129.71,900.0,40.485664,39.0
12.0,13.0,5.0,1.0,0.0,88.79,1.0,38.3,207.0,75.28,1674.0,50.700733,59.0
30.0,6.0,1.0,4.0,0.0,149.7,0.0,66.4,12.0,148.94,1275.0,37.71147,29.0
12.0,4.0,3.0,11.0,1.0,31.51,1.0,43.5,43.0,40.62,548.0,79.302414,94.0
20.0,35.0,2.0,9.0,0.0,98.1,1.0,81.9,392.0,91.68,1285.0,47.671417,49.0
21.0,94.0,5.0,4.0,0.0,26.16,0.0,78.4,498.0,24.25,878.0,35.67784,36.0
9.0,47.0,5.0,4.0,0.0,145.05,1.0,68.8,481.0,138.23,1450.0,51.171185,45.0
8.0,21.0,6.0,11.0,0.0,97.61,0.0,57.4,87.0,103.2,1369.0,40.00341,41.0
20.0,59.0,4.0,12.0,0.0,73.51,0.0,41.0,30.0,94.48,982.0,37.67644,44.0
8.0,93.0,4.0,4.0,0.0,70.59,1.0,81.0,459.0,87.6,460.0,66.9015,64.0
9.0,72.0,1.0,3.0,0.0,112.35,1.0,53.8,129.0,102.93,282.0,44.740013,58.0
29.0,82.0,0.0,4.0,0.0,16.62,1.0,68.7,429.0,19.52,1961.0,69.786064,56.0
10.0,72.0,6.0,11.0,0.0,80.99,1.0,36.7,334.0,69.27,755.0,52.7487,51.0
16.0,58.0,5.0,5.0,0.0,129.23,1.0,91.7,320.0,127.02,148.0,48.370827,46.0
12.0,63.0,1.0,12.0,0.0,87.27,0.0,58.4,158.0,86.29,1351.0,41.91725,38.0
17.0,25.0,4.0,7.0,1.0,14.6,1.0,108.5,314.0,18.15,1503.0,77.060555,90.0
8.0,56.0,4.0,7.0,0.0,64.92,1.0,93.3,283.0,72.0,1309.0,60.45077,60.0
28.0,33.0,0.0,7.0,1.0,95.88,1.0,85.9,71.0,88.4,713.0,78.75499,85.0
9.0,99.0,5.0,7.0,0.0,48.23,1.0,95.7,183.0,62.53,998.0,61.30237,62.0
12.0,93.0,2.0,4.0,0.0,114.68,0.0,72.5,249.0,92.95,996.0,27.787289,33.0
14.0,67.0,6.0,4.0,0.0,20.84,0.0,59.6,192.0,21.61,1231.0,34.507706,36.0
22.0,31.0,5.0,2.0,0.0,143.35,0.0,51.1,327.0,184.16,1931.0,59.116386,69.0
4.0,60.0,4.0,4.0,0.0,18.75,1.0,70.1,435.0,16.32,811.0,47.57052,53.0
27.0,55.0,4.0,12.0,0.0,19.79,0.0,48.7,84.0,22.62,1745.0,41.34627,39.0
20.0,94.0,6.0,1.0,0.0,16.12,0.0,34.2,410.0,13.81,76.0,27.589657,26.0
24.0,33.0,6.0,3.0,0.0,7.29,0.0,55.1,465.0,6.55,1629.0,34.12594,38.0
27.0,77.0,0.0,3.0,0.0,124.84,0.0,58.9,75.0,110.48,1856.0,29.094788,39.0
27.0,81.0,4.0,9.0,0.0,10.02,0.0,91.0,91.0,11.34,1151.0,38.714184,42.0
24.0,1.0,1.0,6.0,0.0,110.58,1.0,91.0,72.0,108.57,1114.0,52.39942,46.0
9.0,71.0,0.0,5.0,0.0,60.34,1.0,79.8,294.0,51.89,855.0,43.285595,60.0
20.0,31.0,6.0,2.0,0.0,81.67,0.0,58.7,293.0,71.4,1340.0,29.353424,26.0
19.0,19.0,3.0,11.0,1.0,143.99,1.0,46.8,455.0,136.43,913.0,74.42074,77.0
1.0,59.0,4.0,4.0,0.0,93.34,1.0,48.5,69.0,102.69,1508.0,57.627724,55.0
12.0,10.0,4.0,3.0,0.0,132.4,0.0,53.7,173.0,121.2,272.0,30.105265,35.0
2.0,47.0,4.0,5.0,0.0,102.13,1.0,88.1,469.0,117.57,923.0,64.21889,81.0
24.0,24.0,6.0,4.0,0.0,69.98,1.0,73.7,445.0,84.85,554.0,54.42991,58.0
22.0,21.0,0.0,3.0,0.0,99.04,1.0,59.0,379.0,108.96,1969.0,63.34962,61.0
21.0,79.0,1.0,9.0,0.0,130.19,0.0,89.6,300.0,158.26,1321.0,45.9817,48.0
26.0,5.0,6.0,10.0,0.0,139.69,1.0,72.5,89.0,178.59,1135.0,62.4325,75.0
7.0,80.0,3.0,1.0,0.0,26.11,0.0,48.6,322.0,29.56,203.0,40.369526,38.0
17.0,32.0,2.0,12.0,1.0,136.64,0.0,51.1,348.0,125.3,973.0,50.275734,50.0
19.0,91.0,5.0,1.0,0.0,63.39,1.0,59.2,487.0,79.25,1759.0,59.456123,71.0
6.0,32.0,2.0,8.0,0.0,147.09,1.0,85.9,70.0,153.19,1457.0,65.749596,64.0
13.0,20.0,5.0,10.0,0.0,65.23,1.0,63.4,349.0,52.35,1969.0,48.148197,56.0
27.0,75.0,2.0,9.0,0.0,19.54,0.0,93.8,217.0,19.56,190.0,33.848816,34.0
11.0,74.0,6.0,7.0,0.0,39.34,0.0,93.8,144.0,42.96,1709.0,37.048256,28.0
4.0,51.0,1.0,1.0,0.0,88.31,0.0,38.0,76.0,108.7,1385.0,46.0343,42.0
20.0,44.0,4.0,10.0,0.0,39.6,1.0,81.1,90.0,32.63,239.0,43.522945,32.0
29.0,72.0,5.0,3.0,0.0,6.02,1.0,48.3,213.0,5.46,786.0,59.14527,67.0
